landslide,slope,aspect,elevation,curvature,twi,rainfall,ndvi,soil_type,lithology,lulc,dist_roads,dist_streams,dist_faults
0,26.16,90.33,1126.0,-0.311,5.674,2087.3,0.761,Cambisols,Shale,Forest,1088.61,240.96,7.71
0,40.51,202.07,1832.0,-2.043,5.564,2301.9,0.99,Cambisols,Quartzite,Forest,739.78,287.3,3722.07
0,54.54,163.6,1514.0,-0.666,5.683,2200.5,0.636,Leptosols,Phyllite,Scrub,4028.7,308.26,8757.09
0,13.7,185.13,2728.0,0.282,4.247,1529.6,0.646,Cambisols,Granite,Grassland,342.86,1035.06,1175.23
1,32.83,81.17,494.0,-1.307,5.61,2429.7,0.687,Regosols,Limestone,Forest,193.11,382.71,13043.0
0,21.66,97.31,2013.0,2.037,5.471,2279.6,0.584,Cambisols,Phyllite,Scrub,239.21,97.54,3053.91
0,29.84,251.24,2229.0,1.527,3.801,2108.2,0.759,Cambisols,Granite,Scrub,483.53,423.5,692.88
1,22.66,219.91,1610.0,1.115,4.738,2288.3,0.713,Regosols,Shale,Forest,11.57,91.48,176.29
0,6.6,233.32,485.0,-0.811,6.797,,0.819,Fluvisols,Alluvium,Forest,165.28,850.02,3837.31
0,44.0,302.74,4038.0,-1.334,6.978,1310.2,-0.075,Leptosols,Gneiss,Snow,2509.74,19.77,4101.82
0,54.33,22.27,1709.0,1.209,2.597,1706.0,0.492,Cambisols,Granite,Agriculture,505.65,661.98,1790.17
1,32.44,99.41,1975.0,1.266,2.653,2200.5,0.823,Regosols,Quartzite,Agriculture,999.5,553.73,1557.4
1,29.17,1.28,1857.0,-0.982,7.462,1954.2,0.81,Cambisols,Shale,Scrub,2526.44,153.56,9329.38
1,27.61,31.03,875.0,-1.415,7.426,2087.3,0.765,Cambisols,Shale,Forest,5998.2,56.97,1256.46
1,36.62,187.48,1197.0,-0.949,6.417,2200.5,0.834,Leptosols,Shale,Scrub,1404.27,181.61,116.45
0,44.88,281.94,2187.0,1.394,5.615,1706.0,0.299,Regosols,Quartzite,Agriculture,781.49,572.4,478.68
0,59.8,99.57,1581.0,-5.607,5.402,1743.9,0.716,Cambisols,Limestone,Forest,499.09,255.96,737.83
0,15.72,307.3,2849.0,2.956,5.463,1371.6,0.376,Leptosols,Gneiss,Grassland,3465.11,174.67,8834.43
1,33.3,42.13,1985.0,-0.927,5.144,2201.8,0.878,Leptosols,Shale,Forest,412.98,233.78,1805.56
0,17.33,10.98,1696.0,-0.19,5.668,1964.3,0.588,Leptosols,Quartzite,Forest,672.73,605.31,4479.81
1,34.7,12.27,904.0,-0.862,7.377,2279.6,0.695,,Quartzite,Scrub,834.41,92.21,3083.71
0,35.56,51.73,2387.0,0.92,5.201,2108.2,0.402,Cambisols,Phyllite,Agriculture,604.74,915.23,2409.21
1,33.21,126.83,1974.0,-3.069,6.363,2075.6,0.392,Leptosols,Phyllite,Agriculture,120.94,392.3,2895.46
0,33.56,56.6,4509.0,0.674,3.959,1310.2,0.696,Cambisols,Gneiss,Forest,8266.83,735.61,2844.48
0,20.42,334.17,1715.0,-2.298,6.724,1939.8,0.872,Cambisols,Limestone,Forest,1497.37,183.62,14655.14
1,13.44,148.07,2033.0,-0.707,7.506,2288.3,0.888,Leptosols,Phyllite,Forest,325.4,46.85,691.94
1,31.21,309.85,1696.0,1.405,3.857,1939.8,0.826,Leptosols,Shale,Agriculture,162.11,659.78,10798.33
1,35.75,329.72,1733.0,0.651,3.583,2301.9,0.287,Leptosols,Shale,Agriculture,747.23,115.62,4305.01
0,17.13,108.95,2048.0,-2.102,7.732,1939.8,0.9,Cambisols,Schist,Scrub,654.48,82.65,565.02
0,36.02,91.25,1534.0,2.137,3.965,1270.7,-0.306,Leptosols,Gneiss,Barren,3049.0,1352.54,2282.88
1,35.69,282.43,1618.0,-4.122,5.854,1743.9,0.966,Regosols,Granite,Forest,527.77,78.75,2649.53
0,48.93,17.75,1456.0,-0.615,6.919,1310.2,-0.123,Leptosols,Quartzite,Barren,621.88,24.8,1014.1
1,26.72,39.04,2213.0,-1.141,5.125,2279.6,0.805,Leptosols,Granite,Agriculture,93.67,504.92,363.77
0,3.67,221.01,192.0,0.616,7.882,1333.1,0.493,Fluvisols,Alluvium,Agriculture,58.25,113.08,11006.03
0,1.65,202.26,225.0,-0.182,7.516,1618.8,0.376,Cambisols,Alluvium,Agriculture,9.52,130.16,8432.83
0,28.52,218.9,1492.0,0.68,5.962,2301.9,0.668,Regosols,Shale,Agriculture,1324.33,388.71,249.11
0,54.98,84.66,1044.0,1.242,3.24,2041.1,0.657,Cambisols,Sandstone,Scrub,252.34,361.45,6053.25
1,41.19,50.14,2730.0,-4.343,6.673,2301.9,0.086,Cambisols,,Builtup,141.47,278.2,4036.1
1,27.53,158.16,1541.0,-1.717,8.107,2200.5,0.038,Cambisols,Phyllite,Barren,985.29,43.39,15478.78
1,36.83,130.83,1511.0,0.711,7.045,1455.6,0.736,Cambisols,Shale,Forest,481.44,5.51,4247.26
0,25.81,268.67,3243.0,-0.208,7.235,1031.6,-0.192,Leptosols,Granite,Barren,4570.89,16.39,6454.45
0,43.18,198.76,3557.0,3.227,5.184,1235.5,0.018,Leptosols,Gneiss,Barren,1563.45,959.91,5155.59
0,20.66,76.38,3082.0,-2.017,7.843,1270.7,0.545,Leptosols,Gneiss,Grassland,9345.24,171.69,209.93
1,40.27,79.87,1569.0,-3.411,6.635,2288.3,0.707,Cambisols,Phyllite,Forest,2756.05,147.17,220.46
0,27.56,87.13,1034.0,1.963,5.105,1809.4,0.812,Luvisols,Sandstone,Forest,4337.75,7.09,1770.34
0,29.48,145.72,1489.0,-3.533,7.742,2195.0,0.654,Luvisols,Sandstone,Forest,3080.88,52.87,30.85
1,30.94,62.19,1786.0,-5.235,9.602,1801.2,0.131,Leptosols,Limestone,Barren,1642.64,81.32,754.3
0,5.97,119.62,609.0,-1.396,8.039,1691.4,0.59,Fluvisols,Alluvium,Agriculture,77.83,451.19,5029.56
0,23.47,63.23,180.0,-0.771,6.184,1982.4,1.0,Luvisols,Sandstone,Forest,980.24,239.07,1019.02
0,8.56,104.41,918.0,-0.455,7.07,2087.3,0.717,Cambisols,Sandstone,Forest,6823.83,125.43,57.62
0,20.26,100.5,1201.0,2.422,4.622,1352.4,0.837,Cambisols,Phyllite,Forest,247.14,499.31,2141.44
1,27.11,229.43,1617.0,-3.672,6.394,1964.2,0.649,Regosols,Phyllite,Scrub,411.23,97.97,2803.91
1,30.4,64.62,1231.0,1.963,4.721,2151.2,0.711,Leptosols,Schist,Grassland,73.36,228.25,1147.79
1,50.49,231.82,1404.0,-0.519,6.684,2108.3,0.807,Cambisols,Phyllite,Scrub,709.59,42.49,961.96
0,18.33,274.36,2120.0,3.141,4.598,1352.4,0.524,Cambisols,Shale,Agriculture,315.5,361.58,1533.16
0,27.92,63.17,2948.0,0.339,4.652,1132.9,-0.205,Leptosols,Gneiss,Barren,3219.67,278.07,1621.29
1,25.48,210.98,1542.0,-1.235,6.277,1921.7,0.966,Regosols,Phyllite,Forest,268.11,123.81,2205.5
1,32.49,62.84,2027.0,-2.597,7.159,2279.6,0.731,Leptosols,Limestone,Forest,843.87,170.72,244.02
1,22.62,173.26,1502.0,-0.251,8.151,2151.2,1.0,Cambisols,Shale,Scrub,35.83,45.99,7320.76
0,9.37,59.39,1018.0,1.354,8.703,2000.6,0.885,Cambisols,Shale,Scrub,1473.31,458.03,4931.22
1,27.21,64.4,1589.0,-2.196,6.741,2201.8,0.85,Cambisols,Quartzite,Forest,97.23,274.56,1897.13
0,24.27,13.59,1598.0,-0.896,6.44,1761.1,0.554,Leptosols,Shale,Forest,288.49,68.75,3107.76
0,11.93,248.71,441.0,-0.3,7.183,1432.6,0.596,Fluvisols,Alluvium,Agriculture,70.14,35.18,19335.34
1,36.28,142.14,1037.0,-1.085,6.243,2279.6,1.0,Cambisols,Schist,Scrub,1217.39,151.67,160.28
1,31.86,234.6,538.0,0.618,5.246,2087.3,0.921,Cambisols,Shale,Forest,242.03,605.18,219.37
1,45.08,83.74,1249.0,-1.121,5.786,1939.8,0.627,Cambisols,Limestone,Forest,3902.49,35.23,4516.03
0,22.95,32.18,1790.0,-2.166,8.159,1214.1,0.552,Cambisols,Quartzite,Grassland,6964.3,94.29,4276.52
1,24.03,265.31,1498.0,-1.682,7.683,2200.5,0.806,Regosols,Phyllite,Scrub,68.04,22.69,1872.24
0,22.64,260.49,1058.0,-1.417,6.857,1954.2,0.3,Cambisols,Limestone,Barren,265.63,160.46,9212.94
0,38.99,94.08,5555.0,-2.069,7.633,1132.9,0.02,Leptosols,Schist,Snow,480.6,70.43,11074.21
1,19.54,202.85,1784.0,-3.092,8.498,1477.7,0.759,Luvisols,Phyllite,Forest,151.22,34.16,313.25
0,50.94,314.49,1584.0,-1.342,3.741,2288.3,0.744,Regosols,Quartzite,Forest,489.93,397.68,3629.61
1,33.21,177.15,1383.0,0.692,4.542,1921.7,0.218,Regosols,Schist,Agriculture,120.47,994.3,324.45
0,0.9,-1.0,421.0,1.236,9.257,1432.6,0.435,Fluvisols,Alluvium,Agriculture,255.29,1130.22,10201.57
0,22.01,344.91,500.0,0.421,6.175,2238.0,0.647,,Shale,Forest,1985.08,81.29,101.96
0,1.95,39.87,261.0,0.331,8.717,1432.6,0.453,Cambisols,Alluvium,Agriculture,460.81,17.24,6218.31
1,31.3,258.13,1146.0,-0.302,6.615,1352.4,0.526,Cambisols,Quartzite,Agriculture,11.6,82.48,22.79
0,12.62,138.02,2128.0,-2.26,6.045,2108.3,0.874,Regosols,Quartzite,Forest,436.36,827.58,1626.3
1,25.58,214.76,1582.0,0.78,3.605,1352.4,0.546,Leptosols,Quartzite,Agriculture,433.04,863.1,1987.8
0,19.99,283.06,4033.0,0.422,6.413,1245.1,-0.056,Regosols,Quartzite,Snow,228.22,520.96,3420.35
1,41.59,82.76,1450.0,-2.813,6.141,2075.6,0.487,Cambisols,Shale,Agriculture,1033.83,602.87,2042.59
1,35.89,136.64,1495.0,-3.352,7.75,2200.5,0.576,Cambisols,Limestone,Agriculture,608.62,131.67,4487.26
0,11.05,329.79,3260.0,-1.942,7.606,1245.1,-0.261,Leptosols,Schist,Barren,10164.8,390.86,14575.24
0,10.81,351.39,1095.0,-0.345,8.952,2087.3,0.476,Luvisols,Sandstone,Forest,12885.18,11.61,1662.42
1,35.38,190.18,1883.0,1.549,6.204,1979.2,0.405,Regosols,Shale,Builtup,98.6,1849.73,146.98
0,27.72,313.59,983.0,-1.149,5.581,1964.2,0.441,Cambisols,Phyllite,Agriculture,342.79,459.77,2711.88
0,7.15,99.25,328.0,-1.103,6.857,1651.8,0.688,Cambisols,Alluvium,Forest,38.69,335.75,11186.06
0,7.81,111.87,723.0,1.449,6.486,2000.6,0.846,Cambisols,Shale,Forest,7299.76,1855.88,1905.02
0,36.07,314.31,2005.0,-0.503,7.172,1763.3,0.593,Regosols,Phyllite,Agriculture,1324.8,26.71,34.13
0,0.67,-1.0,233.0,0.998,9.062,1691.4,0.857,Cambisols,Alluvium,Forest,309.74,339.85,12430.28
1,67.09,352.03,2022.0,-10.13,6.815,2301.9,0.354,Luvisols,Phyllite,Grassland,272.06,9.72,462.63
1,17.73,323.4,1222.0,-1.38,6.286,2301.9,0.807,Cambisols,Phyllite,Scrub,376.68,606.1,1656.8
1,20.97,39.59,1546.0,-0.081,7.316,2331.4,0.672,Cambisols,Sandstone,Agriculture,383.09,62.41,2992.42
0,29.41,71.62,1154.0,4.061,5.49,2429.7,0.957,Cambisols,Quartzite,Forest,415.78,370.41,4068.86
0,37.77,193.89,3404.0,2.588,7.345,1102.0,0.372,,Gneiss,Grassland,543.71,104.9,243.22
1,24.81,17.53,1687.0,0.922,5.867,2200.5,0.91,Regosols,Limestone,Forest,1201.8,408.54,1809.17
0,36.41,249.45,692.0,1.574,4.325,1964.3,0.957,Regosols,Limestone,Scrub,762.38,492.69,1180.28
1,44.01,245.53,1678.0,1.041,3.79,2288.3,0.532,Leptosols,Shale,Agriculture,62.14,727.58,3997.17
0,47.39,146.69,3287.0,-2.125,5.172,1371.6,0.619,Regosols,Gneiss,Grassland,2283.53,735.3,1418.82
0,0.7,-1.0,180.0,-1.136,10.316,1348.6,0.576,Fluvisols,Alluvium,Builtup,31.86,36.56,16287.96
0,23.01,193.91,802.0,2.442,5.907,2075.6,0.684,Cambisols,Quartzite,Agriculture,5.1,60.16,1146.12
0,28.08,24.89,983.0,1.011,4.826,1777.2,0.807,,Schist,Forest,945.38,482.04,68.44
1,29.31,247.18,957.0,1.143,4.564,1964.2,0.653,,Phyllite,Scrub,1137.92,589.23,942.17
0,14.52,145.04,1382.0,1.274,5.927,2151.2,0.892,Cambisols,Quartzite,Forest,700.91,192.89,3570.31
1,32.23,282.88,1264.0,1.272,5.113,2301.9,0.166,Regosols,Shale,Water,350.9,311.81,1222.97
1,25.38,25.73,1479.0,-4.793,8.834,1921.7,0.583,Regosols,Quartzite,Scrub,1935.37,26.92,450.57
0,57.14,89.17,4248.0,-3.557,6.472,1459.2,-0.151,Cambisols,Granite,Barren,5149.47,183.79,986.83
0,22.44,43.96,2167.0,-0.802,5.716,1455.6,0.572,Cambisols,Granite,Agriculture,368.75,210.1,3954.19
1,35.72,127.2,2110.0,-4.215,6.94,1502.9,0.855,Cambisols,Phyllite,Forest,1188.58,14.03,10132.6
1,17.43,287.13,1251.0,-0.862,7.782,2345.3,0.537,Luvisols,Shale,Scrub,459.28,155.15,2397.48
1,31.53,36.53,5055.0,-0.84,7.932,1429.8,-0.044,Leptosols,Schist,Barren,8093.95,135.09,3302.69
0,11.94,27.07,1668.0,1.669,8.091,2301.9,0.572,Leptosols,Shale,Forest,778.72,44.04,2576.48
1,33.94,97.18,1738.0,-3.009,6.222,2429.7,0.589,Leptosols,Limestone,Scrub,279.35,19.1,919.91
0,63.26,47.8,1934.0,-1.73,5.136,1492.1,0.649,Regosols,Phyllite,Forest,171.85,312.53,214.61
0,7.3,321.76,336.0,-2.131,7.412,1299.0,0.608,Fluvisols,Alluvium,Agriculture,270.26,340.16,19105.61
0,27.96,16.69,4319.0,-0.55,5.524,1213.9,0.776,Leptosols,Gneiss,Forest,2499.47,163.61,5885.5
0,21.09,266.0,684.0,0.249,4.107,2087.3,0.087,Cambisols,Sandstone,Builtup,907.2,182.42,368.63
0,27.5,336.78,4378.0,-1.297,7.456,1132.9,-0.234,Leptosols,Quartzite,Snow,2644.42,10.44,8432.67
0,38.53,220.26,547.0,0.495,5.694,1982.4,0.649,Cambisols,Sandstone,Scrub,245.72,983.05,546.08
0,19.08,173.14,2199.0,-0.023,3.474,1966.5,0.402,Cambisols,Quartzite,Agriculture,1544.83,481.14,135.94
0,39.49,54.96,3707.0,-3.046,3.985,1312.7,-0.248,Regosols,Granite,Barren,9621.24,1037.57,11801.06
0,39.11,354.23,1623.0,5.866,2.395,1966.5,0.825,Cambisols,Limestone,Forest,2480.77,2057.63,3399.94
1,40.7,195.41,1936.0,-2.086,5.789,2151.2,0.667,Cambisols,Shale,Agriculture,391.13,260.12,1625.7
1,35.41,76.89,1419.0,-1.779,5.15,1982.4,0.264,Regosols,Sandstone,Builtup,349.33,444.44,248.4
0,48.7,301.12,2107.0,-1.064,4.47,1954.2,0.66,Regosols,Quartzite,Agriculture,630.77,66.76,5222.82
1,27.44,314.15,1887.0,0.983,5.316,1979.2,0.903,Cambisols,Shale,Forest,34.22,474.5,3900.45
0,22.72,134.57,2120.0,-3.212,7.33,1979.2,0.95,Regosols,Phyllite,Forest,1877.97,3.01,490.78
1,31.47,271.13,1221.0,-1.759,7.492,1743.9,0.964,Cambisols,Schist,Scrub,812.8,147.23,2991.35
0,24.68,4.56,4039.0,0.018,6.209,1514.4,-0.207,Regosols,Quartzite,Barren,2065.02,255.41,6906.92
1,33.23,272.21,1577.0,-4.464,6.842,1214.1,0.794,,Schist,Forest,773.51,134.34,1051.32
0,22.49,232.64,2274.0,-1.715,7.056,1492.1,0.6,Cambisols,Schist,Forest,1305.75,38.61,1966.17
1,34.06,45.22,2068.0,-5.333,7.822,1954.2,0.764,Cambisols,Quartzite,Forest,136.87,177.26,613.79
0,24.57,54.95,1892.0,0.649,5.105,1801.2,0.908,Luvisols,Quartzite,Forest,1155.02,175.75,7767.33
0,19.47,191.06,879.0,0.221,5.168,2000.6,0.441,Luvisols,Sandstone,Agriculture,236.11,504.67,436.91
0,53.02,150.46,1994.0,2.201,3.548,1141.7,-0.045,Leptosols,Quartzite,Barren,574.57,1888.15,3248.77
1,20.79,226.85,879.0,1.422,5.36,2345.3,0.557,Regosols,Shale,Agriculture,2429.79,759.68,3417.25
0,40.75,31.97,2692.0,-1.792,5.509,1761.1,0.261,Cambisols,Shale,Agriculture,434.2,29.91,665.17
1,73.81,51.26,1645.0,-1.401,4.399,2301.9,0.172,Leptosols,Shale,Builtup,197.82,105.22,4268.91
1,18.21,261.19,2642.0,-1.257,7.762,2200.5,0.975,Regosols,Quartzite,Scrub,220.93,30.33,807.6
0,29.69,112.21,1605.0,1.026,5.399,1801.2,0.782,Cambisols,Schist,Forest,1233.25,134.41,802.28
1,36.47,23.17,1661.0,-4.63,8.487,1812.7,0.846,Cambisols,Schist,Forest,366.21,6.82,255.95
1,25.31,162.86,2036.0,-2.351,7.169,2075.6,0.587,Regosols,Shale,Agriculture,22.23,18.6,6197.31
0,18.81,24.52,2304.0,0.341,5.753,1270.7,-0.21,Cambisols,Schist,Barren,11173.59,114.26,10752.3
0,29.64,225.84,2108.0,-1.972,4.093,1213.9,0.693,Leptosols,Gneiss,Grassland,6699.59,356.41,1751.44
0,1.05,186.48,239.0,-1.094,10.279,1879.0,0.742,Fluvisols,Alluvium,Agriculture,121.53,36.74,16250.51
1,41.74,97.72,1777.0,3.363,2.874,2301.9,0.295,Leptosols,Limestone,Agriculture,44.24,629.96,1626.74
0,51.98,124.64,834.0,-2.672,4.951,1966.5,0.576,Cambisols,Granite,Forest,582.58,385.83,1965.07
1,37.63,141.31,1278.0,1.666,5.747,1804.3,0.434,Regosols,Sandstone,Builtup,105.34,191.34,2424.2
1,15.52,200.37,1394.0,-0.294,6.386,1812.7,0.231,Leptosols,Shale,Agriculture,212.33,10.16,1683.43
0,26.98,196.82,4949.0,-0.293,6.135,1310.2,0.382,Regosols,Granite,Grassland,3009.28,547.09,7281.18
0,35.96,332.89,2927.0,-0.138,6.806,1514.4,-0.094,Regosols,Gneiss,Barren,3560.61,184.17,331.34
0,16.73,322.64,1663.0,2.33,5.648,1502.9,-0.071,Cambisols,Phyllite,Barren,1101.54,221.42,347.72
1,35.69,204.17,1904.0,-3.357,6.324,2108.3,0.317,Cambisols,Schist,Builtup,161.15,77.69,2523.19
0,31.99,166.96,2094.0,-2.198,5.26,1502.9,0.74,Luvisols,Schist,Scrub,1274.91,1294.5,6046.67
0,25.82,28.92,1268.0,-0.475,6.126,1812.7,0.692,Luvisols,Limestone,Forest,653.15,65.23,8274.7
0,54.49,106.01,5454.0,-1.002,5.867,1132.9,0.209,Regosols,Gneiss,Grassland,1780.52,112.02,13053.8
1,36.23,226.57,794.0,-1.126,6.188,1845.5,0.953,Cambisols,Shale,Forest,1733.46,489.24,1555.77
1,24.26,108.39,1098.0,-4.158,6.902,2279.6,0.871,Leptosols,Phyllite,Scrub,105.03,79.99,7246.64
0,16.82,343.37,928.0,-2.831,7.034,2087.3,0.549,Regosols,Sandstone,Agriculture,1924.64,154.48,3072.98
0,16.45,298.3,3890.0,1.631,5.004,1132.9,-0.064,Cambisols,Granite,Barren,3765.12,1137.54,2633.94
0,26.93,19.73,3301.0,2.446,5.373,1270.7,0.574,Leptosols,Schist,Forest,14268.08,2672.85,1543.76
0,16.3,319.04,2148.0,-0.615,5.515,1529.6,0.713,Leptosols,Limestone,Scrub,11.26,595.43,5251.76
0,15.52,199.43,1049.0,-0.586,6.473,2087.3,0.915,Cambisols,Sandstone,Forest,2058.84,647.17,1649.72
1,27.19,351.93,1195.0,-3.276,7.274,2041.1,0.435,Luvisols,Sandstone,Agriculture,363.55,44.35,35.75
0,28.2,315.72,939.0,-3.365,6.697,2238.0,0.767,Regosols,Shale,Scrub,31.2,115.28,3352.98
0,3.18,354.3,236.0,0.403,7.871,1618.8,0.421,Fluvisols,Alluvium,Agriculture,370.35,168.69,4250.66
0,1.64,162.53,276.0,0.168,8.497,1333.1,0.466,Cambisols,Alluvium,Agriculture,86.84,999.66,926.37
0,40.95,98.01,1761.0,1.745,6.639,1680.2,0.364,Cambisols,Granite,Agriculture,114.2,163.44,585.11
0,38.09,231.93,1591.0,1.725,4.824,1939.8,0.815,Leptosols,Shale,Scrub,1510.55,1069.65,5877.06
0,25.08,333.68,929.0,1.562,6.028,2345.3,0.766,Luvisols,Sandstone,Scrub,1589.55,568.88,2435.42
0,57.87,245.77,1662.0,-3.472,4.491,2429.7,1.0,Cambisols,Schist,Forest,2110.94,609.14,989.26
0,25.35,216.2,862.0,-1.54,8.128,1804.3,0.947,Regosols,Conglomerate,Forest,933.1,356.94,4277.4
0,31.12,277.76,1190.0,-1.177,5.418,1809.4,0.646,Regosols,Sandstone,Forest,975.4,218.79,4806.22
0,21.81,247.55,1270.0,0.82,,1873.8,0.71,Regosols,Sandstone,Forest,4925.77,340.94,644.48
0,20.1,123.29,982.0,-1.281,5.049,2087.3,0.887,Cambisols,,Scrub,2908.29,158.04,329.94
0,18.16,76.99,1946.0,1.424,6.198,1954.2,0.79,Regosols,Phyllite,Forest,1977.69,576.64,197.94
1,33.27,239.52,3345.0,-0.236,6.422,1782.4,0.543,Leptosols,Schist,Forest,478.45,288.62,342.49
0,19.71,87.89,3661.0,-1.431,4.941,1429.8,0.581,Cambisols,Quartzite,Forest,5611.88,566.0,2307.78
0,28.98,109.05,723.0,-2.187,7.299,2345.3,0.829,Cambisols,Conglomerate,Forest,2586.75,362.03,1793.88
0,17.82,332.2,987.0,-1.304,7.606,2195.0,0.996,Cambisols,Sandstone,Forest,1946.97,122.82,1010.29
0,33.66,160.59,2272.0,2.118,4.669,1310.2,0.084,Leptosols,Gneiss,Barren,1553.21,1017.49,298.43
0,19.25,77.86,1189.0,-1.271,6.009,1845.5,1.0,Luvisols,Sandstone,Forest,438.47,807.82,484.06
1,20.52,329.81,1012.0,0.013,5.498,1873.8,0.238,Regosols,Sandstone,Builtup,195.83,615.77,183.34
0,25.1,280.07,878.0,-0.559,3.803,1964.3,0.947,Luvisols,Quartzite,Forest,1769.62,662.41,2897.16
1,33.81,44.94,1639.0,1.065,5.117,2279.6,0.482,Regosols,Granite,Agriculture,612.35,326.51,1589.31
0,19.24,196.8,4904.0,-4.861,9.306,1371.6,-0.4,Glacier,Schist,Barren,3212.42,97.92,1211.88
0,28.04,248.77,1309.0,0.065,5.125,1979.2,-0.028,,Quartzite,Barren,1218.02,1850.53,4351.08
0,23.95,95.63,1225.0,-2.029,6.845,1873.8,0.745,Cambisols,Sandstone,Scrub,1843.63,18.53,6031.5
0,18.72,151.48,731.0,0.252,5.448,2000.6,0.327,Regosols,Conglomerate,Agriculture,625.36,883.0,1744.51
0,29.43,277.68,2539.0,0.273,5.846,1502.9,0.701,Luvisols,Phyllite,Forest,109.65,272.61,6719.01
0,57.6,61.09,1105.0,1.832,4.145,2087.3,0.753,Cambisols,Conglomerate,Forest,91.44,468.91,10261.69
0,13.62,97.89,1858.0,2.207,3.541,1761.1,0.951,Cambisols,Schist,Forest,810.01,1979.26,2429.73
0,31.64,0.33,3107.0,-0.575,5.053,2108.3,0.914,Leptosols,Phyllite,Forest,805.54,589.6,8745.68
1,37.89,49.43,1395.0,1.772,7.06,2429.7,0.649,Leptosols,Schist,Scrub,1253.22,74.22,3404.51
0,16.69,259.91,4428.0,-3.001,5.925,1459.2,-0.151,Leptosols,Gneiss,Barren,4437.65,725.76,1269.52
1,33.15,326.9,680.0,1.134,6.181,2433.2,0.782,Cambisols,Sandstone,Forest,688.77,127.98,320.49
1,8.34,200.97,1286.0,0.634,5.927,2288.3,0.431,Cambisols,Phyllite,Agriculture,425.06,387.17,830.01
0,32.52,344.96,2279.0,0.034,4.236,1352.4,0.98,Regosols,Phyllite,Forest,475.82,565.51,288.87
0,35.65,22.1,1727.0,0.322,2.648,2108.2,0.741,Luvisols,Quartzite,Forest,787.63,588.87,4053.73
1,34.6,149.97,1733.0,-7.136,8.077,2108.2,0.484,Luvisols,Phyllite,Agriculture,1360.44,98.41,386.36
1,36.71,251.96,3078.0,-1.129,6.303,1459.2,-0.282,Leptosols,Granite,Barren,7545.54,28.0,11454.94
0,19.55,27.01,3052.0,-0.773,7.012,2108.2,0.891,Cambisols,Limestone,Forest,3201.86,776.17,2508.61
0,5.75,168.42,592.0,-0.955,6.533,1333.1,0.575,Fluvisols,Alluvium,Agriculture,248.55,316.92,4090.47
0,4.0,73.72,355.0,-0.498,7.287,1333.1,0.752,Cambisols,Alluvium,Agriculture,117.33,1164.85,18725.46
0,29.22,332.08,1538.0,1.558,3.552,2195.0,0.458,Regosols,Sandstone,Agriculture,1137.92,720.72,581.87
0,10.42,209.17,307.0,0.341,4.174,1333.1,0.354,Fluvisols,Alluvium,Agriculture,8.64,606.49,22360.16
1,35.11,205.39,1319.0,-2.947,5.927,2288.3,-0.293,Regosols,Schist,Water,652.18,152.76,266.9
1,21.45,177.48,1458.0,1.059,6.636,2200.5,0.858,Cambisols,Phyllite,Scrub,185.57,810.29,4195.34
0,37.8,165.76,2945.0,5.287,3.577,1132.9,0.575,Cambisols,Granite,Grassland,4021.7,1863.19,1791.05
0,28.09,139.8,3770.0,-1.546,6.205,1514.4,0.322,Cambisols,Gneiss,Grassland,1555.45,87.2,3559.68
1,19.29,8.39,1941.0,2.429,4.848,1939.8,0.649,Cambisols,Phyllite,Agriculture,64.33,680.42,14925.31
1,33.46,258.34,2532.0,-0.814,3.774,2108.2,0.84,Luvisols,Limestone,Forest,2542.07,1514.74,1961.46
1,33.19,258.39,1451.0,-1.774,6.365,1455.6,0.506,Cambisols,Schist,Agriculture,751.57,385.88,2361.38
0,19.58,90.67,643.0,0.622,5.007,2345.3,0.817,Cambisols,Shale,Agriculture,5.95,328.55,3376.46
1,29.38,317.16,1130.0,3.552,3.976,2151.2,0.67,Leptosols,Shale,Agriculture,683.75,1801.4,3376.15
1,31.99,130.46,229.0,0.398,7.003,2301.9,0.926,Leptosols,Phyllite,Forest,2268.06,56.92,1477.08
0,8.63,357.25,483.0,-0.387,9.168,1845.5,0.879,Cambisols,Sandstone,Forest,3017.53,27.1,769.01
0,41.35,320.77,4219.0,0.462,4.881,1235.5,0.508,Leptosols,Schist,Grassland,2535.34,434.6,34474.75
0,28.96,275.17,4585.0,-1.199,5.776,1245.1,0.116,Leptosols,Schist,Grassland,2574.52,149.19,2563.52
0,22.28,210.74,1381.0,0.453,6.734,2345.3,0.95,Luvisols,Shale,Forest,3054.98,48.93,3002.12
1,43.82,327.81,1828.0,2.239,5.089,2429.7,0.634,Regosols,Phyllite,Scrub,5349.17,257.59,260.21
0,21.74,81.22,5296.0,1.591,4.697,1213.9,-0.137,Cambisols,Schist,Barren,519.62,458.57,2233.79
0,35.32,2.24,504.0,-0.723,7.674,1845.5,0.707,Cambisols,Shale,Scrub,204.99,237.94,6392.27
0,38.31,130.52,5148.0,1.672,4.824,1459.2,0.4,Leptosols,Granite,Grassland,4384.98,159.83,1371.84
0,32.31,184.56,2079.0,2.43,4.969,2151.2,0.303,Leptosols,Phyllite,Barren,424.71,1529.96,237.48
0,0.83,-1.0,458.0,-0.146,10.175,1618.8,0.565,Cambisols,Alluvium,Agriculture,40.49,617.89,10597.84
0,16.75,199.72,578.0,1.755,4.297,1299.0,0.198,Fluvisols,Alluvium,Builtup,13.18,2462.56,2963.73
1,38.08,102.09,2081.0,-2.965,7.487,1455.6,0.302,Regosols,Phyllite,Builtup,54.57,418.35,2460.33
0,23.45,187.1,3730.0,-0.379,5.167,1310.2,0.644,Leptosols,Schist,Forest,1566.33,475.77,3310.88
0,26.24,330.41,1099.0,-3.407,7.182,1845.5,0.42,Cambisols,Sandstone,Agriculture,745.73,112.18,1549.15
0,20.94,316.25,344.0,0.374,6.434,1982.4,0.825,Cambisols,Shale,Forest,385.88,39.53,1644.44
0,21.0,26.8,3204.0,-1.855,4.938,1132.9,-0.191,Regosols,Schist,Barren,163.58,418.22,4338.09
0,45.81,276.13,989.0,-0.428,3.584,2331.4,0.196,Luvisols,Conglomerate,Agriculture,109.01,756.1,77.76
1,31.76,165.06,1536.0,0.471,4.013,2238.0,0.766,Cambisols,Sandstone,Scrub,2017.3,6.58,39.82
1,33.58,136.36,1591.0,-1.76,6.042,1966.5,0.429,Cambisols,Quartzite,Agriculture,131.05,265.38,6260.73
1,40.79,14.99,2930.0,-3.385,7.521,1782.4,-0.153,Leptosols,Gneiss,Barren,1505.15,23.39,4375.75
0,31.79,92.97,1700.0,1.19,6.899,1966.5,0.846,Regosols,Quartzite,Scrub,4325.2,172.6,321.48
0,40.89,122.94,3428.0,-0.543,6.145,1141.7,0.612,Regosols,Gneiss,Forest,20587.35,399.63,860.41
0,29.37,109.62,531.0,-0.62,6.033,2151.2,0.642,Cambisols,Limestone,Agriculture,792.82,233.22,1367.02
1,32.62,232.78,1476.0,-2.799,7.504,2201.8,0.963,Leptosols,Granite,Forest,854.81,78.82,1029.85
0,41.07,314.54,991.0,-0.778,7.045,2429.7,0.31,Cambisols,Limestone,Builtup,246.12,62.84,2284.71
0,16.29,269.2,1282.0,-1.751,6.762,1777.2,0.653,Leptosols,Schist,Agriculture,313.56,298.87,858.82
1,11.78,21.76,1425.0,-0.907,4.465,1680.2,0.256,Luvisols,Limestone,Water,193.31,1079.95,7063.01
1,38.73,297.83,1600.0,0.613,4.85,2301.9,0.075,Regosols,Quartzite,Barren,1967.71,348.86,1600.69
0,9.97,1.85,1621.0,1.774,6.849,1529.6,0.828,Cambisols,Limestone,Forest,598.4,769.88,315.59
0,33.76,218.74,2436.0,-1.676,5.967,1680.2,0.501,Cambisols,Shale,Scrub,1471.85,505.13,136.28
0,21.09,137.69,1070.0,-0.819,8.451,2200.5,0.659,Cambisols,Shale,Forest,2071.9,106.8,10886.94
0,25.15,67.45,1372.0,2.59,5.973,2195.0,0.711,Regosols,Sandstone,Forest,469.42,652.25,1228.68
0,2.55,235.75,294.0,1.745,9.266,1618.8,0.587,Cambisols,Sandstone,Agriculture,125.54,680.94,31.35
0,35.63,198.93,3182.0,1.077,7.235,1235.5,0.289,Leptosols,Schist,Barren,5240.22,46.73,4438.17
0,12.43,164.83,1066.0,-0.932,6.911,2087.3,0.76,Luvisols,Conglomerate,Scrub,1782.24,577.36,1436.54
1,39.75,86.46,1365.0,-1.504,5.159,2433.2,0.72,Cambisols,Sandstone,Forest,406.14,156.5,10424.65
1,26.06,328.61,1193.0,-0.327,5.565,1873.8,0.141,Cambisols,Sandstone,Agriculture,1994.95,63.73,255.64
1,26.41,191.41,2170.0,-1.866,7.076,1964.2,0.707,Cambisols,Schist,Forest,4650.27,140.71,4575.78
1,39.15,183.04,1352.0,-0.877,7.397,2429.7,0.28,Cambisols,Quartzite,Agriculture,1056.09,36.76,8982.67
1,33.73,310.23,1344.0,-3.223,8.732,2108.2,0.497,Cambisols,Quartzite,Agriculture,102.82,115.45,4419.72
1,30.84,313.95,1946.0,1.476,5.836,2108.3,0.62,Cambisols,Phyllite,Scrub,132.54,115.47,5035.4
0,25.43,285.68,895.0,3.877,5.32,1873.8,0.683,Cambisols,Sandstone,Forest,6805.18,3097.14,473.3
1,38.68,55.52,1250.0,-0.931,7.284,2345.3,0.535,Regosols,Sandstone,Builtup,286.48,21.08,1149.61
0,29.95,180.71,1661.0,0.905,3.893,1954.2,0.648,Regosols,Shale,Forest,219.29,347.95,4603.12
0,3.63,157.4,605.0,-2.622,8.459,1651.8,0.736,Fluvisols,Alluvium,Forest,305.49,137.86,2147.68
0,41.12,336.91,1595.0,2.385,3.556,1502.9,0.682,Regosols,Quartzite,Forest,1514.02,1146.7,8531.64
1,32.21,157.29,997.0,-1.786,5.7,2429.7,0.692,Cambisols,Phyllite,Agriculture,249.51,308.61,8840.97
0,34.08,237.53,1355.0,-0.096,5.152,1845.5,0.949,Regosols,Shale,Scrub,351.24,273.36,11195.16
0,21.55,220.1,1308.0,-1.427,6.992,1214.1,0.868,Luvisols,Quartzite,Forest,226.15,46.14,9437.51
1,31.92,237.83,1756.0,1.0,5.039,2200.5,0.723,Luvisols,Schist,Agriculture,664.53,1057.36,398.26
0,23.68,250.79,2352.0,-1.247,6.601,988.1,0.551,Regosols,Granite,Forest,5081.88,108.8,4423.35
0,23.31,69.21,1805.0,2.131,5.383,1706.0,0.989,Leptosols,Granite,Forest,922.73,384.56,4294.23
0,30.67,65.06,855.0,0.72,6.481,2087.3,0.623,Regosols,Sandstone,Agriculture,1061.22,4.45,2732.7
0,23.89,56.95,2035.0,-1.249,6.638,1352.4,-0.135,Cambisols,Quartzite,Barren,163.99,47.45,1065.87
1,18.99,66.32,1231.0,-2.409,6.212,2087.3,0.192,Regosols,Conglomerate,Builtup,560.72,393.75,1775.45
0,0.87,-1.0,334.0,-1.115,9.046,1691.4,0.724,Fluvisols,Sandstone,Agriculture,142.16,176.98,3639.33
0,48.87,181.0,3525.0,-1.518,6.073,1177.5,0.434,Leptosols,Schist,Grassland,14468.38,650.08,1530.67
0,31.62,272.11,1939.0,1.572,4.72,2108.2,0.969,Regosols,Limestone,Forest,535.53,115.65,2705.49
0,26.85,334.11,2052.0,-0.611,5.006,1979.2,0.88,Regosols,Schist,Forest,252.74,581.03,1621.49
0,4.02,232.1,296.0,-0.514,8.637,1879.0,0.463,Fluvisols,Alluvium,Agriculture,525.12,285.52,2626.5
1,32.7,34.43,1286.0,-1.592,4.466,2201.8,0.422,Leptosols,Shale,Agriculture,75.47,1532.9,1340.85
0,25.51,71.53,3220.0,-3.698,9.62,2108.3,0.685,Cambisols,Limestone,Scrub,445.98,133.45,8560.82
1,40.2,71.6,1369.0,0.519,5.701,2108.2,1.0,Regosols,Limestone,Forest,15.29,130.79,363.83
0,36.88,122.96,1419.0,3.897,3.892,2331.4,0.929,Regosols,Sandstone,Forest,125.16,896.87,3282.46
0,5.72,341.66,250.0,-0.651,6.996,1348.6,0.366,Fluvisols,Alluvium,Agriculture,411.39,1235.02,14026.8
1,30.57,85.96,2597.0,-2.49,4.74,2301.9,0.806,Cambisols,Quartzite,Forest,161.68,355.32,2641.54
0,36.7,273.2,821.0,3.064,5.516,2238.0,0.64,Cambisols,Sandstone,Agriculture,1541.5,134.62,7613.1
0,0.6,-1.0,198.0,-0.458,10.121,1348.6,0.034,Cambisols,Alluvium,Builtup,281.15,253.71,14829.28
0,25.3,357.14,1701.0,0.456,6.753,1214.1,0.435,Leptosols,Phyllite,Grassland,1559.65,608.7,2426.97
1,37.6,296.42,1390.0,-1.538,6.386,1763.3,0.777,Cambisols,Shale,Forest,151.93,565.37,862.3
0,30.44,114.29,241.0,2.556,4.247,2238.0,0.346,Luvisols,Sandstone,Builtup,313.69,277.6,996.05
1,15.82,259.3,1147.0,1.129,6.469,1455.6,0.394,Leptosols,Shale,Forest,409.07,1209.28,1943.87
0,21.32,245.46,3727.0,-0.237,5.897,1514.4,-0.143,Leptosols,Quartzite,Barren,100.56,131.65,1183.81
0,26.81,277.0,834.0,2.5,4.493,2331.4,0.811,Cambisols,Sandstone,Forest,677.43,344.92,781.6
0,3.08,336.57,341.0,-0.301,6.583,1691.4,0.278,Cambisols,Alluvium,Agriculture,161.33,312.83,2638.84
0,42.1,317.93,1883.0,1.784,3.915,1761.1,0.135,Regosols,Phyllite,Agriculture,893.49,1844.88,1405.01
0,16.61,48.54,2542.0,1.813,4.796,1459.2,-0.115,Leptosols,Gneiss,Barren,2604.66,55.92,2965.89
0,27.09,304.32,1774.0,-1.504,8.579,1812.7,0.839,Leptosols,Phyllite,Forest,269.99,181.51,2253.7
0,29.31,174.85,1878.0,-1.616,5.892,2201.8,0.757,Regosols,Schist,Forest,1228.43,1193.19,2166.42
0,21.18,237.26,832.0,-2.472,5.168,1804.3,0.72,Regosols,Shale,Forest,35.23,474.21,1603.24
0,36.29,0.74,2167.0,2.065,2.692,1502.9,0.504,Cambisols,Shale,Forest,1252.59,877.58,3201.01
1,32.26,62.9,1590.0,-0.968,5.455,2288.3,0.686,Luvisols,Granite,Scrub,2752.76,3.46,2511.2
1,37.41,349.16,1885.0,-5.03,8.298,2151.2,0.826,Cambisols,Limestone,Forest,795.63,64.19,311.74
1,36.82,64.92,1829.0,-0.972,7.031,1680.2,0.487,Cambisols,Schist,Builtup,101.35,23.26,1480.89
0,40.8,95.53,3889.0,-3.415,6.138,1132.9,-0.115,Leptosols,Granite,Barren,4055.29,368.64,2716.42
1,30.13,249.18,1225.0,1.979,4.663,2195.0,0.712,Luvisols,Conglomerate,Forest,1297.55,221.3,3892.88
0,14.53,306.74,4598.0,0.578,8.182,1102.0,0.293,Cambisols,Gneiss,Grassland,17274.74,226.07,7762.77
0,21.62,347.28,1180.0,0.33,5.714,2041.1,0.717,Cambisols,Shale,Scrub,5255.98,1584.94,59.16
0,0.85,-1.0,231.0,-1.0,9.842,1333.1,0.805,Cambisols,Alluvium,Forest,14.46,200.2,10551.54
0,20.67,325.52,599.0,-1.19,6.049,1804.3,0.703,Cambisols,Sandstone,Agriculture,876.4,262.86,1001.64
0,19.06,198.22,2491.0,0.033,5.22,2429.7,0.71,Leptosols,Shale,Forest,1682.81,641.88,3946.53
0,22.86,120.67,4623.0,-2.876,7.204,1310.2,-0.093,Glacier,Gneiss,Snow,5492.4,154.28,4024.51
0,21.14,181.29,4516.0,-0.188,5.079,1310.2,0.184,Glacier,Gneiss,Grassland,111.69,115.16,7870.56
0,32.12,206.06,1871.0,0.07,4.683,1812.7,0.857,Cambisols,Quartzite,Forest,2646.38,749.78,1221.38
1,39.49,152.26,1571.0,0.222,6.174,1954.2,0.667,Cambisols,Phyllite,Forest,366.26,42.74,4272.43
1,35.88,184.66,1734.0,-1.431,4.73,2200.5,0.699,Regosols,Phyllite,Forest,540.87,638.87,946.96
1,26.65,238.44,1356.0,-1.888,8.177,2075.6,0.918,Cambisols,Shale,Forest,114.22,396.28,7025.46
0,0.98,-1.0,180.0,0.532,10.74,1691.4,0.238,Fluvisols,Alluvium,Builtup,75.18,342.71,1703.92
1,25.75,109.96,1004.0,2.451,4.851,1777.2,0.754,Cambisols,Phyllite,Builtup,465.66,243.38,6444.32
0,11.9,273.62,180.0,-1.705,8.789,1348.6,0.911,Fluvisols,Sandstone,Forest,55.39,29.2,11920.44
0,60.4,1.81,4277.0,-0.055,4.292,1235.5,0.037,Leptosols,Schist,Barren,11639.05,256.98,8547.77
0,1.67,216.72,263.0,-0.568,10.494,1651.8,0.603,Fluvisols,Alluvium,Agriculture,2.53,1567.23,10858.18
1,34.83,7.68,1561.0,-1.382,8.0,2200.5,0.648,Cambisols,Shale,Agriculture,272.2,137.06,505.23
0,20.17,290.89,779.0,0.35,5.384,2345.3,0.628,Regosols,Sandstone,Builtup,490.1,655.96,3224.81
1,31.36,256.53,2151.0,-3.842,7.953,1763.3,1.0,Leptosols,Phyllite,Forest,1232.83,92.94,2025.49
0,14.01,253.87,329.0,-2.835,6.659,1299.0,0.892,Fluvisols,Alluvium,Forest,457.79,168.99,2122.98
0,2.77,168.34,348.0,1.435,8.373,1333.1,0.556,Fluvisols,Alluvium,Agriculture,365.56,418.32,320.77
0,0.13,-1.0,409.0,-0.733,10.562,1299.0,0.877,Fluvisols,Alluvium,Forest,34.35,138.02,5956.94
0,36.18,340.19,3994.0,0.461,5.364,1141.7,-0.327,Leptosols,Gneiss,Barren,1934.32,86.42,18556.83
0,75.0,174.52,2190.0,-3.501,5.603,1801.2,0.308,Regosols,Schist,Agriculture,293.07,56.95,2438.83
0,14.73,135.24,4319.0,-0.615,8.232,1302.3,0.43,Cambisols,Gneiss,Grassland,5669.89,16.54,1689.37
1,27.39,312.22,695.0,1.42,6.442,,0.896,Leptosols,Schist,Forest,15.21,286.98,191.17
1,32.22,138.36,1074.0,0.788,5.973,1873.8,0.853,Luvisols,Shale,Forest,2278.1,22.06,1532.74
1,10.59,18.93,487.0,-0.561,4.977,1845.5,0.748,Cambisols,Shale,Agriculture,157.45,482.54,626.32
0,42.18,227.08,2162.0,-0.349,5.033,1514.4,-0.135,Cambisols,Gneiss,Barren,1123.91,705.34,8446.27
1,27.84,69.12,1735.0,-0.505,8.117,2201.8,0.658,Regosols,Schist,Forest,136.52,44.12,955.6
0,25.02,346.17,2777.0,1.393,5.908,1529.6,0.591,Regosols,Phyllite,Forest,1787.03,242.05,484.61
0,26.22,226.14,3469.0,-0.034,6.388,1132.9,0.203,Leptosols,Granite,Barren,408.89,96.03,252.29
1,28.89,331.95,1337.0,-2.902,5.019,1801.2,0.672,Cambisols,Shale,Forest,1188.96,390.18,8319.55
1,35.98,137.46,1774.0,-0.797,4.438,2075.6,0.143,Regosols,Phyllite,Builtup,718.02,244.92,906.91
1,34.62,190.85,897.0,-1.23,5.437,1743.9,0.567,Cambisols,Schist,Agriculture,641.88,2319.2,2253.16
1,39.15,15.54,2364.0,-0.056,7.173,1812.7,0.512,Leptosols,Quartzite,Scrub,114.56,460.69,3386.46
0,33.62,295.33,1538.0,1.04,4.822,1763.3,0.312,Luvisols,Quartzite,Builtup,90.55,406.47,5655.09
1,29.56,118.94,1632.0,1.3,4.255,1801.2,0.921,Leptosols,Schist,Forest,1703.29,1002.23,43.88
0,55.76,203.64,993.0,-1.547,5.407,2279.6,0.966,Leptosols,Phyllite,Forest,2211.0,169.82,826.72
1,24.1,127.0,2028.0,-1.157,6.976,1812.7,0.444,Cambisols,Phyllite,Agriculture,62.14,220.48,2508.39
1,32.04,155.24,2336.0,0.615,5.484,2201.8,0.62,Cambisols,Schist,Scrub,4352.89,726.01,2014.27
0,21.24,177.59,2486.0,0.878,2.853,1763.3,0.391,Cambisols,Shale,Agriculture,783.91,161.72,117.19
0,43.99,108.02,1824.0,-0.003,4.162,1352.4,0.366,Cambisols,Quartzite,Agriculture,67.11,31.95,1790.88
1,41.11,173.98,1259.0,-1.709,5.988,1801.2,0.25,Regosols,Shale,Barren,1172.78,41.78,4655.5
1,43.22,347.32,3082.0,1.568,3.786,1031.6,0.12,Cambisols,Gneiss,Barren,4715.44,362.08,3426.98
1,29.03,208.79,3102.0,-2.112,7.383,1743.9,0.339,Cambisols,Quartzite,Agriculture,652.0,116.67,976.45
0,44.19,311.03,4568.0,0.11,5.804,1213.9,-0.043,Leptosols,Gneiss,Barren,4827.39,179.76,3000.33
0,44.09,101.46,2165.0,0.936,4.832,2288.3,0.774,Cambisols,Phyllite,Scrub,456.56,224.21,1364.19
0,44.07,355.26,1298.0,1.735,6.692,1352.4,0.023,Cambisols,Granite,Agriculture,241.6,131.76,4066.07
0,48.6,160.57,2698.0,2.862,1.431,1966.5,0.676,Cambisols,Schist,Forest,1775.94,4231.34,334.64
0,23.41,99.68,6036.0,-0.144,7.094,1031.6,-0.33,Leptosols,Gneiss,Barren,8283.59,144.6,1874.59
0,28.04,307.2,1085.0,-0.105,7.12,2238.0,0.465,Cambisols,Shale,Agriculture,197.3,964.36,2519.75
1,15.11,190.69,2472.0,0.592,6.149,1921.7,0.682,Cambisols,Phyllite,Agriculture,81.88,264.39,95.24
1,34.54,250.55,2506.0,-3.509,10.302,1455.6,-0.022,Cambisols,Schist,Barren,140.38,5.91,2642.86
1,29.82,147.98,1371.0,4.409,2.419,1966.5,0.712,Regosols,Granite,Scrub,94.36,228.32,496.54
1,34.86,121.63,2040.0,-3.331,8.768,2429.7,0.271,Cambisols,Phyllite,Barren,762.88,5.7,7930.03
1,25.59,127.28,1099.0,0.692,6.666,2345.3,0.681,Regosols,Conglomerate,Forest,1641.94,90.0,796.09
0,22.5,158.52,1555.0,2.178,5.689,1763.3,0.97,Cambisols,Phyllite,Forest,865.08,172.25,5254.53
0,29.59,349.46,1226.0,-1.322,5.378,1680.2,1.0,Cambisols,Limestone,Forest,4250.44,999.21,5861.59
1,20.22,229.66,1758.0,-0.748,6.356,2201.8,1.0,Regosols,Phyllite,Forest,147.42,257.13,4614.07
1,39.53,12.02,670.0,0.207,6.959,1921.7,0.807,Luvisols,Phyllite,Scrub,288.02,91.18,3561.1
1,45.89,39.23,1864.0,-0.099,4.648,1964.3,0.007,Cambisols,Phyllite,Builtup,522.92,246.03,457.67
1,38.27,107.58,912.0,-3.285,4.872,2331.4,0.848,Regosols,Conglomerate,Forest,3227.91,20.33,280.43
0,1.0,184.08,306.0,0.347,7.573,1299.0,0.502,Fluvisols,Alluvium,Agriculture,159.24,971.03,19643.27
1,42.48,156.11,802.0,-6.072,8.679,1763.3,0.235,Regosols,Shale,Builtup,329.68,7.43,158.17
0,8.32,171.87,358.0,-1.099,7.669,1618.8,0.368,Fluvisols,Alluvium,Builtup,12.48,1782.13,1650.67
0,27.23,342.72,1113.0,-1.192,6.686,2433.2,0.528,Luvisols,Sandstone,Agriculture,144.06,677.26,1733.59
0,46.8,86.14,3943.0,1.808,5.986,1270.7,0.459,Leptosols,Schist,Grassland,3391.5,401.53,274.28
0,48.83,157.42,1711.0,-0.914,6.237,1979.2,0.966,Cambisols,Quartzite,Forest,399.7,655.84,1772.91
0,24.86,270.63,413.0,1.337,5.216,2345.3,0.818,Cambisols,Sandstone,Forest,450.87,134.67,1599.33
0,17.22,158.05,1554.0,0.945,5.082,2288.3,0.714,Cambisols,Granite,Scrub,637.86,103.79,322.18
0,74.97,25.18,3061.0,2.189,4.046,1514.4,0.683,,Gneiss,Forest,2238.06,270.7,20.17
0,42.61,288.07,3696.0,0.767,3.161,1312.7,-0.19,Leptosols,Gneiss,Barren,6227.04,954.54,5263.24
1,31.3,146.64,1887.0,-0.57,4.42,2279.6,0.814,Regosols,Shale,Forest,193.61,318.08,6929.01
0,49.41,239.2,4310.0,-1.108,5.174,1459.2,0.434,Glacier,Schist,Grassland,3410.45,43.01,6183.48
0,11.51,212.37,1098.0,-1.788,6.101,2087.3,0.384,Cambisols,Sandstone,Agriculture,890.22,203.47,2998.16
0,19.72,186.99,1003.0,-0.999,8.35,2301.9,0.091,Regosols,Schist,Barren,1286.56,55.93,3398.12
1,24.75,1.99,1587.0,-2.116,9.681,2429.7,0.316,Cambisols,Phyllite,Agriculture,26.52,41.66,347.17
0,38.12,241.14,1141.0,-2.053,4.349,1982.4,0.888,Cambisols,Sandstone,Forest,2096.87,232.31,744.06
0,38.18,56.44,4887.0,-3.062,6.173,1132.9,-0.17,Leptosols,Schist,Barren,10677.83,154.3,947.62
1,37.31,311.78,1690.0,-2.833,4.902,1966.5,0.548,Cambisols,Phyllite,Agriculture,368.8,374.78,5327.08
0,18.62,31.25,1990.0,-0.612,7.519,1352.4,1.0,Leptosols,Limestone,Forest,1488.11,92.27,6314.81
0,38.62,125.52,1839.0,-0.864,4.604,1801.2,0.955,Cambisols,Quartzite,Forest,2928.26,375.87,9332.81
0,60.51,142.32,2242.0,5.16,1.761,1455.6,0.645,Cambisols,Phyllite,Forest,508.11,699.82,8849.11
1,24.87,313.71,1971.0,-1.664,7.308,1812.7,0.383,Leptosols,Phyllite,Forest,61.63,167.1,434.4
1,22.35,121.23,1636.0,-3.459,7.724,1455.6,0.804,Regosols,Shale,Forest,185.23,427.44,41.27
0,27.21,276.04,3227.0,-0.469,4.059,1031.6,0.843,Leptosols,Schist,Grassland,446.9,354.63,3536.32
0,24.59,313.72,2912.0,0.889,4.918,1782.4,-0.087,Cambisols,Gneiss,Barren,9955.54,472.54,2060.8
1,30.36,172.55,1448.0,-0.473,6.814,2075.6,0.901,Regosols,Phyllite,Forest,3531.94,344.94,528.11
0,27.97,341.76,1588.0,-1.125,6.928,1964.3,0.803,Leptosols,Phyllite,Forest,496.23,1089.6,3909.74
1,37.46,58.21,1649.0,1.784,3.492,2108.3,0.723,Cambisols,Limestone,Forest,8.83,1079.4,313.78
0,25.23,251.46,1131.0,-0.62,6.628,2075.6,0.536,Regosols,Phyllite,Scrub,1002.62,302.89,568.59
0,11.08,47.37,374.0,1.672,6.107,1333.1,0.881,Cambisols,Alluvium,Forest,171.85,139.33,21780.02
0,10.47,319.85,1348.0,-2.187,8.72,1809.4,0.816,Luvisols,Shale,Forest,1310.4,76.24,5412.24
0,16.1,83.16,563.0,-1.538,7.75,1873.8,0.696,Regosols,Sandstone,Scrub,4377.5,104.46,1982.99
0,15.03,209.29,879.0,-1.636,8.55,2195.0,0.886,Cambisols,Conglomerate,Forest,1753.58,83.27,1984.3
0,7.92,160.48,495.0,0.338,6.715,1333.1,0.413,Fluvisols,Alluvium,Agriculture,58.03,650.15,3114.86
0,28.04,15.45,1778.0,0.524,5.835,1939.8,0.634,Luvisols,Limestone,Agriculture,369.19,45.89,1680.95
1,24.26,334.15,1636.0,1.131,7.187,2151.2,0.747,Cambisols,Quartzite,Forest,13.02,26.23,1943.95
1,38.5,28.74,1826.0,-2.213,5.023,2201.8,0.549,Cambisols,Schist,Agriculture,421.01,469.12,1670.4
1,44.36,282.72,850.0,-4.631,7.916,2331.4,0.721,Cambisols,Sandstone,Forest,1684.17,158.43,3577.73
0,47.27,217.77,2563.0,2.503,3.682,2075.6,0.563,Luvisols,Quartzite,Agriculture,416.61,982.33,1506.42
1,41.81,150.73,1407.0,-2.118,5.524,2288.3,0.617,Leptosols,Limestone,Scrub,5.11,194.19,4617.73
0,40.67,325.45,1424.0,-0.63,4.114,2200.5,0.547,Leptosols,Schist,Grassland,595.16,195.5,1921.14
0,31.14,28.3,2561.0,-0.639,7.171,1954.2,0.288,Leptosols,Quartzite,Agriculture,778.88,77.02,4457.6
1,22.01,118.36,1411.0,-0.266,5.302,2108.2,0.599,Cambisols,Shale,Builtup,876.2,362.0,2817.21
1,31.75,231.5,2025.0,0.219,4.36,2288.3,0.739,Regosols,Limestone,Forest,465.0,194.75,559.62
1,49.92,203.82,1656.0,-2.031,6.117,2108.3,0.508,Regosols,Phyllite,Agriculture,523.31,404.3,163.72
1,30.96,216.16,2263.0,0.03,6.052,2108.3,0.29,Cambisols,Phyllite,Agriculture,391.41,445.19,4001.24
0,29.41,129.08,927.0,1.52,4.558,1845.5,0.589,,Sandstone,Agriculture,245.56,629.46,289.36
0,23.8,244.3,965.0,1.506,6.71,2331.4,0.384,Luvisols,Sandstone,Agriculture,996.88,50.16,4515.83
0,2.11,291.47,434.0,-0.433,8.528,1618.8,0.618,Cambisols,Sandstone,Agriculture,454.75,150.27,1285.04
1,42.83,34.42,4083.0,-2.766,6.733,1031.6,-0.358,Regosols,Schist,Barren,4343.81,236.55,3866.37
0,29.32,125.96,5239.0,-2.145,5.718,1177.5,0.012,Leptosols,Schist,Barren,678.57,97.97,1400.07
0,19.91,191.78,1521.0,0.374,7.719,2200.5,0.566,Regosols,Shale,Agriculture,13.96,193.08,537.68
0,37.45,91.76,2054.0,1.275,5.086,1529.6,0.296,Cambisols,Granite,Agriculture,816.37,1097.39,1661.76
0,17.6,297.32,2096.0,0.175,5.854,1777.2,0.843,Cambisols,Phyllite,Forest,2079.13,969.14,66.75
1,41.24,110.07,2243.0,-0.246,4.918,2279.6,0.426,Leptosols,Shale,Agriculture,107.05,116.01,2386.0
0,6.36,210.82,378.0,-1.36,7.638,1333.1,0.6,Fluvisols,Sandstone,Agriculture,72.82,102.16,15661.49
1,35.5,313.82,2069.0,-2.701,5.278,1801.2,0.382,Leptosols,Shale,Agriculture,253.69,194.25,4438.0
0,17.25,235.43,1295.0,1.477,4.988,1982.4,0.949,Regosols,Sandstone,Scrub,825.2,617.82,1165.07
0,17.21,148.08,2094.0,0.086,5.561,2108.3,0.306,Regosols,Schist,Barren,335.37,309.7,1997.49
1,31.71,13.57,1120.0,-1.182,7.677,2345.3,0.521,Luvisols,Conglomerate,Agriculture,592.18,5.2,4532.99
0,26.89,196.11,5031.0,2.647,4.676,1312.7,-0.397,Regosols,Quartzite,Snow,8465.08,557.0,4144.86
0,19.91,90.1,1588.0,0.125,4.451,1964.2,0.836,Leptosols,Phyllite,Forest,17.65,415.77,5148.46
1,38.4,80.74,1191.0,-3.41,5.123,1502.9,0.676,Leptosols,Schist,Scrub,19.81,334.87,1781.23
0,25.09,98.56,990.0,-0.508,4.345,2238.0,0.799,Cambisols,Shale,Forest,3766.29,364.26,1517.86
0,28.5,181.47,1575.0,-1.848,4.788,1680.2,1.0,Cambisols,Shale,Forest,1671.09,237.76,7123.38
0,11.46,119.01,896.0,-0.142,6.996,2195.0,0.726,Cambisols,Sandstone,Forest,1098.81,1047.39,2141.33
0,23.24,316.37,1272.0,0.559,4.591,1939.8,0.754,Cambisols,Granite,Forest,870.32,379.67,514.04
0,33.15,143.88,1107.0,-0.847,6.64,1477.7,1.0,Regosols,Quartzite,Forest,982.87,479.29,397.06
1,26.41,28.08,1299.0,-0.897,6.037,2108.3,0.305,Leptosols,Phyllite,Agriculture,1105.68,217.78,356.8
0,40.52,44.6,3827.0,0.037,5.033,1514.4,0.78,,Quartzite,Forest,5430.02,185.4,494.2
0,4.87,346.33,226.0,0.125,6.477,1691.4,0.768,Cambisols,Alluvium,Forest,317.61,425.7,1279.2
1,33.87,226.29,1552.0,-2.072,4.918,2429.7,0.27,Regosols,Schist,Builtup,62.12,700.94,5003.51
1,34.02,194.29,1559.0,-2.133,6.826,1777.2,0.759,Regosols,Phyllite,Agriculture,618.82,69.26,3667.52
0,26.19,31.09,1263.0,0.976,6.296,1964.3,0.57,Luvisols,Schist,Agriculture,232.06,201.58,3396.69
1,28.44,106.33,2371.0,-0.446,6.369,2201.8,0.741,Cambisols,Limestone,Scrub,1011.27,65.71,377.79
0,24.65,356.29,601.0,2.011,4.179,1845.5,0.74,Luvisols,Sandstone,Forest,5274.79,3229.11,5084.41
0,33.52,330.47,990.0,-1.018,4.519,2331.4,0.698,Regosols,Shale,Forest,238.86,1490.87,5443.95
0,7.61,163.73,223.0,-1.536,5.639,1691.4,0.585,Fluvisols,Alluvium,Agriculture,27.81,128.99,1452.51
1,37.75,88.12,1198.0,-1.015,5.95,2345.3,1.0,Regosols,Conglomerate,Forest,173.48,160.51,3155.51
0,1.79,288.81,616.0,-0.207,8.93,1299.0,0.35,Fluvisols,Alluvium,Builtup,6.4,1305.6,6113.33
1,25.64,91.77,1815.0,-0.747,7.294,2108.3,1.0,Cambisols,Quartzite,Forest,483.44,85.66,5332.77
1,45.24,141.6,1662.0,1.763,5.536,1801.2,0.444,Luvisols,Shale,Agriculture,478.69,407.63,3978.44
1,31.97,216.71,1694.0,1.702,3.53,2108.3,0.483,Regosols,Phyllite,Agriculture,379.45,853.42,3923.73
1,29.59,176.5,2322.0,-5.845,8.095,1743.9,0.23,Cambisols,Phyllite,Builtup,111.47,407.57,3220.78
0,10.66,154.12,2610.0,1.637,5.655,1477.7,0.694,Cambisols,Schist,Scrub,1823.58,1335.34,1372.34
0,19.72,313.39,4445.0,0.629,6.775,1141.7,0.657,Regosols,Gneiss,Forest,6309.98,400.2,3096.36
1,27.86,353.85,2267.0,2.352,4.069,2201.8,0.95,Leptosols,Granite,Scrub,258.96,550.63,5647.36
1,38.88,346.49,894.0,-4.003,7.625,2288.3,0.148,Cambisols,Limestone,Barren,2420.22,62.98,17.11
1,36.02,182.1,1971.0,-0.935,5.512,2108.2,0.925,Regosols,Shale,Forest,1007.72,136.85,2062.6
0,1.37,238.91,242.0,0.856,6.96,1618.8,0.721,Cambisols,Alluvium,Agriculture,182.32,718.3,7031.47
0,10.41,242.94,4162.0,-1.435,6.001,1177.5,-0.054,Leptosols,Quartzite,Snow,19637.5,698.01,2209.62
0,0.48,-1.0,205.0,-0.504,9.586,1618.8,0.44,Cambisols,Alluvium,Agriculture,94.89,381.94,11603.46
0,25.11,53.94,1519.0,-0.733,6.218,1492.1,0.942,Cambisols,Schist,Forest,116.76,63.31,6017.23
0,4.38,119.54,254.0,1.124,6.983,1432.6,0.709,Cambisols,Alluvium,Agriculture,173.83,277.0,5131.53
0,12.74,123.33,3803.0,-1.693,6.682,1429.8,0.781,Cambisols,Quartzite,Forest,1830.39,304.19,5.59
0,23.06,32.34,2397.0,0.062,4.618,1502.9,0.398,Regosols,Shale,Agriculture,505.99,256.65,68.55
1,26.28,327.52,180.0,-2.925,7.809,2041.1,0.874,Luvisols,Sandstone,Forest,16.39,303.21,2327.32
1,32.01,108.23,1115.0,0.956,4.768,2288.3,0.825,Regosols,Shale,Scrub,542.84,272.45,2461.98
0,57.78,251.82,3343.0,-0.86,3.094,1514.4,-0.12,Leptosols,Granite,Barren,2226.14,1012.75,2838.53
0,59.82,169.05,1845.0,3.798,2.914,2108.2,0.872,Luvisols,Quartzite,Forest,1067.52,1215.81,943.27
0,23.53,64.65,269.0,-2.049,5.479,2195.0,0.69,Cambisols,Sandstone,Agriculture,669.68,582.79,1439.31
1,34.65,27.04,1770.0,-1.1,4.757,1939.8,0.687,Cambisols,Phyllite,Scrub,704.51,84.88,41.06
0,19.15,13.59,1919.0,-0.701,5.878,2288.3,0.679,Leptosols,Schist,Forest,4464.66,599.09,722.09
0,2.64,210.18,402.0,0.975,5.134,1691.4,0.475,Fluvisols,Alluvium,Agriculture,271.42,314.44,3020.54
0,5.6,321.91,439.0,0.38,5.195,1651.8,0.418,Cambisols,Sandstone,Agriculture,268.0,246.59,275.42
1,26.86,128.29,1529.0,0.233,6.155,1214.1,0.542,Leptosols,Shale,Scrub,520.75,16.2,888.93
1,51.36,180.51,1827.0,-1.08,4.239,2075.6,0.545,Regosols,Phyllite,Scrub,46.16,209.9,11328.72
1,23.04,287.58,2863.0,-3.817,7.241,1680.2,0.691,Regosols,Schist,Scrub,369.69,135.88,776.56
1,29.53,181.8,1686.0,0.661,4.281,2201.8,0.778,Cambisols,Phyllite,Forest,750.02,394.29,1408.81
1,30.39,247.74,1292.0,0.859,4.432,1761.1,0.898,Leptosols,Schist,Forest,609.74,806.03,3682.66
1,45.37,297.63,1628.0,-3.723,6.507,1964.2,0.235,Cambisols,Quartzite,Barren,353.54,610.59,1659.97
1,20.2,329.84,384.0,-2.703,8.162,2345.3,0.553,Cambisols,Sandstone,Agriculture,349.23,185.0,292.99
0,12.51,140.75,2087.0,-0.402,6.33,1352.4,0.753,Cambisols,Shale,Scrub,1189.84,709.24,3039.72
1,20.54,94.24,1352.0,-0.558,5.478,2108.3,0.838,Luvisols,Shale,Scrub,427.41,564.88,4119.44
1,35.93,302.58,2106.0,-1.541,6.531,2301.9,0.807,Regosols,Schist,Forest,403.86,306.65,714.91
1,31.79,339.08,1697.0,0.605,5.773,1939.8,0.902,Leptosols,Shale,Forest,3259.08,16.14,10129.21
1,33.01,99.69,1752.0,1.421,6.127,2201.8,0.422,Regosols,Phyllite,Agriculture,685.87,2.08,1048.69
1,34.87,197.38,2468.0,1.6,4.914,2279.6,0.715,Leptosols,Schist,Forest,31.75,556.36,6116.4
0,30.84,274.7,1450.0,-2.864,7.408,1979.2,0.802,Leptosols,Phyllite,Forest,1464.59,7.63,1436.28
0,19.3,6.84,1488.0,2.032,4.568,1777.2,0.271,Luvisols,Quartzite,Agriculture,484.13,816.35,1558.73
0,46.46,130.97,4340.0,0.894,3.783,1782.4,-0.184,Leptosols,Schist,Snow,3460.33,835.72,5522.28
1,45.0,305.58,1505.0,0.082,7.121,2429.7,-0.056,Cambisols,Granite,Barren,4353.49,29.97,16.22
0,37.78,165.35,1162.0,0.142,4.958,2345.3,0.471,Cambisols,Sandstone,Agriculture,1321.45,1140.08,5542.37
0,42.67,327.69,1280.0,-0.806,7.193,2075.6,0.897,Leptosols,Quartzite,Forest,531.23,161.05,1519.9
0,15.97,209.71,1211.0,-1.837,7.487,1982.4,0.68,Regosols,Shale,Forest,2438.49,19.94,5151.94
0,18.67,215.01,3404.0,0.572,5.716,988.1,-0.097,Leptosols,Schist,Barren,6919.93,437.97,4628.45
1,43.73,19.05,989.0,-2.603,6.811,2108.2,0.279,Cambisols,Phyllite,Agriculture,255.69,2.06,1042.04
1,41.42,178.25,1682.0,1.98,5.122,1964.3,0.668,Luvisols,Quartzite,Forest,210.02,76.28,474.22
0,11.8,199.69,1487.0,-2.955,7.56,1809.4,0.139,Cambisols,Sandstone,Agriculture,837.06,3.0,191.95
0,53.59,56.6,1611.0,2.223,2.459,2108.2,0.656,Leptosols,Phyllite,Agriculture,609.29,287.11,3097.51
1,35.85,100.03,2112.0,-0.008,3.064,1743.9,0.499,Regosols,Shale,Agriculture,275.97,394.87,1400.83
0,35.98,349.65,1663.0,-3.012,5.62,1502.9,0.785,Cambisols,Limestone,Forest,467.72,88.13,355.85
0,27.04,339.92,545.0,1.723,5.542,1845.5,0.863,,Shale,Forest,3286.06,114.69,624.87
1,32.9,126.5,2528.0,0.832,5.144,2279.6,0.522,Leptosols,Shale,Scrub,4.64,13.58,91.89
0,11.08,250.22,760.0,0.596,7.558,1812.7,0.844,Leptosols,Shale,Forest,2471.67,325.22,2641.98
1,36.78,30.6,939.0,0.554,5.891,2433.2,0.926,Regosols,Conglomerate,Forest,1798.67,3.81,1828.8
0,3.27,356.78,180.0,-1.135,10.026,1333.1,0.526,Fluvisols,Alluvium,Agriculture,214.86,3.99,13153.73
0,21.0,110.6,883.0,-0.6,3.781,1777.2,0.688,Leptosols,Quartzite,Scrub,181.68,277.54,1932.8
0,18.93,203.36,1078.0,1.258,5.162,2301.9,0.911,Cambisols,Limestone,Forest,320.26,414.61,2634.45
1,38.79,250.63,2116.0,2.885,2.927,2075.6,0.328,Leptosols,Phyllite,Agriculture,140.23,1366.5,3028.31
0,32.72,22.62,642.0,1.18,3.428,1921.7,0.654,Cambisols,Quartzite,Forest,2191.8,406.4,6077.69
0,1.35,76.38,502.0,-0.153,8.396,1348.6,0.573,Cambisols,Alluvium,Agriculture,9.3,19.22,21710.25
0,23.75,46.66,807.0,2.082,4.372,1502.9,0.903,Luvisols,Phyllite,Forest,634.59,335.99,818.46
1,25.61,112.87,1003.0,-1.149,5.715,2151.2,0.713,Cambisols,Phyllite,Forest,183.55,108.32,8069.32
0,45.57,90.82,1560.0,1.383,3.662,2200.5,0.815,Cambisols,Granite,Scrub,2620.81,63.37,2525.93
0,18.49,324.58,2120.0,0.206,4.295,1706.0,0.674,Regosols,Granite,Forest,821.69,1823.48,7132.02
0,26.16,162.28,1885.0,1.461,4.362,1743.9,0.872,Cambisols,Shale,Forest,4234.98,986.41,985.16
0,22.81,265.08,1097.0,2.616,5.076,1804.3,0.859,Cambisols,Sandstone,Scrub,867.14,319.94,1832.13
1,24.96,30.52,1838.0,1.307,4.231,1982.4,0.778,Regosols,Sandstone,Forest,2103.47,385.32,826.27
0,37.4,124.63,1632.0,1.436,4.438,2301.9,-0.037,Regosols,Granite,Barren,91.3,555.8,3237.89
0,5.8,218.68,1967.0,0.24,6.846,2279.6,0.327,Regosols,Quartzite,Grassland,1319.83,380.74,3547.22
0,23.97,78.58,2961.0,-4.706,8.16,1429.8,-0.134,Cambisols,Schist,Barren,5981.72,139.22,508.62
0,30.95,85.09,1329.0,0.874,4.887,1214.1,0.929,Regosols,Shale,Forest,600.09,613.98,815.95
0,26.02,129.28,2870.0,1.338,,1801.2,0.683,Regosols,Quartzite,Forest,538.43,1135.57,2574.0
0,21.19,13.8,4587.0,0.196,4.571,1459.2,0.865,Leptosols,Schist,Forest,17533.73,446.88,10044.3
0,4.83,175.83,252.0,-0.519,7.267,1691.4,0.267,Cambisols,Alluvium,Builtup,168.83,567.3,7535.84
0,20.5,34.98,1711.0,0.955,4.904,1845.5,0.923,Cambisols,Sandstone,Forest,729.37,77.86,1937.35
0,27.5,219.51,748.0,0.366,5.267,2433.2,0.245,Cambisols,Sandstone,Agriculture,1066.16,547.72,5229.35
1,30.61,199.97,1465.0,0.109,5.851,2075.6,0.937,Leptosols,Schist,Forest,224.8,857.11,824.95
0,25.88,28.37,1670.0,-1.605,6.853,1763.3,0.806,Regosols,Quartzite,Scrub,685.47,97.16,4285.98
1,31.44,279.87,1630.0,-1.607,6.914,2201.8,0.353,Regosols,Phyllite,Builtup,235.76,82.97,242.73
1,33.49,353.84,1051.0,-0.069,7.913,2331.4,0.138,Cambisols,Sandstone,Builtup,100.4,648.08,1563.04
1,34.63,58.93,1283.0,0.338,7.058,1939.8,0.889,Leptosols,Shale,Scrub,436.92,17.49,6581.8
0,24.89,12.12,2134.0,-0.211,7.209,1966.5,0.281,Cambisols,Phyllite,Agriculture,2062.69,1044.91,1029.2
0,38.91,215.2,1788.0,0.273,6.491,1235.5,0.384,Leptosols,Granite,Grassland,3440.88,102.69,1261.07
0,10.72,122.4,697.0,1.239,6.889,2238.0,0.668,Cambisols,Sandstone,Forest,2902.48,1040.29,755.81
1,24.01,210.45,1794.0,1.38,5.409,1979.2,0.617,Cambisols,Phyllite,Forest,101.05,245.48,15.64
0,20.23,112.08,853.0,-1.143,6.131,1352.4,0.693,Regosols,Phyllite,Forest,298.6,490.57,3190.04
1,24.35,151.17,2307.0,0.385,3.583,1939.8,0.474,Regosols,Phyllite,Agriculture,178.93,1239.95,4664.91
0,24.75,24.77,2459.0,-0.298,6.111,1743.9,0.413,Cambisols,Schist,Agriculture,373.7,17.48,2105.15
0,27.31,92.68,2795.0,4.412,4.183,1245.1,0.746,Leptosols,Quartzite,Forest,21210.15,1096.36,5513.03
1,34.36,356.86,1888.0,2.078,3.433,1706.0,0.415,Leptosols,Quartzite,Agriculture,1273.54,152.94,477.05
1,14.49,0.21,767.0,-2.305,8.624,2331.4,0.609,Cambisols,Shale,Agriculture,599.77,121.32,1385.51
1,39.38,213.7,1738.0,2.024,4.588,2429.7,0.716,Luvisols,Phyllite,Scrub,2330.32,1354.99,1583.25
1,25.69,303.76,1529.0,-1.621,6.814,1743.9,0.447,Regosols,Quartzite,Agriculture,316.59,49.34,3601.89
0,1.37,336.91,234.0,0.635,9.392,1651.8,0.428,Fluvisols,Alluvium,Agriculture,139.8,297.8,4239.26
0,9.94,246.62,979.0,0.578,7.895,2331.4,0.824,Luvisols,Sandstone,Forest,1323.88,1052.29,2875.55
0,19.16,161.0,3591.0,0.267,5.791,1235.5,0.325,Cambisols,Gneiss,Grassland,106.19,286.28,5981.07
0,26.59,165.81,1326.0,-0.622,5.843,1492.1,0.287,Regosols,Limestone,Agriculture,138.25,318.05,7216.92
0,75.0,279.85,4416.0,2.355,2.522,1312.7,-0.042,Leptosols,Granite,Snow,2786.1,377.03,8561.24
0,0.64,-1.0,326.0,0.845,9.314,1879.0,0.964,Cambisols,Alluvium,Forest,193.18,207.82,12607.61
0,16.55,336.19,327.0,0.732,6.435,1618.8,0.507,Fluvisols,Sandstone,Builtup,194.26,596.06,11051.52
1,28.53,204.84,2503.0,-1.451,6.256,1743.9,0.374,Leptosols,Phyllite,Agriculture,197.19,465.24,3099.78
1,23.57,329.49,1866.0,-3.499,8.758,1954.2,0.947,Regosols,Phyllite,Forest,29.65,19.85,451.13
1,20.75,274.57,1568.0,-0.693,7.132,2151.2,0.489,Cambisols,Phyllite,Agriculture,134.18,13.03,2810.86
0,31.66,26.6,1193.0,4.655,3.742,2087.3,1.0,Regosols,Sandstone,Forest,423.75,3531.24,5075.27
1,24.61,199.64,1476.0,1.741,5.828,1979.2,0.809,Regosols,Limestone,Forest,378.79,163.13,1006.0
0,8.12,224.93,296.0,0.832,6.21,2195.0,0.727,Luvisols,Conglomerate,Agriculture,3098.86,424.02,2167.13
1,28.9,272.19,1956.0,-1.704,4.189,1492.1,0.422,Leptosols,Shale,Agriculture,85.64,25.01,617.95
1,30.27,267.96,2718.0,2.325,6.125,2301.9,0.806,Regosols,Phyllite,Forest,1167.14,191.16,1622.05
0,16.54,226.37,744.0,0.807,6.698,2238.0,0.899,Regosols,Conglomerate,Forest,5456.19,19.62,855.66
1,35.12,162.2,1184.0,0.648,3.38,1966.5,0.713,Cambisols,Granite,Agriculture,120.11,730.13,337.83
0,7.9,316.48,4314.0,0.4,5.606,1141.7,0.023,Cambisols,Gneiss,Barren,326.69,511.95,11969.51
0,25.76,295.97,428.0,1.451,4.973,1804.3,0.904,Cambisols,Sandstone,Forest,380.21,606.98,4527.7
0,63.14,164.63,2390.0,-0.479,5.098,2288.3,0.262,Luvisols,Granite,Agriculture,79.67,170.85,1156.09
0,24.56,291.55,3859.0,-2.447,8.638,1235.5,-0.087,Leptosols,Gneiss,Barren,6177.18,128.71,290.86
0,31.63,295.05,1683.0,0.469,4.328,2301.9,0.933,Leptosols,Schist,Forest,979.92,22.95,173.48
1,39.07,127.31,1495.0,1.766,5.326,1964.2,0.544,Regosols,Shale,Agriculture,82.53,199.53,54.92
0,23.49,251.06,2192.0,0.118,5.331,2075.6,0.193,Regosols,Phyllite,Agriculture,1202.9,77.08,1290.79
0,21.87,44.04,1145.0,-4.404,5.677,2429.7,0.421,Luvisols,Granite,Agriculture,596.53,276.7,210.4
0,0.64,-1.0,180.0,-1.565,10.625,1299.0,0.697,Cambisols,Alluvium,Forest,39.27,525.75,306.29
0,4.49,180.97,382.0,0.604,9.02,1651.8,0.58,Fluvisols,Sandstone,Agriculture,71.23,57.29,3679.16
0,31.68,133.87,4607.0,-1.797,6.287,1213.9,0.495,Leptosols,Schist,Grassland,2689.93,41.01,11861.72
1,21.38,194.1,2120.0,-1.731,5.981,1979.2,0.902,Cambisols,Phyllite,Forest,2449.81,83.33,1123.58
1,29.89,32.62,1253.0,2.179,4.875,2200.5,0.65,Cambisols,Granite,Scrub,425.83,660.92,1274.14
0,21.59,337.16,1779.0,0.084,7.078,1801.2,0.516,Cambisols,Granite,Agriculture,46.5,100.27,597.76
0,38.87,89.3,1139.0,1.081,4.776,1680.2,0.669,Regosols,Limestone,Scrub,682.85,69.12,5713.78
0,29.36,357.83,1322.0,0.393,6.147,2000.6,0.314,Cambisols,Sandstone,Agriculture,136.97,106.2,1990.32
0,16.55,273.98,1943.0,-0.722,5.382,1455.6,0.796,Cambisols,Schist,Forest,2392.5,74.37,1487.51
0,3.91,67.84,437.0,0.57,5.977,1691.4,0.512,Fluvisols,Alluvium,Builtup,305.86,291.17,6403.1
0,44.09,260.46,1766.0,3.967,4.803,1743.9,0.886,Regosols,Granite,Forest,253.74,460.07,203.23
1,30.61,245.3,1788.0,-3.146,7.914,1979.2,0.577,Regosols,Granite,Agriculture,1078.12,16.21,1837.37
0,38.54,61.55,954.0,2.029,3.113,1812.7,0.568,Cambisols,Granite,Agriculture,223.23,486.55,663.15
1,33.42,272.07,1528.0,-0.051,5.801,1801.2,0.85,Cambisols,Phyllite,Forest,13.94,88.42,3853.42
0,17.46,41.99,2278.0,3.035,4.922,2108.3,-0.006,Regosols,Limestone,Barren,817.63,1994.37,3175.02
1,30.6,14.83,1499.0,-0.81,6.979,1743.9,0.913,Luvisols,Phyllite,Scrub,1953.62,155.18,2183.32
1,16.11,134.7,1868.0,0.351,7.755,1492.1,0.299,Leptosols,Limestone,Agriculture,319.07,90.45,1159.32
1,37.9,216.01,1502.0,-1.114,4.691,1502.9,0.705,Cambisols,Limestone,Scrub,914.14,1161.59,3816.52
0,18.09,208.61,2792.0,2.529,4.721,1954.2,0.843,Regosols,Phyllite,Forest,1015.7,1628.26,1888.1
0,22.32,12.11,949.0,-3.246,7.653,2087.3,0.766,Cambisols,Sandstone,Forest,320.31,481.62,2998.38
1,38.47,81.18,328.0,-0.117,6.222,2151.2,0.741,Cambisols,Quartzite,Scrub,1150.36,75.56,10.25
1,40.56,125.29,2171.0,-2.842,6.685,1939.8,0.385,Cambisols,Shale,Agriculture,218.98,83.18,1438.5
1,32.79,190.32,3860.0,-5.502,8.94,1782.4,0.399,Leptosols,Gneiss,Grassland,5623.97,21.82,8978.52
0,19.56,94.9,1156.0,-1.045,5.07,2429.7,0.489,Regosols,Phyllite,Agriculture,92.26,501.44,283.2
0,11.98,357.58,1467.0,-0.133,6.574,1964.3,1.0,Regosols,Phyllite,Forest,204.76,76.59,1622.43
1,39.32,92.88,2426.0,-0.144,4.962,2108.3,0.66,Leptosols,Quartzite,Scrub,3560.88,349.46,5424.91
1,37.17,74.88,1394.0,3.45,3.542,2087.3,0.243,Regosols,Conglomerate,Builtup,132.41,76.77,2650.66
1,29.37,55.57,1561.0,-2.96,6.496,2279.6,1.0,Leptosols,Shale,Forest,546.47,126.15,3692.38
1,42.79,182.31,1119.0,0.158,5.277,2429.7,0.804,Cambisols,Shale,Scrub,955.73,188.03,3381.34
0,32.92,116.01,2619.0,1.557,5.655,1245.1,-0.194,Cambisols,,Barren,7716.51,1138.35,750.89
0,44.31,215.91,2193.0,0.205,5.674,1777.2,0.709,Cambisols,Quartzite,Forest,498.38,76.19,1261.41
0,30.34,346.06,1112.0,-1.662,4.851,1529.6,0.572,Luvisols,Granite,Forest,328.99,684.39,2249.5
0,40.57,98.9,2161.0,-0.754,6.3,1964.3,0.706,Cambisols,Quartzite,Forest,3370.21,501.34,521.42
0,37.22,35.5,1391.0,-1.273,4.913,1964.2,0.683,Luvisols,Limestone,Agriculture,890.93,314.14,1680.39
1,35.52,261.51,2036.0,-3.001,7.363,1761.1,0.478,Cambisols,Quartzite,Agriculture,92.48,36.63,11651.77
0,30.65,255.43,3187.0,0.906,4.858,1371.6,0.002,Leptosols,Gneiss,Barren,433.78,514.54,14030.85
0,24.25,304.2,1377.0,0.884,3.044,1477.7,0.69,Regosols,Shale,Forest,356.99,766.18,922.43
0,31.38,170.31,2093.0,1.666,5.565,1245.1,0.633,Leptosols,Gneiss,Forest,1305.86,746.48,5006.45
1,33.22,16.74,1059.0,0.059,6.328,2200.5,0.651,Regosols,Phyllite,Scrub,2031.51,54.67,288.68
0,21.44,147.22,2058.0,1.679,5.294,2200.5,0.513,Leptosols,Shale,Agriculture,854.06,420.93,7733.56
1,41.24,161.64,954.0,0.147,5.304,2108.3,1.0,Regosols,Shale,Forest,170.13,435.2,5055.01
0,56.79,329.88,1018.0,2.006,3.545,2201.8,0.73,Cambisols,Quartzite,Forest,398.94,1936.64,8270.35
0,16.23,4.03,1830.0,-2.129,9.128,2075.6,0.957,Luvisols,Quartzite,Forest,2139.81,268.4,4016.73
0,21.95,231.36,1061.0,0.255,4.026,1873.8,0.965,Cambisols,Sandstone,Forest,2608.99,624.77,949.67
0,13.14,220.09,1037.0,1.357,6.279,2238.0,0.84,Cambisols,Sandstone,Scrub,2936.31,266.1,2333.51
0,20.4,251.89,2133.0,0.748,5.922,1763.3,0.634,Regosols,Limestone,Agriculture,1003.95,129.97,16185.14
1,31.34,210.87,1524.0,-2.184,6.074,,0.797,Leptosols,Limestone,Forest,141.94,270.96,7926.59
0,16.39,335.24,4555.0,0.6,5.162,1514.4,0.901,,Quartzite,Forest,5806.16,1104.42,783.51
0,7.62,213.17,560.0,0.71,7.37,1299.0,0.108,Cambisols,Alluvium,Agriculture,121.37,359.06,6123.15
0,15.87,244.04,2167.0,0.356,7.907,2075.6,0.812,Luvisols,Limestone,Scrub,314.14,19.77,963.57
0,16.61,70.73,180.0,-0.857,6.745,2000.6,0.928,Cambisols,Sandstone,Forest,2093.92,134.67,1655.39
1,34.97,243.23,1166.0,0.736,3.342,1812.7,0.523,Regosols,Granite,Agriculture,498.21,1863.9,1447.54
0,35.72,258.41,1375.0,2.222,4.213,1352.4,0.848,Cambisols,Phyllite,Forest,105.0,996.68,5412.78
0,24.46,187.72,4893.0,-2.0,6.703,1371.6,-0.334,Regosols,Gneiss,Barren,2633.69,74.11,1602.83
1,38.05,106.41,1461.0,1.202,4.574,1979.2,0.645,Regosols,Schist,Forest,207.4,406.62,3927.14
1,32.86,1.45,1488.0,-0.924,5.69,1492.1,0.734,Cambisols,Shale,Scrub,1186.22,422.65,2134.29
1,47.34,207.74,860.0,-0.596,7.138,1954.2,0.677,Luvisols,Phyllite,Scrub,1557.54,95.32,890.16
1,30.59,103.68,1610.0,-1.433,6.586,2279.6,0.556,Cambisols,Schist,Agriculture,246.03,32.82,2013.24
0,30.67,91.32,2541.0,3.783,2.157,1371.6,0.222,Leptosols,Gneiss,Grassland,10717.05,765.91,1214.53
0,15.23,261.95,3731.0,3.24,4.366,1213.9,0.731,Regosols,Gneiss,Forest,4662.46,3265.75,1874.07
1,27.18,9.35,2537.0,0.146,5.011,2151.2,0.932,Regosols,Shale,Forest,365.85,27.68,2650.04
0,10.78,351.12,1164.0,0.207,6.421,1804.3,0.609,Cambisols,Shale,Forest,1231.6,311.34,964.44
0,2.13,49.66,480.0,-0.315,9.331,1879.0,0.614,Fluvisols,Alluvium,Builtup,2.81,68.48,6971.65
1,30.04,61.64,1685.0,0.135,6.541,1964.2,0.648,Cambisols,Schist,Agriculture,22.36,919.12,1106.75
1,27.78,225.15,1563.0,-0.235,6.028,1939.8,0.593,Luvisols,Shale,Scrub,320.3,230.68,3059.73
0,25.88,215.59,1072.0,-0.475,7.874,1706.0,0.702,Cambisols,Limestone,Forest,1589.22,141.41,1641.24
0,30.73,306.99,3255.0,-1.79,5.033,1141.7,0.308,Leptosols,Schist,Grassland,1214.02,411.99,1241.99
1,29.84,17.11,2216.0,0.486,5.767,2108.2,0.836,Cambisols,Phyllite,Forest,182.25,1080.64,10708.77
0,37.25,335.87,3528.0,2.123,3.059,1031.6,-0.247,Leptosols,Gneiss,Barren,2578.75,671.84,100.82
0,29.61,15.74,1376.0,2.822,3.385,2041.1,0.386,Cambisols,Sandstone,Builtup,45.78,807.92,5416.55
0,36.26,239.63,543.0,0.454,4.41,2288.3,-0.011,Luvisols,Shale,Barren,2695.45,735.88,5359.13
0,17.49,6.12,1209.0,-0.676,6.92,1954.2,0.882,Leptosols,Limestone,Forest,572.09,748.35,268.81
1,36.63,109.61,1548.0,-0.39,6.187,1801.2,0.383,Cambisols,Granite,Agriculture,174.92,147.2,197.64
0,34.2,351.21,1560.0,2.169,3.564,1214.1,0.98,Leptosols,Phyllite,Forest,1138.79,753.85,4557.02
1,30.21,277.79,1599.0,-0.418,4.687,1966.5,0.809,Luvisols,Phyllite,Scrub,1191.92,264.5,5192.96
0,6.11,325.07,180.0,1.841,5.888,1879.0,0.979,Cambisols,Alluvium,Forest,667.59,663.08,24501.14
0,30.44,299.57,4040.0,-0.478,4.925,1031.6,0.421,Leptosols,Schist,Forest,572.69,642.31,5673.79
1,35.49,71.68,3554.0,-1.33,6.988,1312.7,0.22,Leptosols,Gneiss,Grassland,3907.59,189.39,3250.06
0,48.41,237.82,2138.0,-3.836,4.283,2151.2,0.854,Cambisols,Limestone,Forest,1182.86,193.82,2779.83
0,17.14,132.21,3833.0,-0.734,6.732,1782.4,0.55,Regosols,Schist,Forest,4777.4,82.8,486.96
1,36.9,243.01,1681.0,-3.869,5.348,2279.6,0.783,Cambisols,Granite,Scrub,344.44,535.38,613.02
0,16.12,29.69,2265.0,-2.124,5.125,2108.2,0.578,Cambisols,Phyllite,Forest,865.86,751.03,1387.35
1,26.63,327.43,1167.0,-2.594,7.865,2195.0,0.617,Cambisols,Sandstone,Agriculture,573.7,948.26,505.38
1,32.57,319.81,1022.0,-0.751,6.783,2301.9,0.672,Leptosols,Schist,Agriculture,82.04,17.2,721.41
0,44.95,157.16,742.0,-1.298,3.496,1845.5,0.84,Luvisols,Sandstone,Forest,761.53,672.65,170.25
0,51.31,209.31,1341.0,3.143,2.375,2108.3,0.693,Cambisols,Shale,Scrub,1413.47,440.26,2614.24
0,14.3,117.08,4168.0,1.455,6.709,1031.6,-0.25,Cambisols,Granite,Snow,780.1,17.13,2265.9
0,53.39,175.77,1983.0,-5.64,6.78,1214.1,0.962,Cambisols,Phyllite,Forest,905.1,100.84,12161.68
0,22.8,262.45,2973.0,1.511,5.678,2301.9,0.817,Regosols,Schist,Forest,408.87,687.55,1262.78
0,26.44,186.44,2945.0,-0.256,5.408,1141.7,-0.131,Regosols,Schist,Barren,2018.91,683.05,1950.78
0,29.38,54.08,1110.0,1.027,3.54,1743.9,0.448,Cambisols,Limestone,Agriculture,152.27,228.41,7307.06
0,40.28,97.59,2297.0,-1.539,5.763,1502.9,0.365,Regosols,Schist,Agriculture,120.27,1149.42,1496.68
0,28.85,183.37,1938.0,2.14,3.959,1502.9,0.797,Cambisols,Quartzite,Forest,2030.65,636.33,238.17
0,7.91,208.08,372.0,-0.966,7.899,1618.8,0.677,Cambisols,Alluvium,Agriculture,281.19,676.6,5622.23
0,30.3,84.98,2057.0,-0.494,6.452,1801.2,0.842,Cambisols,Shale,Forest,1157.92,955.83,4130.57
1,25.93,309.43,1453.0,1.936,4.388,1502.9,0.473,Cambisols,Granite,Builtup,298.74,428.19,4658.69
0,19.92,195.91,622.0,2.749,5.505,1873.8,0.562,Cambisols,Sandstone,Scrub,2715.0,1503.57,1624.76
0,23.03,66.84,1590.0,0.358,5.418,2301.9,0.808,Cambisols,Phyllite,Scrub,2092.43,128.09,4176.64
0,48.32,26.69,1647.0,0.099,5.102,1743.9,0.676,Cambisols,Limestone,Agriculture,84.04,102.49,192.1
0,66.56,318.87,1541.0,1.845,3.015,2151.2,1.0,Cambisols,Schist,Forest,362.12,445.35,1093.67
1,29.73,283.05,1467.0,-2.951,7.552,1502.9,0.3,Cambisols,Schist,Builtup,216.98,16.16,6985.03
0,8.08,269.49,1958.0,-1.277,7.102,1680.2,0.568,Leptosols,Limestone,Scrub,1421.37,242.41,4701.59
0,43.6,99.4,3049.0,-2.323,6.317,1964.3,-0.048,Cambisols,Limestone,Barren,1455.59,72.25,989.73
0,18.21,131.74,1663.0,3.008,4.657,1801.2,0.944,Regosols,Quartzite,Forest,599.97,580.92,1255.88
1,31.87,24.53,2446.0,1.033,3.724,1761.1,0.321,Regosols,Schist,Agriculture,1395.75,261.23,2580.07
0,17.44,251.07,809.0,0.821,4.026,1801.2,0.869,Regosols,Limestone,Forest,933.57,96.65,71.49
1,12.45,279.7,1998.0,0.126,7.519,2075.6,0.458,Leptosols,Schist,Agriculture,109.3,501.93,6466.26
0,1.6,140.27,386.0,0.334,8.494,1299.0,0.762,Fluvisols,Alluvium,Agriculture,55.61,826.26,5540.62
1,28.85,198.01,1255.0,-1.26,5.231,2087.3,0.818,Regosols,Shale,Forest,116.27,307.89,745.53
0,5.46,228.88,206.0,0.333,6.527,1879.0,0.723,Cambisols,Alluvium,Agriculture,20.22,772.2,1246.48
1,35.47,70.95,1627.0,2.76,3.638,2288.3,0.947,Leptosols,Schist,Forest,659.75,1215.74,993.2
0,35.16,38.23,592.0,1.843,4.39,1352.4,0.706,Regosols,Schist,Forest,1010.84,736.1,1065.82
1,42.0,38.06,1433.0,-2.82,8.178,2151.2,0.902,Regosols,Phyllite,Forest,171.9,99.65,2238.31
0,1.27,258.28,328.0,-0.575,8.978,1333.1,1.0,Cambisols,Alluvium,Forest,501.09,253.73,4561.38
0,6.68,151.92,1261.0,-0.559,7.634,1214.1,0.46,Luvisols,Granite,Agriculture,1067.23,41.06,8604.11
0,13.93,83.03,743.0,0.896,6.964,2201.8,0.811,Cambisols,Shale,Scrub,413.37,121.68,602.77
1,41.08,120.89,1813.0,-1.102,5.441,2288.3,0.983,Regosols,Limestone,Forest,608.42,415.88,2032.3
0,10.89,216.71,370.0,-3.144,5.992,1691.4,0.666,Fluvisols,Alluvium,Builtup,57.21,1103.99,2526.07
0,42.04,203.84,1458.0,3.743,4.057,1502.9,0.337,Regosols,Phyllite,Agriculture,900.71,271.59,6645.27
1,28.21,279.3,1817.0,-0.617,6.415,1492.1,0.565,Cambisols,Phyllite,Forest,569.39,229.79,608.16
0,18.51,257.09,3093.0,-1.502,7.512,1429.8,0.544,Leptosols,Granite,Forest,6467.34,186.88,2102.1
1,23.77,60.06,2094.0,-1.113,7.623,1763.3,0.576,Leptosols,Schist,Agriculture,244.98,101.3,29.27
0,18.95,254.67,2465.0,-0.615,5.189,1213.9,0.579,Leptosols,Gneiss,Forest,285.88,349.87,685.67
1,30.04,223.75,2319.0,-2.922,7.596,2301.9,0.816,Regosols,Shale,Forest,630.91,146.22,1917.8
0,28.53,8.56,5108.0,3.402,4.719,1312.7,-0.262,Leptosols,Schist,Barren,6483.37,24.42,214.29
0,10.75,326.77,320.0,-0.997,7.9,2433.2,0.885,Cambisols,Sandstone,Forest,1869.82,89.7,2532.5
1,25.04,347.67,1387.0,-1.086,5.859,2345.3,0.558,Cambisols,Sandstone,Agriculture,335.84,269.89,7154.86
0,38.2,193.44,3477.0,0.444,4.475,1459.2,-0.059,Leptosols,Gneiss,Barren,5502.81,275.35,5224.24
0,24.62,126.41,1782.0,0.159,6.666,1954.2,0.439,Cambisols,Limestone,Forest,1516.61,884.58,6009.24
0,38.35,18.94,1990.0,1.54,5.033,2279.6,0.79,Cambisols,Limestone,Forest,637.92,171.14,1152.41
0,29.19,209.86,1514.0,-1.216,5.657,1964.2,0.335,Cambisols,Shale,Agriculture,80.37,168.13,7181.36
1,40.08,285.04,2190.0,-3.227,6.958,2151.2,0.432,Regosols,Shale,Scrub,460.09,3.41,787.41
0,56.31,34.46,3009.0,-3.196,5.923,1371.6,0.377,Leptosols,Granite,Grassland,2597.15,60.41,406.71
0,31.9,185.63,810.0,-0.454,5.334,2429.7,0.542,Cambisols,Quartzite,Agriculture,368.72,1349.37,16.04
0,52.33,265.22,2176.0,-0.197,4.745,1801.2,0.639,Regosols,Limestone,Scrub,963.62,72.71,818.58
0,34.61,221.83,3552.0,-1.421,7.325,1270.7,0.564,Leptosols,Granite,Forest,5789.42,197.68,655.63
0,15.6,190.85,301.0,-2.143,6.133,2345.3,0.464,Luvisols,Sandstone,Agriculture,873.3,336.03,2750.13
1,15.73,158.38,1229.0,-0.617,5.917,1954.2,1.0,Cambisols,Phyllite,Forest,76.92,281.11,3529.39
0,67.66,328.17,4386.0,6.67,1.3,988.1,-0.172,Glacier,Gneiss,Barren,2456.98,1816.33,212.99
0,47.45,20.01,4000.0,-6.867,8.421,1270.7,0.199,Glacier,Schist,Grassland,20777.37,72.72,9377.25
0,23.31,23.92,1638.0,-3.347,6.517,1031.6,0.416,Leptosols,Gneiss,Grassland,6004.85,236.86,179.88
0,11.29,126.6,861.0,0.537,4.736,1502.9,0.643,Regosols,Granite,Scrub,3135.37,404.4,2163.92
1,29.37,119.36,885.0,-0.029,5.91,2433.2,0.618,Regosols,Sandstone,Scrub,245.35,169.17,505.75
1,20.89,29.06,1667.0,-0.655,5.83,2279.6,0.565,Cambisols,Limestone,Agriculture,201.14,343.11,3871.24
0,55.25,51.27,4277.0,-3.017,5.316,1177.5,0.481,Leptosols,Quartzite,Grassland,3978.24,151.26,625.81
1,36.36,138.66,1534.0,0.45,4.159,1680.2,0.849,Luvisols,Phyllite,Forest,1037.83,233.42,472.52
1,31.06,241.77,1624.0,-1.21,5.391,2433.2,0.929,Regosols,Shale,Forest,1030.03,274.48,5356.41
0,53.13,308.07,2129.0,-6.319,7.365,1812.7,0.579,Cambisols,Shale,Agriculture,486.03,113.62,112.58
0,0.43,-1.0,391.0,-0.807,9.299,1348.6,0.801,Cambisols,Alluvium,Forest,226.64,168.44,6308.33
0,41.73,331.39,1828.0,8.084,2.133,1763.3,0.39,Cambisols,Limestone,Barren,1562.51,917.28,334.26
0,23.95,178.47,1737.0,-1.442,6.198,1812.7,-0.066,Cambisols,Schist,Barren,2940.45,185.75,1690.35
0,34.87,251.26,2068.0,-0.257,5.064,1455.6,0.695,Luvisols,Limestone,Agriculture,45.67,563.3,167.83
1,33.76,261.72,2162.0,1.898,5.249,1939.8,0.544,Leptosols,Phyllite,Scrub,1389.31,127.49,1867.91
0,44.49,51.66,1386.0,0.857,6.269,1812.7,0.692,Cambisols,Schist,Forest,796.08,827.62,38.98
1,38.53,67.21,851.0,-4.343,8.445,2238.0,0.867,Regosols,Shale,Scrub,298.8,96.74,40.96
0,54.89,341.28,5259.0,-1.098,3.297,1459.2,0.023,Leptosols,Granite,Snow,508.56,398.48,476.4
0,30.47,324.7,2695.0,1.222,4.164,1459.2,-0.127,Leptosols,Schist,Barren,1496.15,242.02,78.88
0,30.87,289.46,1098.0,4.856,3.85,2075.6,0.121,Cambisols,Quartzite,Barren,12.25,770.5,1314.38
0,12.65,230.29,1418.0,0.08,5.753,2331.4,0.714,Cambisols,Conglomerate,Forest,170.01,318.46,11516.71
1,28.0,157.98,1734.0,2.382,3.527,1502.9,0.598,Cambisols,Phyllite,Agriculture,48.83,2552.74,1078.33
1,34.77,8.95,2283.0,-3.488,6.954,1706.0,0.357,Cambisols,Schist,Builtup,903.86,78.38,414.72
1,30.34,110.5,2031.0,-3.433,6.004,1352.4,0.479,Cambisols,Phyllite,Agriculture,627.75,506.3,3482.28
1,39.68,350.64,1629.0,-5.02,7.097,2288.3,0.343,Regosols,Phyllite,Barren,394.57,9.03,1784.06
0,9.67,335.14,220.0,-1.392,8.6,1618.8,0.3,Fluvisols,Alluvium,Builtup,209.39,95.84,38930.52
0,42.31,215.21,938.0,0.046,3.601,1845.5,0.639,Cambisols,Conglomerate,Forest,2185.1,606.29,646.92
1,43.11,26.41,1101.0,-2.147,3.943,2238.0,1.0,Cambisols,Shale,Forest,270.73,319.24,5197.67
0,19.65,35.64,1987.0,-1.859,8.826,2075.6,0.948,Cambisols,Granite,Scrub,4591.74,224.55,3521.32
1,39.1,32.78,1922.0,2.702,5.086,1964.3,0.384,Cambisols,Shale,Forest,190.26,1294.43,1308.85
1,30.96,136.92,1610.0,-0.679,5.415,,0.854,Regosols,Schist,Scrub,92.86,569.16,7101.91
0,39.74,181.57,1436.0,-0.293,6.305,1761.1,0.34,Regosols,Schist,Agriculture,120.16,389.03,5982.24
0,32.67,306.84,3342.0,1.445,3.915,1782.4,0.207,Leptosols,Gneiss,Grassland,6642.23,183.3,2567.78
0,22.93,182.71,1645.0,3.098,3.814,1763.3,0.821,Luvisols,Schist,Forest,1058.74,40.01,1764.97
0,24.34,170.01,2209.0,0.932,6.851,2279.6,0.921,Cambisols,Limestone,Forest,529.01,128.16,12843.05
0,53.95,54.83,1776.0,-2.95,5.541,1812.7,0.501,Luvisols,Phyllite,Agriculture,652.42,81.52,4175.91
0,19.51,142.75,3599.0,0.4,7.112,988.1,0.42,Regosols,Quartzite,Grassland,1970.14,19.46,1984.44
0,42.93,155.57,4590.0,6.876,2.267,1310.2,-0.086,Leptosols,Gneiss,Barren,959.68,1504.89,5176.38
1,19.0,93.69,1528.0,-1.509,6.132,2433.2,0.733,Cambisols,Sandstone,Forest,5300.46,40.14,163.35
0,38.94,343.7,1897.0,1.334,7.048,2075.6,0.646,Regosols,Quartzite,Scrub,2100.17,67.78,2743.09
1,28.94,278.23,2098.0,-1.857,7.749,1529.6,0.562,Leptosols,Phyllite,Agriculture,101.25,94.89,18772.49
1,42.97,104.05,2256.0,0.564,6.529,2279.6,0.821,Luvisols,Quartzite,Forest,229.01,198.64,1296.91
0,0.9,-1.0,554.0,2.25,6.948,1651.8,0.39,Cambisols,Sandstone,Builtup,93.99,2497.97,11522.06
1,32.67,289.28,1390.0,1.635,2.643,2201.8,0.595,Cambisols,Phyllite,Agriculture,104.54,1537.58,716.49
1,37.87,111.86,1827.0,-1.767,7.137,2108.3,0.718,Regosols,Granite,Scrub,191.14,55.34,3983.02
0,30.8,308.32,2203.0,3.113,3.775,1964.2,0.298,Regosols,Phyllite,Scrub,157.18,514.13,1417.33
1,29.61,274.63,986.0,-1.721,7.41,2000.6,0.884,Cambisols,Sandstone,Scrub,522.61,77.99,217.86
1,34.56,171.51,2206.0,-0.852,6.404,2108.3,0.827,Cambisols,Limestone,Agriculture,64.31,262.96,1048.93
1,38.67,162.96,1001.0,-4.011,7.531,2429.7,0.431,Regosols,Granite,Agriculture,539.02,116.63,511.52
0,35.04,357.92,3340.0,-3.215,7.443,1235.5,0.686,Leptosols,Quartzite,Forest,5156.05,112.61,2090.12
0,15.95,94.0,1647.0,0.442,6.264,1706.0,0.673,Cambisols,Shale,Forest,166.11,1480.81,5060.62
1,25.84,193.83,1089.0,-4.548,6.999,2075.6,0.465,Luvisols,Limestone,Agriculture,741.29,145.71,2378.73
0,29.77,6.74,1100.0,3.381,4.969,2041.1,0.841,Cambisols,Sandstone,Forest,783.78,15.04,27.53
1,26.06,210.73,2131.0,-0.515,5.972,1455.6,0.976,Cambisols,Shale,Forest,151.38,256.57,1327.8
1,27.8,77.57,1626.0,-1.606,6.91,1979.2,0.907,Cambisols,Limestone,Scrub,1696.81,19.39,494.8
0,50.69,169.3,1648.0,-3.313,7.082,1964.2,-0.213,Leptosols,Schist,Barren,2476.74,178.05,219.67
0,15.33,65.38,5064.0,-0.842,7.126,1459.2,-0.267,,Gneiss,Snow,9193.23,393.58,1059.94
0,15.46,95.62,3698.0,0.162,6.09,1031.6,0.897,Leptosols,Gneiss,Forest,6231.22,211.58,2909.24
1,19.27,128.6,1652.0,1.558,3.487,2301.9,0.952,,Phyllite,Forest,152.05,3584.26,379.55
0,23.23,62.58,1365.0,2.523,3.816,1966.5,0.812,Leptosols,Phyllite,Scrub,1572.89,1066.63,3870.12
1,9.03,341.38,1579.0,2.18,6.21,2108.2,0.605,Luvisols,Phyllite,Agriculture,185.07,1201.37,620.21
1,35.78,290.67,657.0,-2.449,7.573,2433.2,0.798,Luvisols,Shale,Forest,1114.15,93.54,6440.1
0,25.61,31.06,958.0,-1.618,7.124,1873.8,0.748,Regosols,Sandstone,Agriculture,13.55,1245.79,4099.41
0,39.56,277.9,2321.0,-1.833,6.442,1477.7,0.709,Cambisols,Shale,Scrub,1057.51,1706.89,150.15
0,11.99,151.15,1214.0,-0.184,5.416,2345.3,0.413,Cambisols,Shale,Forest,1328.3,59.22,2760.65
0,22.24,285.82,4074.0,-1.944,6.732,1312.7,0.866,Leptosols,Gneiss,Forest,6452.53,268.05,7037.53
0,41.08,38.36,1773.0,4.747,1.488,1939.8,0.953,Leptosols,Granite,Forest,2725.77,3171.65,4582.35
0,13.6,325.75,1938.0,-0.602,6.16,2429.7,0.622,Leptosols,Quartzite,Scrub,894.51,1184.17,3100.24
1,39.46,353.25,1792.0,-2.306,8.247,1979.2,0.24,Leptosols,Phyllite,Builtup,20.74,87.47,131.16
0,31.01,317.02,1526.0,-1.353,4.571,1812.7,0.882,Cambisols,Quartzite,Forest,1008.61,730.04,1.87
0,26.46,291.76,4072.0,-1.275,3.126,1459.2,0.003,Cambisols,Gneiss,Barren,746.85,466.92,2481.68
1,28.39,286.33,1320.0,1.204,5.377,1492.1,0.039,Cambisols,Phyllite,Barren,337.42,465.81,8672.22
1,40.86,87.56,2438.0,1.44,4.376,1964.3,0.557,Regosols,,Forest,137.0,789.38,3040.97
0,32.77,175.28,4323.0,0.95,6.743,988.1,0.596,Leptosols,Granite,Grassland,4066.45,11.96,855.05
1,38.35,98.42,3858.0,-2.854,7.038,1429.8,0.537,Leptosols,Gneiss,Grassland,2143.91,83.47,2772.67
0,31.33,332.28,2392.0,1.224,5.914,1455.6,0.034,Regosols,Quartzite,Barren,3609.35,74.26,98.96
0,58.35,13.22,1201.0,0.618,7.407,2195.0,1.0,Cambisols,Sandstone,Forest,1399.22,89.77,1847.2
0,6.8,341.11,474.0,0.246,8.834,1651.8,0.573,Fluvisols,Alluvium,Agriculture,242.07,127.38,9393.49
1,32.5,200.23,2095.0,1.232,5.101,2201.8,0.996,Cambisols,Granite,Forest,1013.56,67.77,77.63
0,24.17,256.05,1552.0,1.006,5.751,2279.6,0.79,Regosols,Limestone,Forest,2512.62,51.37,312.77
0,22.34,269.41,1810.0,0.279,7.857,1214.1,0.91,Cambisols,Granite,Forest,1104.02,1.47,6387.96
0,19.88,98.52,1553.0,-1.031,9.316,2429.7,0.662,Leptosols,Limestone,Forest,655.1,108.23,498.6
1,34.17,345.72,1245.0,0.074,6.114,2429.7,0.302,Luvisols,Shale,Agriculture,204.17,111.76,2402.27
1,21.27,182.33,1906.0,0.583,7.096,2108.2,0.919,Luvisols,Phyllite,Forest,248.47,62.57,3575.41
0,24.19,100.51,1882.0,-1.521,6.142,2301.9,0.721,Cambisols,Phyllite,Scrub,268.52,85.98,8123.95
1,24.74,153.73,1734.0,-1.239,5.818,1492.1,0.99,Luvisols,Quartzite,Scrub,447.74,171.58,2390.49
0,3.9,46.52,180.0,1.013,7.386,1348.6,0.508,Fluvisols,Alluvium,Agriculture,45.49,857.77,7390.54
1,29.24,127.79,1969.0,3.241,5.814,1801.2,0.059,Leptosols,Phyllite,Barren,1035.86,948.7,1506.48
0,38.63,264.75,3519.0,-0.662,4.76,1141.7,-0.07,Cambisols,Granite,Barren,1344.72,196.23,6584.03
0,45.6,237.91,3309.0,-3.967,7.106,1213.9,0.39,Leptosols,Granite,Grassland,146.3,26.64,532.06
0,27.12,134.89,1689.0,-0.03,5.81,1477.7,0.381,Leptosols,Schist,Agriculture,112.33,158.79,3593.7
0,16.45,222.95,3533.0,-1.111,6.853,1177.5,0.272,,Granite,Grassland,2942.21,86.18,6394.49
1,33.47,255.63,1929.0,0.544,4.987,2429.7,0.827,Regosols,Shale,Scrub,899.25,948.35,9247.27
0,0.49,-1.0,420.0,-0.12,9.959,1618.8,1.0,Cambisols,Alluvium,Forest,254.52,138.39,16462.67
0,6.47,263.04,400.0,0.962,6.452,1432.6,0.758,Fluvisols,Alluvium,Agriculture,97.24,1084.34,11812.37
0,40.09,167.48,2119.0,2.758,3.425,1964.2,0.45,Regosols,Phyllite,Agriculture,244.51,484.05,8167.02
1,35.61,169.11,4456.0,-1.142,5.665,1213.9,-0.201,Leptosols,Gneiss,Snow,3099.3,181.16,3741.16
0,1.66,309.86,376.0,0.888,9.153,1879.0,0.397,Fluvisols,Alluvium,Agriculture,18.16,245.51,4618.48
0,10.94,209.21,839.0,0.556,6.966,2433.2,1.0,Cambisols,Sandstone,Forest,1740.03,219.05,848.32
1,28.47,171.19,866.0,0.293,5.945,2433.2,0.459,Luvisols,Sandstone,Agriculture,1981.27,207.35,502.19
1,33.76,297.26,849.0,-2.015,7.337,2429.7,0.831,Regosols,Phyllite,Scrub,3696.47,204.0,586.44
1,32.53,205.59,1943.0,-0.835,6.375,2301.9,0.523,Cambisols,Phyllite,Agriculture,226.29,65.08,2900.01
0,31.42,237.2,1165.0,-0.564,4.085,1982.4,0.848,Regosols,Sandstone,Forest,2068.16,135.66,5925.3
1,31.45,122.06,1766.0,-2.464,6.757,2151.2,0.554,Cambisols,Phyllite,Agriculture,118.14,82.04,853.26
0,13.76,61.19,935.0,0.072,7.494,2345.3,0.749,Regosols,Sandstone,Forest,2525.79,19.25,2847.51
0,18.47,150.13,2999.0,-0.959,5.75,1310.2,0.242,Regosols,Granite,Barren,1614.99,247.21,1919.25
0,23.11,337.11,2212.0,-1.51,6.495,1921.7,0.361,Luvisols,Shale,Agriculture,119.99,100.86,551.76
1,33.26,298.4,1976.0,-1.729,5.48,1964.3,0.01,Cambisols,Schist,Barren,397.32,132.8,1467.91
1,40.77,274.02,1764.0,-0.199,5.339,1966.5,0.936,Cambisols,Quartzite,Scrub,238.44,231.5,646.44
0,34.99,202.42,743.0,-1.986,8.167,1477.7,0.727,Cambisols,Phyllite,Forest,1334.26,41.8,330.1
1,37.39,4.39,1991.0,-1.194,6.142,,0.347,Cambisols,Quartzite,Agriculture,470.98,29.9,2921.51
0,20.1,34.28,1205.0,0.888,3.96,1809.4,0.983,Cambisols,Sandstone,Forest,2245.31,346.52,2665.11
0,43.63,315.91,919.0,1.372,4.3,1492.1,0.87,,,Forest,342.15,1119.11,23975.09
0,4.05,11.07,492.0,-0.593,9.347,1691.4,0.784,Cambisols,Alluvium,Forest,692.22,51.65,14228.43
0,28.03,245.31,1382.0,-0.633,5.865,2200.5,0.822,Cambisols,Granite,Agriculture,915.69,571.84,2043.14
0,0.47,-1.0,248.0,-0.367,11.504,1879.0,0.518,Fluvisols,Alluvium,Agriculture,471.04,296.43,10919.83
0,19.27,253.77,1592.0,-0.03,6.182,2301.9,0.625,Regosols,Granite,Forest,1228.8,2455.59,4820.42
1,28.36,142.35,1670.0,-3.364,5.192,2201.8,0.718,Regosols,Quartzite,Forest,1372.36,77.8,443.03
0,25.62,71.96,1118.0,1.34,5.423,1921.7,0.543,Leptosols,Quartzite,Agriculture,95.56,1160.66,1297.95
0,21.67,154.57,2828.0,1.228,5.875,1763.3,0.097,Regosols,Schist,Barren,813.34,1852.45,2614.11
0,44.48,178.7,676.0,0.203,5.978,1214.1,0.934,Cambisols,Shale,Forest,1268.05,108.06,183.5
0,19.45,38.51,180.0,0.439,5.549,2238.0,0.697,Cambisols,Sandstone,Agriculture,2102.21,129.44,1663.35
0,6.61,3.56,2659.0,0.229,6.488,1310.2,-0.127,Leptosols,Gneiss,Barren,6814.18,182.12,32.02
0,37.32,88.82,651.0,0.08,5.521,2200.5,1.0,Regosols,Granite,Forest,3518.3,516.96,532.93
0,2.07,339.95,301.0,1.261,7.121,1432.6,0.899,Fluvisols,Alluvium,Forest,656.38,138.23,6288.52
0,7.75,103.25,728.0,1.484,5.486,2041.1,0.834,Regosols,Sandstone,Forest,3090.0,515.73,961.38
0,21.43,137.3,1647.0,-1.758,5.847,1761.1,0.738,Regosols,Phyllite,Forest,19.98,254.51,216.42
0,35.79,96.92,2717.0,-4.88,8.174,1214.1,0.692,Regosols,Quartzite,Forest,605.72,167.68,906.55
0,17.76,239.66,2465.0,0.592,7.141,1310.2,-0.211,Leptosols,Schist,Barren,273.21,233.6,2312.68
0,22.37,78.3,1037.0,-1.19,5.473,1502.9,0.918,Regosols,Granite,Forest,43.22,443.58,3988.75
0,20.16,351.37,1199.0,1.962,5.132,2201.8,0.713,Cambisols,Phyllite,Forest,793.96,211.94,592.29
0,39.99,310.84,856.0,-0.596,5.889,1812.7,0.878,Leptosols,Quartzite,Forest,1415.5,892.75,1361.96
1,39.94,275.88,1851.0,-0.798,3.707,2279.6,0.629,Leptosols,Phyllite,Agriculture,288.71,317.86,1315.88
0,17.84,85.75,1337.0,0.055,5.957,1777.2,0.631,Regosols,Schist,Agriculture,137.18,33.39,1158.69
0,29.7,71.12,1030.0,9.937,1.378,2331.4,0.793,Regosols,Sandstone,Forest,6432.65,4053.67,2323.16
0,2.4,20.51,443.0,0.933,7.76,1348.6,0.338,Fluvisols,Sandstone,Agriculture,85.99,182.55,5447.63
1,40.35,304.76,1457.0,0.717,5.759,1777.2,0.436,Regosols,Shale,Agriculture,56.71,63.5,5885.12
0,15.47,178.74,1592.0,-0.632,6.204,2000.6,0.856,Cambisols,Sandstone,Forest,554.81,451.17,3855.66
0,40.31,84.34,4425.0,-0.025,6.265,1245.1,-0.28,Cambisols,Granite,Snow,25000.0,364.12,357.11
0,38.19,200.26,1516.0,-1.423,4.185,1706.0,1.0,Cambisols,Shale,Forest,94.02,1189.11,2185.31
0,35.83,93.91,3210.0,3.924,2.807,1302.3,0.403,Leptosols,Gneiss,Grassland,9829.37,308.82,1305.02
0,46.37,134.26,901.0,5.324,3.523,1982.4,0.706,Cambisols,Conglomerate,Forest,781.44,2176.54,2786.39
0,14.87,32.97,1208.0,0.996,6.281,2041.1,0.831,Cambisols,Shale,Forest,829.42,543.17,4846.88
0,31.72,253.02,1204.0,-0.895,4.052,1777.2,0.786,Regosols,Quartzite,Forest,381.27,465.25,4878.83
0,27.27,114.4,514.0,0.549,5.4,2433.2,0.991,Cambisols,Conglomerate,Scrub,10225.94,1014.6,2548.24
0,32.6,116.98,2104.0,-0.738,6.838,1777.2,0.773,,Quartzite,Forest,3530.65,279.02,8773.42
0,17.67,15.49,1237.0,1.357,5.503,1979.2,0.464,Regosols,Schist,Agriculture,101.85,188.16,1365.89
0,26.22,106.52,4119.0,-0.861,7.457,1177.5,-0.007,Cambisols,Quartzite,Barren,4951.35,46.65,743.7
0,43.17,89.13,1561.0,-0.233,4.787,2195.0,0.569,Luvisols,Conglomerate,Forest,1212.66,60.8,512.06
0,19.2,84.59,859.0,-1.361,7.21,2195.0,0.528,Cambisols,Conglomerate,Agriculture,263.22,175.19,17.98
0,13.2,265.93,815.0,-0.25,5.796,2041.1,1.0,Cambisols,Shale,Forest,35.94,404.17,4069.64
1,32.69,84.03,1675.0,-2.892,6.171,1801.2,0.703,Cambisols,Schist,Forest,481.08,252.68,28.4
0,24.79,5.03,5643.0,1.816,4.954,1031.6,-0.096,Cambisols,Gneiss,Barren,863.14,939.17,72.53
0,24.42,104.87,865.0,0.892,5.54,2000.6,0.92,Cambisols,Shale,Forest,1060.39,521.23,329.59
0,3.09,90.45,299.0,-0.284,7.695,1432.6,0.806,Cambisols,Alluvium,Forest,195.15,674.63,3238.44
0,8.03,130.28,1347.0,-1.474,7.629,1529.6,0.033,Cambisols,Phyllite,Barren,1934.52,252.44,1809.24
0,28.24,353.1,2028.0,-0.433,6.304,1502.9,0.311,Leptosols,Limestone,Agriculture,138.52,529.49,1054.69
0,27.8,54.1,1685.0,1.734,3.319,1477.7,0.714,Luvisols,Granite,Forest,804.52,2599.1,4918.4
0,30.24,9.1,843.0,-2.744,7.449,1529.6,0.643,Regosols,Schist,Scrub,1898.16,783.1,3333.21
0,37.02,89.59,2050.0,0.552,4.172,1132.9,-0.147,Leptosols,Quartzite,Barren,5224.14,25.66,2940.73
0,5.16,168.34,327.0,-1.092,7.228,1299.0,0.638,Cambisols,Alluvium,Agriculture,6.41,385.41,5353.91
1,35.7,252.76,1164.0,-4.374,8.257,2331.4,1.0,Cambisols,Sandstone,Forest,3001.07,9.95,31.76
1,36.79,18.56,1044.0,0.031,4.818,2429.7,0.619,Leptosols,Schist,Agriculture,548.62,30.91,19711.7
0,18.96,203.75,685.0,0.728,6.05,2433.2,0.643,Regosols,Sandstone,Agriculture,129.04,187.71,386.78
0,56.52,166.04,1779.0,1.179,4.342,1529.6,0.337,Luvisols,Limestone,Scrub,1240.58,135.21,3888.15
1,67.85,327.01,868.0,-5.611,6.482,2201.8,0.082,Luvisols,Quartzite,Barren,1035.01,480.92,7550.75
1,38.55,246.51,1725.0,-1.167,4.569,1529.6,-0.048,Regosols,Shale,Barren,496.38,143.73,58.58
1,42.32,118.73,1364.0,-2.08,7.145,2108.3,0.427,Cambisols,Schist,Agriculture,51.57,401.2,2335.32
1,31.35,320.96,1305.0,0.024,7.228,1939.8,0.7,Regosols,Phyllite,Forest,113.25,11.37,2682.85
0,20.51,46.79,1733.0,-1.831,8.712,2288.3,1.0,Luvisols,Schist,Scrub,180.96,181.93,1132.85
0,22.41,162.23,2311.0,-1.705,7.403,1763.3,0.755,,Shale,Forest,168.32,827.82,243.72
0,5.11,191.78,582.0,-0.406,5.799,1651.8,0.865,Cambisols,Alluvium,Agriculture,280.06,597.13,2410.56
0,23.08,355.0,2271.0,-2.916,7.437,2108.3,0.877,Cambisols,Granite,Forest,320.57,80.95,4182.01
0,39.57,135.59,2722.0,-0.768,4.757,1777.2,0.799,Cambisols,Phyllite,Forest,2221.61,1410.45,1267.7
1,35.43,66.9,1700.0,-0.111,4.935,2429.7,0.707,Regosols,Phyllite,Scrub,68.55,146.3,3497.36
0,13.41,222.17,779.0,0.669,3.916,2000.6,0.847,Cambisols,Sandstone,Forest,205.57,1176.52,1607.91
0,36.51,297.03,2632.0,-3.45,7.242,1921.7,0.483,Regosols,Shale,Forest,296.64,381.24,8289.27
1,26.58,43.11,1497.0,0.494,6.025,2201.8,0.697,Cambisols,Phyllite,Scrub,953.43,136.25,548.33
0,25.93,283.27,3491.0,-1.757,7.15,1514.4,0.389,Leptosols,Gneiss,Grassland,5474.91,253.71,295.56
0,36.08,191.79,1931.0,4.501,4.834,1477.7,0.844,Leptosols,Limestone,Forest,449.15,338.43,8209.73
1,31.08,249.66,1657.0,-0.84,6.494,1964.2,0.891,Cambisols,Phyllite,Forest,68.56,42.32,2021.08
0,34.11,141.19,2304.0,-1.63,6.073,1939.8,0.199,Luvisols,Shale,Barren,207.93,293.93,2493.39
0,0.92,-1.0,383.0,-1.203,9.334,1651.8,0.393,Cambisols,Sandstone,Agriculture,170.3,90.74,10993.83
1,34.19,225.44,1827.0,-1.275,6.926,2151.2,0.577,Cambisols,Phyllite,Forest,4900.75,51.41,1107.71
0,14.5,4.62,772.0,0.997,6.487,2429.7,0.286,Regosols,Quartzite,Builtup,3320.66,290.78,2334.65
1,37.31,103.04,1161.0,-1.08,5.029,2345.3,0.448,Cambisols,,Agriculture,204.84,1029.82,1801.47
1,43.22,121.23,1246.0,-1.005,5.171,2108.2,0.858,Cambisols,Schist,Forest,441.44,1359.24,3665.4
1,28.11,100.56,1477.0,-0.972,4.23,2151.2,-0.27,Cambisols,Quartzite,Barren,1159.76,478.99,2212.37
1,35.64,156.64,1337.0,0.799,3.164,2108.2,0.315,Regosols,Phyllite,Agriculture,332.16,790.88,296.2
1,38.79,274.85,2714.0,-3.577,6.16,1782.4,-0.064,Leptosols,Gneiss,Barren,5685.41,435.82,11767.08
1,34.2,49.13,1547.0,-6.187,9.765,1964.3,0.907,Cambisols,Phyllite,Agriculture,111.39,25.44,1980.21
0,26.5,244.6,1223.0,0.757,5.413,2238.0,0.954,Cambisols,Shale,Scrub,205.34,108.66,667.06
0,23.39,33.8,2136.0,-0.475,7.4,1966.5,0.787,Cambisols,Quartzite,Forest,410.11,130.76,974.42
0,64.35,166.56,1499.0,-5.169,7.31,2151.2,0.759,Cambisols,Quartzite,Forest,271.72,195.19,4365.78
0,18.27,163.9,3694.0,1.692,5.299,1312.7,0.5,Leptosols,Schist,Grassland,2673.14,317.3,1390.2
0,40.87,136.13,1715.0,-3.511,6.256,1761.1,0.778,Cambisols,Limestone,Forest,1362.98,112.04,2305.09
0,51.16,321.12,1551.0,2.183,4.015,1477.7,-0.063,Leptosols,Shale,Barren,602.77,285.1,3790.06
1,24.07,128.35,896.0,0.99,6.127,2433.2,0.715,Luvisols,Shale,Scrub,165.25,3.24,1754.43
1,35.57,184.19,1600.0,-4.578,6.895,1964.3,0.189,Cambisols,Quartzite,Agriculture,1117.82,73.26,9573.78
0,13.66,91.87,473.0,0.271,6.59,1299.0,0.688,Fluvisols,Alluvium,Agriculture,48.79,200.51,4568.66
0,19.21,222.42,1507.0,-0.185,8.209,1761.1,0.077,Cambisols,Shale,Barren,782.17,103.36,459.75
1,36.27,205.7,1474.0,-2.635,6.217,2108.2,0.364,Regosols,Granite,Agriculture,345.54,60.86,3376.77
1,46.29,243.92,1373.0,-0.406,4.47,2108.2,0.444,Cambisols,Phyllite,Grassland,761.86,364.44,2610.51
1,19.78,271.75,1243.0,-1.61,6.592,2433.2,0.862,Cambisols,Sandstone,Scrub,887.78,644.92,4104.31
1,31.97,178.42,1913.0,-1.187,6.373,2301.9,0.924,Regosols,Quartzite,Forest,1813.06,313.31,19.74
0,28.8,186.82,3722.0,0.987,3.968,1312.7,0.39,Regosols,Gneiss,Grassland,1481.46,245.94,3574.25
0,25.49,327.62,1215.0,-2.975,7.991,1743.9,0.455,Regosols,Limestone,Forest,283.82,225.61,3127.19
0,14.88,93.06,843.0,1.643,6.137,1809.4,0.891,Cambisols,Shale,Scrub,398.59,25.95,3122.2
0,27.05,267.1,2055.0,0.412,6.405,2301.9,0.778,Cambisols,Granite,Forest,762.21,46.81,5177.77
1,25.41,209.57,1741.0,0.988,5.18,1502.9,0.451,Regosols,Phyllite,Agriculture,138.76,202.48,6547.41
0,22.89,330.85,2270.0,2.812,3.179,2301.9,0.406,Cambisols,Quartzite,Agriculture,29.11,1723.18,1356.58
1,27.52,66.26,1588.0,-2.007,5.924,1964.3,0.421,Leptosols,Schist,Agriculture,512.59,62.85,3646.09
0,52.13,279.44,1108.0,2.968,5.845,2200.5,0.929,Regosols,Limestone,Scrub,2.87,29.6,5191.13
1,31.9,226.15,1875.0,-1.418,4.514,1214.1,0.471,Cambisols,Schist,Agriculture,136.16,1397.58,2066.52
1,39.71,49.7,817.0,3.717,4.506,2345.3,0.793,Regosols,Sandstone,Forest,190.32,512.63,260.96
0,6.06,19.89,429.0,0.137,9.128,1879.0,0.991,Cambisols,Alluvium,Forest,656.68,112.23,4468.56
0,45.73,287.16,5078.0,3.196,3.419,1102.0,-0.324,Leptosols,Schist,Barren,17165.57,253.03,17993.65
0,22.42,98.82,951.0,2.254,4.192,2000.6,0.734,Luvisols,Conglomerate,Forest,1953.5,4196.58,626.45
0,16.66,140.69,2395.0,-0.263,6.596,1777.2,0.702,Cambisols,Shale,Agriculture,191.55,335.48,87.42
1,36.73,207.57,1811.0,-1.613,6.292,1966.5,0.429,Cambisols,Phyllite,Grassland,1198.96,230.0,1496.85
1,31.58,198.15,1275.0,-0.775,4.55,2331.4,0.658,Cambisols,Sandstone,Scrub,954.62,128.27,13591.29
0,47.57,264.83,3174.0,0.679,3.705,1302.3,0.869,Regosols,Gneiss,Forest,655.77,319.5,3829.07
0,7.98,167.32,244.0,-0.587,7.368,1333.1,0.654,Fluvisols,Alluvium,Agriculture,9.94,847.05,9991.28
0,1.15,220.08,180.0,0.343,9.779,1432.6,0.759,Cambisols,Alluvium,Forest,556.82,48.02,11428.63
1,44.02,309.77,1127.0,-1.492,7.835,2429.7,0.49,Regosols,Limestone,Scrub,89.23,32.03,3739.42
0,1.92,79.82,244.0,0.422,9.122,1691.4,0.195,Fluvisols,Sandstone,Builtup,50.18,41.61,2685.11
1,43.6,208.42,2280.0,-1.497,5.295,2429.7,0.51,Regosols,Phyllite,Agriculture,328.01,92.42,1740.71
1,34.85,290.36,1222.0,4.465,3.652,2151.2,0.414,Cambisols,Phyllite,Barren,1111.36,11.62,9608.41
1,36.19,144.1,2328.0,-1.946,4.923,2151.2,-0.153,Cambisols,Schist,Barren,4245.84,327.76,2010.95
1,35.04,129.22,1611.0,3.263,4.952,2200.5,1.0,Luvisols,Limestone,Forest,432.01,4848.38,1433.48
0,28.93,243.07,1576.0,-3.597,7.52,1964.2,0.753,Cambisols,Limestone,Forest,1590.04,99.02,2762.51
0,15.59,30.68,938.0,-0.24,5.746,2195.0,0.611,Luvisols,Sandstone,Forest,3480.42,186.33,6863.82
0,24.01,349.25,1705.0,-2.456,5.814,1979.2,0.612,Cambisols,Granite,Scrub,1684.6,144.53,704.25
1,64.21,57.8,1527.0,-1.64,5.409,2429.7,0.449,Cambisols,Phyllite,Barren,801.16,58.32,2050.38
1,40.39,81.63,2069.0,0.381,3.632,2075.6,0.677,Regosols,Limestone,Forest,55.28,248.53,10894.19
1,35.1,213.27,1446.0,-2.8,6.132,2279.6,0.788,Regosols,Quartzite,Forest,287.38,877.09,725.64
0,3.06,289.92,237.0,-1.643,9.114,1691.4,0.64,Fluvisols,Alluvium,Builtup,136.01,80.02,3186.42
0,16.06,324.53,1395.0,0.677,5.757,1761.1,0.503,Cambisols,Schist,Agriculture,59.7,357.93,199.71
0,5.91,198.21,454.0,-1.315,8.333,1879.0,0.828,Fluvisols,Alluvium,Forest,10.87,707.64,7335.18
0,14.75,128.41,1046.0,1.529,5.053,1809.4,0.663,Luvisols,Shale,Forest,394.71,296.08,1172.02
0,40.83,244.18,572.0,0.409,5.501,1964.2,0.669,Cambisols,Phyllite,Forest,565.82,72.06,5306.78
1,27.15,249.78,2271.0,-1.994,7.205,1680.2,0.264,Luvisols,Phyllite,Agriculture,389.6,170.25,8059.87
0,63.22,125.88,1909.0,-0.492,3.346,1502.9,0.862,Cambisols,Phyllite,Forest,178.96,147.55,2796.66
1,26.58,106.89,1083.0,1.046,1.907,2288.3,0.788,Luvisols,Schist,Scrub,33.36,821.81,547.73
0,32.9,96.58,1989.0,1.013,5.015,1270.7,0.121,Leptosols,Schist,Barren,13263.96,179.01,7413.08
1,32.75,226.99,1056.0,-1.328,5.922,1455.6,0.87,Cambisols,Schist,Scrub,264.92,508.51,4683.99
1,42.99,310.7,1558.0,-2.042,4.249,1939.8,0.284,Leptosols,Limestone,Barren,1770.62,184.54,390.64
0,3.2,17.65,421.0,-0.23,8.851,1432.6,0.629,Cambisols,Alluvium,Forest,83.87,173.2,1931.61
0,29.99,68.12,1121.0,0.973,5.924,1455.6,0.682,Cambisols,Phyllite,Scrub,2478.73,400.09,703.83
1,34.36,137.66,1320.0,0.64,4.064,1873.8,0.904,Regosols,Conglomerate,Forest,2349.58,286.27,4210.32
0,21.16,186.24,2335.0,0.964,5.607,1529.6,0.593,Regosols,Schist,Agriculture,121.87,508.06,10530.2
0,32.74,45.08,1737.0,1.061,2.723,1964.2,0.878,Regosols,Limestone,Forest,270.53,299.83,269.02
0,14.13,128.19,1195.0,0.37,7.657,2345.3,0.928,Regosols,Sandstone,Forest,861.18,113.63,3296.47
0,26.85,304.83,368.0,-1.44,6.7,2000.6,0.895,Cambisols,Shale,Forest,1286.95,134.15,12965.86
0,31.62,208.82,1925.0,-0.905,6.558,1964.3,0.544,Luvisols,Schist,Agriculture,906.5,260.2,2299.19
0,49.32,27.32,4270.0,-1.425,4.363,1141.7,0.331,Regosols,Gneiss,Snow,3138.88,794.64,1035.53
0,15.88,133.04,1698.0,-0.003,5.763,1455.6,-0.046,Leptosols,Shale,Barren,62.38,843.04,3888.59
0,27.33,343.28,3281.0,0.585,5.414,1235.5,0.274,Cambisols,Schist,Grassland,10189.15,412.99,663.52
0,9.45,38.86,1262.0,0.703,6.745,1804.3,0.977,Cambisols,Shale,Forest,1471.28,294.9,1712.47
0,35.76,19.79,786.0,5.566,2.228,2238.0,0.716,Cambisols,Shale,Forest,55.44,719.87,180.58
1,31.77,316.12,2641.0,-0.956,5.156,2301.9,0.443,Cambisols,Schist,Agriculture,1709.5,105.16,2316.85
0,46.32,275.62,4336.0,-2.528,3.161,1302.3,-0.026,Leptosols,Gneiss,Barren,15063.17,241.45,14789.86
1,27.86,158.65,1217.0,-1.557,5.496,1680.2,0.991,Cambisols,Schist,Forest,107.74,761.74,3544.63
1,41.39,39.87,2138.0,4.263,2.584,2201.8,0.982,Regosols,Schist,Forest,5242.09,77.88,1811.48
0,18.67,291.77,4673.0,-0.797,6.119,1459.2,-0.063,Leptosols,,Barren,3247.54,493.74,1335.79
0,25.22,70.94,4245.0,3.409,4.14,1031.6,0.035,Cambisols,Gneiss,Barren,1118.91,585.87,5296.86
0,17.77,168.52,1322.0,1.69,7.005,2433.2,0.886,Luvisols,Shale,Forest,527.67,90.86,1809.93
0,39.51,221.31,2041.0,0.552,4.563,1680.2,0.846,Cambisols,Phyllite,Forest,29.11,830.04,1965.24
1,32.88,17.89,2648.0,-1.983,5.633,1964.2,-0.208,Leptosols,Granite,Barren,2369.81,47.97,2463.14
0,39.08,276.67,1916.0,-0.596,7.75,1706.0,0.852,Luvisols,Phyllite,Forest,164.3,89.38,4423.64
0,27.73,211.14,3824.0,-2.549,6.619,1429.8,0.351,Leptosols,Gneiss,Grassland,14538.76,549.08,780.16
1,25.59,256.25,1817.0,-1.315,5.284,1761.1,-0.044,Leptosols,Limestone,Barren,278.07,159.52,3005.69
0,32.3,335.98,389.0,-0.451,4.758,2195.0,0.603,Cambisols,Shale,Agriculture,898.07,606.02,5633.3
1,26.58,102.92,703.0,-1.825,6.103,2345.3,0.887,Regosols,Conglomerate,Scrub,1132.87,399.44,1310.96
0,0.73,-1.0,543.0,-1.036,8.97,1432.6,0.652,Cambisols,Alluvium,Forest,279.73,830.42,2125.27
0,21.2,88.56,593.0,0.457,4.697,2345.3,0.951,Cambisols,Sandstone,Forest,11.28,3529.72,5023.68
0,7.7,122.41,220.0,0.461,6.191,1299.0,0.788,Cambisols,Alluvium,Forest,777.2,420.91,811.55
0,28.6,97.66,662.0,0.964,4.136,1809.4,0.91,Cambisols,Shale,Forest,8.1,1909.46,2010.75
1,37.79,34.97,1748.0,1.097,3.293,2429.7,0.45,Cambisols,Phyllite,Scrub,1155.84,341.82,1531.43
0,48.85,52.73,759.0,-2.204,5.626,2195.0,0.965,Cambisols,Shale,Forest,923.32,510.63,2015.04
1,28.99,218.91,1428.0,-0.586,5.115,2151.2,0.432,Cambisols,Phyllite,Forest,2395.98,736.77,5672.43
1,30.22,221.07,1875.0,-0.246,5.919,1921.7,0.638,Cambisols,Phyllite,Agriculture,140.3,331.92,53.97
1,28.66,121.62,1490.0,-0.694,8.14,1979.2,0.692,Cambisols,Quartzite,Scrub,1744.36,213.17,307.73
0,6.89,344.45,359.0,0.867,7.038,1651.8,0.634,Fluvisols,Alluvium,Agriculture,33.13,68.9,9341.22
1,29.48,23.32,882.0,-0.265,5.245,2345.3,0.555,Cambisols,Shale,Scrub,615.77,252.45,3447.28
1,34.3,172.75,1750.0,-0.37,4.604,1964.2,0.707,Cambisols,Shale,Forest,122.96,384.32,3096.14
1,39.3,160.6,1491.0,-3.482,7.942,1214.1,1.0,Regosols,Schist,Forest,130.75,24.83,430.64
0,17.53,109.44,1481.0,-0.743,8.237,1743.9,0.72,Cambisols,Schist,Forest,3277.7,545.93,863.28
0,19.62,273.94,2351.0,0.341,5.849,1213.9,0.175,Leptosols,Schist,Barren,217.46,1698.96,2349.2
0,26.45,113.41,2385.0,2.184,5.892,1102.0,0.007,Regosols,Granite,Barren,1291.87,1052.14,7476.09
1,32.94,271.34,1876.0,0.896,6.349,2075.6,0.177,Cambisols,Shale,Barren,137.97,43.97,4733.28
1,26.28,296.16,1162.0,-0.296,6.119,2429.7,0.431,Cambisols,Shale,Grassland,322.28,30.66,1135.03
1,40.91,158.86,1563.0,1.088,4.294,2200.5,0.824,Leptosols,Phyllite,Forest,941.52,555.87,280.57
0,15.86,94.43,1069.0,-2.177,7.967,2331.4,0.668,Luvisols,Sandstone,Scrub,2120.19,40.99,5604.55
0,50.85,22.18,3452.0,0.629,3.505,1270.7,-0.019,Leptosols,Gneiss,Barren,11738.55,396.66,2512.33
0,1.93,159.98,523.0,-0.572,7.468,1651.8,0.721,Cambisols,Alluvium,Forest,628.94,804.72,14468.46
0,33.89,355.82,1846.0,1.496,4.083,1455.6,0.846,Regosols,Granite,Forest,140.25,476.69,111.18
1,17.24,102.28,1226.0,-0.89,6.927,1529.6,0.262,Leptosols,Shale,Agriculture,51.61,68.55,1797.16
1,35.01,172.73,1237.0,-0.058,3.79,2000.6,0.698,Cambisols,Shale,Scrub,470.5,155.57,9.68
0,35.29,278.77,4563.0,-0.992,7.273,1031.6,0.032,Cambisols,Gneiss,Barren,11180.24,64.58,200.23
1,21.81,167.08,484.0,1.331,7.718,1845.5,0.586,Regosols,Shale,Forest,527.05,132.41,680.15
1,10.16,55.95,945.0,-1.495,7.026,1809.4,0.55,Regosols,Sandstone,Scrub,165.19,70.85,791.83
0,22.59,292.9,869.0,-0.613,5.864,2345.3,1.0,Cambisols,Sandstone,Forest,3718.69,152.08,4721.04
0,2.26,136.54,363.0,0.348,6.862,1879.0,1.0,Cambisols,Alluvium,Forest,2520.03,883.28,2943.55
0,28.96,282.22,2024.0,-3.972,8.166,2288.3,0.365,Cambisols,Phyllite,Agriculture,213.63,109.08,10245.25
0,26.35,113.16,5465.0,3.652,4.243,1459.2,-0.135,Leptosols,Quartzite,Barren,695.59,518.3,2723.28
0,28.13,168.79,1048.0,0.1,5.312,1801.2,0.996,Cambisols,Shale,Scrub,1106.14,664.1,2456.49
0,27.11,196.44,1552.0,1.77,4.937,2075.6,0.668,Cambisols,Quartzite,Agriculture,153.87,676.74,2932.43
0,36.79,268.86,483.0,-0.568,6.085,1492.1,0.869,,Granite,Forest,367.4,319.73,1092.39
0,47.59,84.14,1870.0,4.7,3.296,1680.2,0.86,Cambisols,Limestone,Scrub,59.83,1825.33,3375.5
0,0.49,-1.0,180.0,0.031,8.453,1879.0,0.154,Fluvisols,Alluvium,Agriculture,30.26,687.19,2766.84
0,31.43,188.59,861.0,-0.385,5.387,1761.1,0.901,Cambisols,Phyllite,Forest,176.08,614.42,1087.23
0,29.1,165.92,2596.0,-2.65,6.18,1514.4,0.282,Leptosols,Gneiss,Barren,4851.74,263.88,7831.47
0,51.52,340.56,2635.0,-3.293,5.433,1782.4,-0.266,Regosols,Schist,Barren,1463.74,123.87,407.68
0,23.42,129.22,2339.0,0.336,5.774,1492.1,0.707,Regosols,Phyllite,Agriculture,785.01,661.73,404.44
1,30.17,59.99,1395.0,-1.513,4.92,1964.3,0.871,Leptosols,Schist,Forest,575.74,403.95,2258.27
1,34.89,129.06,2028.0,1.219,6.935,1777.2,0.674,Leptosols,Limestone,Agriculture,3296.36,77.46,5679.74
0,4.3,219.04,372.0,-0.272,7.992,1651.8,0.242,Fluvisols,Alluvium,Builtup,21.31,105.42,13049.19
0,13.26,223.45,1853.0,0.666,8.316,1477.7,0.423,Cambisols,Granite,Scrub,2724.25,348.52,8462.13
0,10.12,24.05,428.0,-1.223,6.532,1348.6,0.414,Cambisols,Alluvium,Agriculture,131.9,354.54,3564.82
0,17.4,160.53,1837.0,0.213,5.514,2279.6,0.883,Leptosols,Limestone,Forest,1005.05,73.87,877.29
1,35.21,222.68,1853.0,-3.97,7.57,2151.2,0.734,Leptosols,Shale,Forest,521.13,17.25,84.66
0,29.76,28.32,2033.0,-0.252,4.473,1214.1,0.68,Cambisols,Schist,Scrub,1220.4,737.24,1904.01
1,38.43,315.26,1579.0,-0.759,7.276,2108.3,0.739,Regosols,Schist,Agriculture,165.49,4.21,753.41
0,28.19,87.66,1932.0,-1.801,7.056,1310.2,0.434,Leptosols,Schist,Grassland,1227.94,1181.78,2904.92
0,12.97,315.49,972.0,-0.763,5.878,1680.2,0.031,Regosols,Phyllite,Barren,2366.92,869.08,1280.13
1,22.16,24.46,2007.0,-2.234,6.413,1801.2,0.834,Regosols,Shale,Scrub,200.81,197.18,159.73
0,21.17,58.3,826.0,-1.432,6.601,1979.2,0.19,Regosols,Phyllite,Barren,2504.84,340.13,1387.2
1,26.14,119.63,1070.0,-0.831,4.879,1873.8,0.807,Regosols,Shale,Forest,1015.03,1035.16,905.26
0,49.54,119.45,1832.0,-2.356,5.602,2151.2,0.581,Luvisols,Limestone,Forest,1120.94,689.57,3931.72
1,27.64,185.97,1315.0,0.198,5.287,2238.0,0.689,Cambisols,Sandstone,Forest,6093.46,98.02,4634.89
0,33.37,239.14,3797.0,-2.264,4.799,1782.4,0.08,Cambisols,Gneiss,Barren,431.78,506.43,988.07
1,37.04,153.68,1884.0,1.46,4.088,2151.2,0.723,Regosols,Phyllite,Scrub,704.72,30.2,5828.92
0,5.79,101.38,181.0,0.525,7.997,1299.0,0.453,Cambisols,Alluvium,Builtup,590.56,330.74,10422.25
0,26.6,313.54,1254.0,0.252,3.941,1845.5,0.779,Regosols,Sandstone,Forest,276.53,1347.34,814.38
0,30.1,253.44,2405.0,1.944,3.948,2201.8,0.674,Regosols,Phyllite,Forest,23.61,640.54,3258.19
0,3.04,98.85,693.0,0.224,8.668,2087.3,0.82,Cambisols,Conglomerate,Scrub,3591.99,17.91,200.86
1,5.1,192.68,636.0,0.512,7.677,1618.8,0.19,Fluvisols,Alluvium,Builtup,55.58,31.8,2794.61
0,50.19,280.8,896.0,-3.265,5.541,2433.2,0.682,Regosols,Sandstone,Forest,778.2,12.1,13.62
1,24.04,16.96,681.0,0.271,4.332,2075.6,0.672,Cambisols,Phyllite,Scrub,320.84,1089.8,1649.44
1,41.69,13.78,2034.0,-4.121,7.441,1777.2,0.384,Cambisols,Phyllite,Agriculture,658.16,27.47,582.75
0,32.55,52.28,4105.0,1.023,4.104,1141.7,-0.15,Leptosols,Schist,Barren,19006.43,917.53,1850.29
1,28.21,254.94,1654.0,-2.074,3.905,2200.5,0.754,Cambisols,Shale,Agriculture,223.96,662.67,5221.53
0,8.41,271.36,3935.0,1.494,5.705,1459.2,0.081,Leptosols,Gneiss,Barren,544.57,54.23,4518.38
0,10.37,167.58,4833.0,0.49,7.041,1459.2,-0.126,Glacier,Schist,Snow,1687.83,116.09,13464.27
0,36.42,331.65,3745.0,0.85,5.249,1310.2,-0.079,Leptosols,Gneiss,Barren,4325.95,364.57,4644.9
0,38.96,86.4,1496.0,0.698,4.965,2075.6,0.584,Leptosols,Schist,Forest,1273.12,78.3,3835.64
1,31.6,112.15,911.0,1.281,7.866,2288.3,0.788,Cambisols,Phyllite,Agriculture,275.8,90.41,8172.51
0,27.4,67.93,1035.0,3.423,4.25,2345.3,0.875,Cambisols,Shale,Scrub,1504.11,1655.97,643.76
0,23.49,22.24,1722.0,0.767,5.625,2201.8,0.973,Regosols,Schist,Forest,17.34,289.57,480.09
0,38.75,237.74,1464.0,1.545,1.319,1706.0,0.614,Regosols,Schist,Forest,899.72,1012.59,2218.7
0,19.51,73.66,2847.0,-0.492,7.602,1141.7,0.044,Leptosols,Schist,Barren,4971.33,379.22,1721.14
0,36.42,267.68,2399.0,0.627,6.137,1979.2,0.612,Cambisols,Limestone,Forest,1790.81,852.67,12862.08
0,14.52,12.19,2401.0,3.188,4.897,1477.7,0.838,Cambisols,Limestone,Forest,97.42,991.16,3856.55
0,19.26,78.45,757.0,4.252,3.382,2000.6,0.648,Cambisols,Conglomerate,Agriculture,1907.86,911.73,2625.01
1,10.78,41.24,1937.0,-0.088,7.532,1812.7,0.245,Cambisols,Shale,Builtup,10.21,35.32,1050.55
0,17.47,289.8,742.0,0.78,7.498,2433.2,0.976,Cambisols,Sandstone,Forest,3659.94,439.91,1433.35
1,47.63,81.44,782.0,-2.507,4.86,2195.0,0.585,Regosols,Shale,Agriculture,122.36,458.96,874.73
1,26.14,124.76,1185.0,-1.18,6.038,2433.2,0.696,Luvisols,Shale,Forest,798.79,482.71,304.81
1,53.21,35.88,1795.0,-3.096,5.994,2151.2,0.379,Luvisols,Phyllite,Agriculture,348.37,170.9,1713.8
0,26.68,267.97,1902.0,-3.125,6.94,1455.6,0.789,Leptosols,Phyllite,Scrub,1063.45,488.51,4873.51
1,28.6,81.75,1703.0,0.071,4.649,2429.7,0.655,Cambisols,Schist,Agriculture,361.44,133.6,2355.14
0,25.96,317.72,3514.0,0.455,7.746,1371.6,0.659,Leptosols,Granite,Forest,12789.13,352.65,156.1
0,15.82,119.85,4741.0,0.562,5.371,1235.5,-0.259,Leptosols,Schist,Snow,2613.63,896.51,1667.49
1,38.35,227.6,1576.0,-2.574,8.449,1743.9,-0.226,Cambisols,,Barren,995.14,223.13,3914.91
0,1.17,184.69,417.0,-0.977,10.878,1333.1,0.637,Fluvisols,Sandstone,Agriculture,105.35,787.56,1027.41
0,22.73,254.3,991.0,2.671,4.761,2195.0,1.0,Regosols,Shale,Forest,2388.94,182.55,4999.13
0,5.17,197.0,428.0,-0.933,7.578,1333.1,0.855,Fluvisols,Alluvium,Forest,17.66,120.05,6389.21
0,33.54,353.6,4490.0,0.822,5.82,1514.4,0.23,Leptosols,Gneiss,Grassland,5129.17,402.77,3862.56
1,38.56,140.72,1587.0,0.542,4.598,2301.9,0.488,Leptosols,Granite,Agriculture,16.93,695.93,324.65
0,31.06,333.75,1319.0,2.908,4.583,1964.3,0.418,Regosols,Schist,Agriculture,890.27,1730.47,2779.97
0,16.72,94.02,1136.0,-0.15,7.812,2000.6,0.894,Cambisols,Sandstone,Forest,1294.07,788.17,1333.56
0,15.47,347.23,474.0,0.881,6.017,2087.3,0.847,Cambisols,Sandstone,Forest,4419.53,63.42,4642.78
1,29.29,275.0,710.0,-0.25,6.277,2195.0,1.0,Cambisols,Sandstone,Forest,4378.28,8.77,6863.95
0,28.08,56.65,2595.0,-4.529,8.115,1763.3,0.91,Regosols,Quartzite,Forest,478.72,223.52,1104.42
1,34.95,359.05,1718.0,0.802,4.852,2429.7,0.442,Leptosols,Schist,Agriculture,363.42,1643.96,3717.1
1,30.11,133.74,1685.0,-1.64,5.03,1939.8,0.492,Regosols,Schist,Forest,2500.62,461.21,788.66
0,24.13,15.88,1559.0,-3.397,5.178,1492.1,0.807,Cambisols,Phyllite,Forest,2076.07,348.97,525.22
1,32.91,111.0,1721.0,0.109,6.048,2151.2,0.85,,Phyllite,Scrub,3811.0,1070.57,809.87
0,32.44,276.35,2734.0,-2.278,6.236,2075.6,0.949,Cambisols,Shale,Forest,1922.57,681.01,3035.48
0,21.68,138.49,1531.0,2.008,7.098,2331.4,0.777,Cambisols,Shale,Scrub,905.94,26.36,1147.94
0,9.0,178.95,338.0,-2.223,8.792,1691.4,0.577,Fluvisols,Alluvium,Forest,101.85,9.31,4588.35
1,35.65,56.89,1969.0,3.042,5.575,1964.3,0.595,Regosols,Phyllite,Agriculture,88.93,1715.11,826.67
0,26.2,136.39,280.0,3.901,3.84,2041.1,1.0,Cambisols,Sandstone,Forest,2276.93,396.8,337.81
1,22.75,113.34,1139.0,-0.932,6.734,2151.2,0.645,Leptosols,Phyllite,Forest,659.64,138.3,1332.25
1,31.65,122.04,1568.0,-2.129,3.814,2151.2,0.755,Leptosols,,Scrub,1475.15,500.69,2456.74
0,40.67,173.7,1622.0,-2.511,3.783,1966.5,0.924,Cambisols,Phyllite,Forest,3956.3,274.8,6007.12
0,43.7,339.56,3862.0,-2.9,6.917,1371.6,0.051,Regosols,Gneiss,Barren,174.93,352.19,2671.24
0,22.71,243.26,3806.0,-0.158,5.811,1514.4,0.015,Leptosols,Schist,Barren,912.3,151.2,7294.15
0,26.64,358.84,1683.0,-0.788,7.538,1964.3,0.422,Regosols,Phyllite,Agriculture,422.95,191.24,7581.7
0,24.16,312.12,2295.0,-1.616,5.853,1455.6,0.875,Cambisols,Limestone,Forest,970.29,213.59,7301.63
0,26.94,202.14,1869.0,-2.438,7.561,1502.9,0.631,Cambisols,Granite,Scrub,404.39,316.66,12197.77
0,27.09,41.79,4606.0,0.295,7.348,1177.5,0.012,Leptosols,Gneiss,Barren,7019.44,196.18,11959.23
0,23.39,135.9,1878.0,-2.349,7.646,1812.7,0.469,Leptosols,Phyllite,Agriculture,335.91,23.14,1499.66
0,25.15,21.46,1809.0,0.916,6.223,2108.2,1.0,Regosols,Quartzite,Forest,656.3,1595.25,3959.46
0,18.72,128.04,944.0,-1.33,7.342,2041.1,0.676,Regosols,Shale,Forest,908.16,29.91,1842.87
1,25.81,157.64,2753.0,-1.37,6.275,2108.2,0.591,Regosols,Shale,Scrub,151.13,194.98,5892.91
1,24.48,158.87,871.0,-5.429,7.387,2000.6,0.423,Regosols,Conglomerate,Agriculture,1105.76,108.03,628.78
0,29.69,333.54,702.0,5.472,2.915,2075.6,0.93,Cambisols,Quartzite,Scrub,1271.51,913.27,3021.69
0,45.46,20.05,1776.0,-1.481,6.446,1502.9,0.247,Cambisols,Limestone,Agriculture,373.33,39.65,2107.05
1,33.79,227.0,1143.0,-2.505,6.62,2108.2,0.815,Cambisols,,Scrub,705.69,289.62,3682.29
0,52.74,116.3,4209.0,-0.116,4.859,988.1,0.437,Leptosols,Gneiss,Grassland,477.56,1822.18,3521.53
0,12.83,78.61,759.0,1.328,5.749,2087.3,1.0,Cambisols,Sandstone,Scrub,3915.92,251.55,8871.57
0,33.22,138.82,3399.0,0.888,4.829,1132.9,0.198,Leptosols,Quartzite,Barren,7437.34,952.88,1470.3
1,33.09,228.77,2083.0,-3.956,7.206,1777.2,0.348,Regosols,Phyllite,Scrub,300.06,261.41,101.5
0,16.79,38.31,852.0,0.558,5.652,1964.2,0.932,Cambisols,Shale,Forest,2139.27,347.01,749.77
0,25.46,134.17,4861.0,1.008,5.672,1782.4,0.504,Leptosols,Schist,Forest,7063.63,73.76,1016.57
0,20.39,263.8,1729.0,-2.794,8.765,2151.2,0.773,Luvisols,Granite,Forest,36.71,91.43,3139.4
0,30.25,9.79,2094.0,1.276,6.262,1706.0,0.525,Regosols,Limestone,Forest,267.29,331.45,6732.75
0,44.39,131.17,1973.0,-0.872,5.957,1706.0,0.256,Luvisols,Shale,Agriculture,379.06,70.97,319.05
0,9.6,17.92,2679.0,-1.658,7.424,1371.6,0.272,Leptosols,Gneiss,Grassland,2453.25,279.02,667.57
0,19.83,107.8,2270.0,-1.362,6.727,1761.1,0.576,Cambisols,Phyllite,Agriculture,1085.17,237.55,3633.53
0,19.16,254.72,3242.0,1.325,5.944,1429.8,-0.028,Regosols,Quartzite,Barren,3041.54,38.02,3560.22
0,48.24,235.41,2265.0,-1.226,3.973,2288.3,0.939,Regosols,Limestone,Forest,773.02,1046.84,3689.61
1,37.51,53.25,2416.0,-1.083,6.414,2429.7,0.194,Cambisols,Granite,Barren,68.41,267.42,1952.12
0,43.43,102.87,1487.0,-0.147,3.881,1954.2,0.659,Regosols,Granite,Forest,571.98,250.69,1486.4
0,42.07,55.23,989.0,4.28,2.671,2087.3,1.0,Regosols,Conglomerate,Forest,197.17,1780.12,4363.94
1,29.73,324.61,1410.0,-3.592,6.965,1979.2,0.48,Regosols,Shale,Scrub,97.81,118.86,5327.34
0,21.96,125.93,4085.0,-0.191,6.435,1132.9,0.787,Glacier,Gneiss,Forest,9928.46,119.79,2141.98
0,25.46,83.34,1160.0,-1.682,7.011,2041.1,0.692,Regosols,Shale,Agriculture,266.2,33.92,5530.45
0,30.26,81.49,2454.0,-0.556,5.887,1310.2,0.346,Regosols,Gneiss,Grassland,8643.58,276.62,5030.47
0,46.94,142.65,4529.0,-0.454,7.065,1514.4,0.612,Regosols,Granite,Grassland,5249.05,232.61,2390.32
0,49.26,52.29,2068.0,4.532,4.57,1921.7,0.67,Cambisols,Phyllite,Forest,433.62,246.6,1351.33
0,26.64,31.15,536.0,0.339,6.652,1743.9,0.948,Regosols,Shale,Forest,589.86,224.63,3177.59
0,16.75,233.36,859.0,4.995,3.747,1845.5,0.434,Regosols,Sandstone,Agriculture,396.39,873.8,3193.67
0,10.95,135.66,1187.0,-3.035,8.411,2433.2,0.738,Luvisols,Sandstone,Scrub,553.78,198.47,1532.19
0,11.34,4.37,1839.0,-0.507,8.763,1801.2,0.076,Leptosols,Schist,Barren,1623.44,24.61,250.03
0,42.44,158.32,870.0,2.146,4.359,2151.2,-0.221,Regosols,Phyllite,Barren,665.55,554.31,349.59
0,34.45,88.23,249.0,-1.421,6.73,1743.9,1.0,Luvisols,Phyllite,Forest,1542.84,24.52,1364.99
0,2.49,66.53,180.0,-0.206,9.698,1432.6,0.483,Fluvisols,Sandstone,Agriculture,144.35,272.27,1222.08
0,11.17,304.52,858.0,2.199,5.253,2238.0,0.746,Cambisols,Sandstone,Agriculture,627.43,683.56,575.44
0,24.83,239.57,870.0,3.55,4.73,1845.5,0.434,Regosols,Sandstone,Agriculture,643.92,840.03,920.34
1,33.14,208.57,2380.0,0.508,5.165,1102.0,-0.137,Regosols,Gneiss,Barren,7014.99,112.09,3708.88
1,36.99,148.22,821.0,-5.304,6.463,2345.3,0.747,Cambisols,Sandstone,Forest,1121.55,239.9,2546.09
0,43.14,78.47,5855.0,-1.435,5.494,1429.8,-0.197,Leptosols,Quartzite,Snow,3835.87,610.53,213.21
0,16.13,40.01,3347.0,1.291,6.381,1132.9,-0.009,Leptosols,Gneiss,Barren,11584.34,531.63,5529.26
0,33.45,123.98,1302.0,2.331,4.877,2041.1,0.982,Regosols,Conglomerate,Forest,506.16,33.99,56.59
0,50.09,214.94,1510.0,-0.784,4.735,1979.2,0.853,Regosols,Granite,Forest,905.06,940.84,505.99
0,32.7,143.3,3332.0,-3.318,6.023,1782.4,0.749,Leptosols,Gneiss,Forest,277.1,438.11,20245.05
0,18.72,71.82,1131.0,-0.259,4.105,2279.6,0.654,Leptosols,Phyllite,Forest,2487.6,609.67,463.31
1,27.6,43.51,1504.0,-1.984,7.419,2108.2,0.747,Regosols,Granite,Forest,338.8,45.98,2932.05
1,44.91,348.52,1062.0,-1.503,5.9,2331.4,0.657,Regosols,,Agriculture,94.22,462.43,7266.32
0,19.43,255.55,3911.0,-0.468,5.805,1031.6,-0.076,Leptosols,Schist,Barren,4964.6,64.86,159.03
1,34.69,28.97,802.0,-2.083,7.37,2041.1,1.0,Cambisols,Shale,Forest,966.65,2.06,1497.43
0,17.62,128.49,1028.0,-0.909,7.084,2201.8,0.779,Cambisols,Schist,Scrub,5246.7,247.93,1728.88
0,14.89,236.13,955.0,2.337,5.91,1801.2,0.945,Cambisols,Limestone,Forest,1965.18,674.54,121.48
1,26.16,6.25,1457.0,-3.537,7.158,2288.3,0.91,Cambisols,Phyllite,Forest,269.46,855.39,1874.02
0,20.79,21.7,4087.0,0.084,4.74,1310.2,0.352,Leptosols,Granite,Grassland,5387.25,605.86,1123.76
0,34.1,299.89,3934.0,-3.365,7.063,1270.7,0.59,Leptosols,Schist,Forest,2555.58,48.09,7681.52
0,17.78,36.02,3146.0,-1.179,6.652,1213.9,0.307,Leptosols,Granite,Grassland,19307.07,10.11,8622.12
1,38.46,344.72,1586.0,4.305,3.773,2288.3,0.333,,Shale,Agriculture,438.92,781.78,22.2
1,36.3,251.45,1305.0,-3.939,6.312,2151.2,0.796,Cambisols,Shale,Scrub,2937.55,185.37,5086.02
0,38.73,42.41,2582.0,-0.648,6.997,1352.4,0.396,Cambisols,Limestone,Agriculture,464.68,105.85,4610.65
1,35.71,83.6,2046.0,-2.715,5.265,2201.8,0.05,Leptosols,Limestone,Barren,662.58,407.52,5084.31
0,8.75,324.64,256.0,-1.348,9.082,1299.0,0.275,Cambisols,Alluvium,Agriculture,215.82,560.57,9108.27
0,22.13,141.64,2117.0,0.908,5.545,2279.6,1.0,Cambisols,Schist,Forest,1037.54,1201.61,1849.44
1,36.91,171.67,1162.0,1.543,6.444,1529.6,0.543,Regosols,Shale,Agriculture,788.98,332.0,659.69
0,27.93,318.55,3608.0,-2.463,5.829,1141.7,-0.091,Leptosols,Gneiss,Barren,11246.84,864.66,100.76
1,24.04,111.22,874.0,-1.491,8.246,2331.4,0.688,Cambisols,Sandstone,Agriculture,138.62,634.75,2691.23
0,48.04,120.43,3125.0,1.614,3.672,1213.9,-0.052,Leptosols,Gneiss,Barren,19668.99,258.08,1883.28
1,29.77,94.63,1709.0,2.025,6.82,1455.6,0.548,Cambisols,Phyllite,Builtup,93.93,165.78,10513.02
1,31.56,82.09,2463.0,0.462,4.921,2108.3,0.283,Cambisols,Schist,Agriculture,213.48,232.61,1138.15
0,29.68,323.48,4138.0,-0.401,4.801,1213.9,0.245,Regosols,Schist,Grassland,11563.13,948.87,4143.05
0,12.56,21.93,2500.0,-0.509,7.719,2108.3,0.624,Regosols,Schist,Forest,6212.76,86.46,1467.17
1,38.36,249.77,2929.0,-0.443,6.19,1132.9,0.512,Leptosols,Schist,Forest,111.9,176.39,11349.51
1,12.27,81.36,1311.0,0.527,5.538,1939.8,0.514,Cambisols,Limestone,Builtup,467.14,249.06,454.95
0,41.7,313.19,2196.0,-0.894,4.995,1761.1,0.024,,Schist,Barren,273.56,75.93,3620.25
0,30.15,201.29,1438.0,-0.666,6.182,1455.6,0.631,Cambisols,Granite,Scrub,1936.54,26.45,1955.94
0,48.28,51.36,2899.0,1.275,5.534,1270.7,0.026,Cambisols,Gneiss,Barren,12637.01,860.87,1708.02
0,24.52,67.61,1649.0,-1.787,4.994,2301.9,0.771,Cambisols,Schist,Forest,44.23,195.86,1268.47
1,31.43,182.6,1887.0,-1.285,5.847,1492.1,0.629,Leptosols,Schist,Scrub,1292.86,716.53,1635.15
0,29.56,309.88,1464.0,-2.551,4.936,2279.6,0.553,Cambisols,Granite,Scrub,351.9,354.39,6810.48
0,2.56,333.3,360.0,0.032,8.777,1879.0,0.428,Fluvisols,Alluvium,Builtup,23.55,196.26,16919.98
0,3.01,93.66,370.0,-1.13,7.597,1618.8,0.828,Cambisols,Alluvium,Forest,1155.02,994.01,4258.66
0,5.11,320.44,180.0,-0.071,6.397,1879.0,0.337,Fluvisols,Sandstone,Builtup,124.65,109.53,5292.86
0,21.91,146.98,1043.0,-2.124,7.28,1873.8,0.07,Luvisols,Conglomerate,Agriculture,1363.48,84.95,89.03
0,75.0,345.82,4109.0,5.965,1.582,1514.4,-0.14,Leptosols,Schist,Snow,4219.96,282.72,1771.64
1,28.2,253.34,1716.0,1.275,4.916,2288.3,0.605,Regosols,Shale,Forest,113.6,961.09,394.65
1,29.81,29.37,1544.0,-2.418,8.006,1777.2,0.577,Leptosols,Phyllite,Agriculture,535.33,133.34,1592.66
0,17.31,175.61,2924.0,-2.117,6.664,1459.2,0.709,Leptosols,Granite,Forest,2841.48,457.49,435.42
0,5.46,350.08,244.0,0.226,7.748,1348.6,0.91,Fluvisols,Alluvium,Forest,337.31,1041.6,259.05
1,32.87,124.89,776.0,2.588,2.891,2238.0,0.515,Regosols,Sandstone,Builtup,78.43,62.35,11989.5
0,23.99,177.01,2221.0,3.688,4.31,1939.8,0.384,Luvisols,Quartzite,Grassland,388.34,1014.3,1457.08
0,11.86,21.64,845.0,0.217,6.709,2041.1,0.636,Cambisols,Shale,Forest,55.36,325.18,1468.38
0,2.71,119.66,378.0,-0.041,8.668,1333.1,0.884,Fluvisols,Sandstone,Forest,92.13,646.95,1070.4
1,43.39,191.88,916.0,-3.262,7.323,2238.0,0.638,Regosols,Conglomerate,Builtup,239.58,24.61,2794.58
0,39.35,243.72,2269.0,2.299,3.628,1966.5,0.131,Regosols,Limestone,Barren,34.83,88.22,3089.64
0,43.99,343.22,2258.0,0.514,4.753,1964.2,0.355,Cambisols,Schist,Agriculture,885.29,179.75,507.34
1,33.09,47.47,2243.0,1.46,5.823,1502.9,0.243,Cambisols,Schist,Builtup,96.65,515.82,590.26
0,15.58,28.35,1943.0,1.804,2.96,1966.5,0.881,Cambisols,Schist,Scrub,266.7,548.24,7304.08
0,25.71,49.68,1144.0,0.335,6.112,1777.2,0.899,Cambisols,Schist,Forest,78.71,216.43,4097.76
0,40.4,278.38,1603.0,1.872,4.533,1964.3,0.713,Regosols,Schist,Scrub,144.06,853.24,3261.19
0,42.73,26.56,3012.0,-1.034,5.655,1312.7,0.367,Leptosols,Gneiss,Grassland,2303.6,94.8,573.18
0,20.92,180.53,894.0,-1.593,6.672,2238.0,0.77,Luvisols,Sandstone,Forest,2765.09,600.43,1968.32
0,25.39,347.98,797.0,-0.826,5.581,2108.3,0.595,Luvisols,Shale,Scrub,2863.56,242.24,4847.9
0,31.49,349.6,1847.0,-0.786,4.769,1777.2,0.27,Luvisols,Shale,Agriculture,982.63,162.04,646.69
0,29.32,193.11,2295.0,2.734,3.164,2108.2,0.799,Cambisols,Quartzite,Forest,788.79,165.6,9585.69
1,32.31,351.96,940.0,-1.711,5.199,1964.3,0.704,Cambisols,Granite,Scrub,337.21,277.97,2452.14
1,32.31,70.4,1798.0,0.479,4.559,2288.3,0.644,Cambisols,Phyllite,Agriculture,87.58,648.01,7843.49
0,17.7,44.29,1978.0,1.613,6.522,2108.2,0.794,Regosols,Limestone,Forest,854.59,999.94,3421.82
0,16.99,318.41,604.0,0.189,5.121,1879.0,0.342,Fluvisols,Sandstone,Builtup,72.89,173.08,16986.94
0,17.29,63.51,1721.0,-0.826,5.561,1939.8,0.534,Regosols,Schist,Forest,682.95,318.18,7765.91
1,28.93,217.78,1076.0,-1.92,5.171,2041.1,0.378,Luvisols,Shale,Agriculture,142.58,208.71,884.99
1,16.61,123.79,914.0,0.714,6.826,2238.0,0.93,Regosols,Conglomerate,Forest,27.62,465.74,1538.87
0,17.67,355.27,3929.0,-1.36,7.223,1302.3,0.247,Leptosols,Gneiss,Grassland,2127.35,377.53,2476.56
0,29.39,242.08,923.0,0.129,6.515,2000.6,0.75,Cambisols,Sandstone,Agriculture,476.07,6.14,16609.72
0,40.73,256.64,2988.0,-2.25,4.973,1761.1,0.395,Leptosols,Shale,Agriculture,726.78,563.77,909.56
0,16.91,25.76,2213.0,0.99,5.959,1812.7,0.593,Cambisols,Phyllite,Grassland,317.91,186.98,1759.18
0,1.89,136.48,180.0,-0.295,7.871,1299.0,0.228,Fluvisols,Sandstone,Builtup,42.74,306.95,2977.24
0,5.83,220.85,842.0,0.934,6.968,1804.3,0.772,Cambisols,Sandstone,Forest,656.59,182.46,2886.33
1,34.17,109.88,1430.0,1.303,5.045,2000.6,0.898,Regosols,Conglomerate,Scrub,1205.07,435.64,2800.53
0,6.16,182.48,2055.0,-0.178,4.952,1812.7,0.896,Cambisols,Phyllite,Forest,175.58,963.0,2491.79
0,1.23,222.28,180.0,0.61,8.677,1432.6,0.47,Fluvisols,Sandstone,Agriculture,14.5,44.73,15974.36
0,2.38,200.32,406.0,-2.22,9.673,1651.8,0.482,Fluvisols,Alluvium,Agriculture,31.63,265.5,812.71
0,45.46,94.45,4117.0,-2.257,5.571,1102.0,-0.267,Regosols,Gneiss,Snow,5318.91,258.08,5149.15
1,10.56,252.27,1563.0,2.381,5.642,1964.3,0.082,Cambisols,Phyllite,Barren,147.65,22.3,3573.69
0,7.84,182.68,1337.0,0.676,6.901,1809.4,0.554,Cambisols,Sandstone,Forest,693.32,95.35,2581.19
0,44.77,173.64,3641.0,-5.068,7.592,1302.3,-0.104,Regosols,Quartzite,Barren,2689.94,212.54,8384.02
1,26.58,358.11,878.0,-3.306,7.907,2345.3,0.814,Cambisols,Conglomerate,Forest,187.88,56.45,200.75
0,18.08,43.29,1250.0,0.98,7.069,1979.2,0.745,Cambisols,Phyllite,Forest,714.28,222.34,1939.95
0,26.66,222.78,996.0,1.427,3.393,2151.2,0.914,Cambisols,Shale,Forest,2228.47,1366.7,5473.38
1,44.15,283.55,1409.0,-1.069,7.016,1964.3,0.493,Leptosols,Schist,Agriculture,215.0,160.63,511.34
0,15.9,180.65,728.0,0.677,4.924,2238.0,0.85,Cambisols,Shale,Forest,2017.29,244.9,1691.23
1,39.28,336.75,1199.0,-4.911,8.181,1921.7,0.796,Cambisols,Phyllite,Forest,2326.17,190.78,439.47
0,53.05,249.79,4450.0,-1.154,4.371,1245.1,-0.254,Glacier,Schist,Snow,8691.02,291.67,4531.21
0,26.39,106.66,1133.0,1.669,3.179,1845.5,0.72,Regosols,Sandstone,Scrub,265.45,28.74,9839.49
0,2.42,332.92,316.0,-1.171,9.286,1333.1,0.378,Fluvisols,Alluvium,Builtup,62.04,713.35,10689.65
1,38.47,161.7,2042.0,-0.851,6.25,1801.2,0.786,Leptosols,Quartzite,Forest,3266.36,512.57,1787.59
0,14.6,306.72,1468.0,-0.934,7.544,1743.9,0.855,Regosols,Limestone,Forest,1025.66,304.76,952.27
0,45.01,243.43,1832.0,3.25,3.795,1352.4,0.669,Regosols,Granite,Forest,766.49,471.52,25.78
0,32.14,257.54,2018.0,1.367,3.59,2200.5,0.616,Regosols,Limestone,Forest,324.81,128.28,3018.29
0,10.17,185.77,373.0,-0.203,6.251,1879.0,0.583,Fluvisols,Alluvium,Agriculture,264.05,192.07,4792.5
0,22.03,164.04,675.0,5.097,2.534,2151.2,0.369,Cambisols,Schist,Agriculture,106.87,1319.26,457.62
0,26.19,121.81,3218.0,-0.144,6.785,1939.8,0.318,Regosols,Shale,Agriculture,192.65,104.43,391.91
0,39.46,349.84,2358.0,1.633,3.438,1214.1,0.078,Luvisols,Shale,Agriculture,438.36,365.72,502.1
1,11.05,289.34,641.0,-0.553,7.571,2345.3,0.597,Regosols,Sandstone,Agriculture,401.63,758.08,3525.29
0,38.78,263.41,3088.0,-0.627,3.37,1235.5,0.082,Leptosols,Gneiss,Barren,7298.15,99.58,3220.5
0,52.6,206.84,2677.0,0.674,5.516,1761.1,0.703,Regosols,Limestone,Forest,2748.69,228.84,2204.44
1,32.16,181.27,1165.0,-3.558,5.694,2151.2,0.043,Cambisols,Quartzite,Builtup,2778.79,148.17,18379.04
1,52.95,33.09,1697.0,2.857,4.485,2151.2,0.473,Cambisols,Schist,Agriculture,5.83,966.83,1633.5
1,35.82,232.01,797.0,-2.623,7.273,2331.4,0.725,Cambisols,Conglomerate,Forest,808.9,234.91,1714.99
1,39.5,316.67,3614.0,-2.004,6.282,1141.7,0.096,Regosols,Gneiss,Grassland,4.34,1437.4,1014.93
0,4.53,320.88,257.0,1.554,5.109,1348.6,0.769,Fluvisols,Sandstone,Forest,61.1,401.98,5516.79
0,32.51,15.62,2311.0,1.091,6.502,1455.6,1.0,Luvisols,Granite,Scrub,3249.4,231.9,3311.37
0,35.5,284.2,2014.0,-1.575,6.248,1529.6,0.671,Cambisols,Quartzite,Agriculture,385.07,2.2,2334.91
1,31.49,93.55,1174.0,0.019,5.525,2195.0,0.367,,Shale,Agriculture,421.42,290.58,370.96
1,33.58,316.88,1666.0,1.527,5.688,2429.7,0.802,Cambisols,Shale,Forest,303.71,134.44,569.33
0,28.46,193.92,1246.0,1.217,3.485,2108.3,0.823,Cambisols,Granite,Forest,569.49,258.65,11225.12
0,45.9,305.26,3523.0,-3.159,7.614,1177.5,0.582,Leptosols,Granite,Grassland,452.55,27.31,1363.56
0,20.75,209.91,2220.0,2.011,4.792,1966.5,0.648,Cambisols,,Forest,108.63,1666.77,2496.34
1,32.06,125.64,2037.0,-1.501,7.081,1680.2,0.491,Leptosols,Schist,Agriculture,1519.24,71.91,1940.74
0,32.44,312.84,1963.0,1.333,4.09,1966.5,0.534,Regosols,Granite,Scrub,167.55,696.47,1599.24
0,6.3,274.18,329.0,-1.125,7.95,1691.4,0.837,Fluvisols,Alluvium,Agriculture,225.66,23.76,296.28
0,29.71,280.27,646.0,1.22,3.625,2331.4,1.0,Cambisols,Sandstone,Forest,3358.55,1547.89,2417.07
1,29.19,40.26,712.0,3.832,4.884,2041.1,0.585,Regosols,Conglomerate,Agriculture,74.43,1288.08,2316.86
0,15.22,110.05,2571.0,1.882,5.91,2108.2,0.507,Luvisols,Phyllite,Forest,178.93,934.18,1033.96
0,37.0,51.98,1311.0,0.761,4.808,2201.8,0.727,Regosols,Quartzite,Scrub,981.46,166.51,2936.14
0,2.41,246.13,341.0,-1.532,8.878,1691.4,0.582,Fluvisols,Sandstone,Agriculture,25.77,482.75,1890.68
0,5.14,329.3,249.0,0.719,6.136,1299.0,0.52,Fluvisols,Alluvium,Agriculture,39.38,945.92,1292.72
1,33.5,4.09,1134.0,2.363,4.568,2201.8,0.663,Regosols,Phyllite,Forest,897.17,44.74,3301.68
0,11.4,123.7,283.0,1.323,3.748,2331.4,0.775,Cambisols,Conglomerate,Agriculture,1350.35,1407.65,1125.99
1,39.68,181.05,1879.0,-4.604,8.975,2301.9,0.899,Cambisols,Phyllite,Forest,33.62,1.22,226.28
0,16.3,89.99,1475.0,0.199,7.298,1979.2,0.856,Regosols,Limestone,Forest,368.35,98.91,256.17
1,35.07,48.6,2111.0,0.823,4.764,1680.2,0.454,Leptosols,Shale,Agriculture,146.09,415.93,160.43
0,55.27,259.21,4290.0,0.634,4.908,1102.0,-0.014,Leptosols,Granite,Barren,3070.5,1470.45,4205.72
0,20.79,285.16,304.0,-1.537,6.161,2041.1,0.877,Cambisols,Shale,Forest,2756.85,527.17,20095.71
0,0.47,-1.0,537.0,-0.51,9.602,1618.8,0.551,Fluvisols,Alluvium,Builtup,48.51,716.04,4290.03
1,43.58,232.14,1705.0,-0.183,4.426,2201.8,0.372,Regosols,Schist,Agriculture,200.65,1416.03,242.71
0,33.32,337.92,2827.0,0.502,3.588,1459.2,0.692,Leptosols,Gneiss,Forest,7494.27,681.24,991.78
0,15.92,154.01,3693.0,1.442,6.587,1371.6,0.703,Leptosols,Gneiss,Forest,2051.75,1943.83,2075.39
0,41.61,38.85,2430.0,-2.248,4.316,2108.3,0.695,Cambisols,Limestone,Forest,1766.18,493.5,5280.67
0,15.1,73.22,923.0,-0.869,7.364,1809.4,0.476,Cambisols,Sandstone,Agriculture,212.45,486.51,1237.6
0,23.5,229.96,1510.0,-1.143,7.422,1777.2,0.761,Regosols,Phyllite,Forest,396.58,284.56,4019.62
0,21.71,331.04,1230.0,1.852,5.184,1873.8,1.0,Luvisols,Sandstone,Forest,551.15,292.87,2756.83
0,33.74,278.31,1002.0,0.359,6.566,1502.9,0.566,Leptosols,Quartzite,Forest,252.57,734.47,3016.7
0,12.76,213.94,1288.0,1.172,4.708,1761.1,0.428,Cambisols,Shale,Agriculture,536.67,2045.19,8193.46
0,25.31,192.75,4377.0,0.753,3.817,1031.6,0.133,Leptosols,Gneiss,Snow,5323.38,605.69,1460.01
0,18.2,62.93,2174.0,1.383,4.693,2288.3,0.423,Leptosols,Shale,Agriculture,328.72,237.14,2965.43
0,28.9,129.65,524.0,0.662,6.658,1982.4,0.921,Cambisols,Shale,Forest,1663.97,398.04,575.75
0,11.29,258.07,1843.0,-0.13,7.543,2108.3,0.583,Cambisols,Quartzite,Forest,1685.76,337.27,2766.93
0,37.15,20.84,868.0,-0.671,5.646,1979.2,0.382,Regosols,Limestone,Agriculture,759.37,891.04,2637.74
1,21.69,100.97,1155.0,-2.885,4.869,2238.0,0.74,Cambisols,Sandstone,Scrub,1160.51,350.69,297.16
1,29.93,167.05,1615.0,-0.361,6.64,2200.5,1.0,Leptosols,Schist,Forest,242.24,47.39,3585.23
1,29.41,348.3,1347.0,-0.981,5.228,1966.5,1.0,,Shale,Forest,141.34,41.91,538.7
0,52.08,58.14,2777.0,-3.139,6.066,1429.8,0.56,Leptosols,Gneiss,Grassland,3987.42,138.61,1390.84
0,26.54,147.97,600.0,-1.325,6.549,2041.1,0.725,Cambisols,Sandstone,Forest,1848.52,352.32,2296.61
1,31.26,84.15,1727.0,0.631,6.0,1761.1,0.304,Cambisols,Limestone,Builtup,302.85,2068.6,1148.0
0,52.46,189.91,4671.0,0.975,4.096,1132.9,-0.039,Leptosols,Gneiss,Barren,5550.76,941.93,3581.84
0,24.78,44.46,1059.0,0.969,5.25,2000.6,0.47,Cambisols,Shale,Agriculture,409.39,65.71,1499.29
1,22.18,4.97,1975.0,-2.66,6.92,2201.8,0.751,Cambisols,Quartzite,Scrub,3847.12,367.26,2668.3
0,30.43,285.81,2783.0,0.045,4.976,1782.4,0.095,Leptosols,Gneiss,Barren,1480.56,1015.57,344.91
1,32.11,39.43,512.0,-0.298,4.987,2108.3,0.679,Leptosols,Shale,Scrub,3766.91,150.33,184.69
0,29.85,344.74,323.0,0.829,6.447,1809.4,0.673,Cambisols,Shale,Forest,397.54,2119.61,6470.44
1,21.25,65.26,1987.0,0.306,5.658,2429.7,0.566,Cambisols,Limestone,Agriculture,309.61,275.99,8708.92
1,37.34,30.73,3111.0,0.383,4.175,2429.7,0.442,Luvisols,Phyllite,Agriculture,1137.27,691.09,377.09
0,44.73,259.42,679.0,-4.466,9.177,2087.3,0.707,Regosols,Sandstone,Forest,2223.7,61.72,3377.54
0,46.64,197.2,1473.0,0.116,5.531,1964.2,0.277,Cambisols,Granite,Agriculture,191.18,406.63,786.11
0,18.24,171.02,1323.0,-0.545,4.451,1763.3,0.838,Regosols,Quartzite,Scrub,793.79,429.47,8317.45
0,35.47,93.28,1705.0,-2.706,6.524,2108.2,1.0,Leptosols,Granite,Forest,107.81,378.65,23924.7
0,17.44,284.24,1462.0,3.861,5.171,1954.2,0.718,Regosols,Phyllite,Forest,1023.82,3226.81,6281.5
0,16.14,131.48,2174.0,0.294,4.895,1964.2,0.607,Leptosols,Quartzite,Agriculture,203.52,486.3,589.41
0,45.56,163.66,3642.0,-1.08,5.929,1310.2,-0.341,Leptosols,Gneiss,Barren,832.53,2.42,2092.67
0,38.17,110.92,4072.0,1.862,5.973,1310.2,0.481,Leptosols,Gneiss,Grassland,4160.93,78.83,4974.17
1,31.49,328.07,834.0,0.944,3.927,2238.0,0.399,Regosols,Shale,Agriculture,115.14,1536.44,2585.64
0,14.14,304.87,423.0,-0.651,5.4,1845.5,0.564,Regosols,Sandstone,Agriculture,109.47,312.75,12925.61
1,23.88,37.61,924.0,0.275,6.415,2108.2,0.723,Leptosols,Phyllite,Agriculture,157.27,55.17,3084.14
0,6.81,22.59,440.0,0.433,6.769,1299.0,0.841,Cambisols,Alluvium,Forest,317.81,39.03,523.66
0,43.6,68.09,5355.0,0.56,4.126,1429.8,-0.222,Leptosols,Gneiss,Barren,1132.13,1236.58,5644.82
0,27.07,299.96,1999.0,1.897,2.295,1782.4,0.06,Leptosols,Gneiss,Barren,398.73,634.13,18147.97
0,29.83,17.47,1041.0,1.365,6.308,1777.2,0.693,Cambisols,Granite,Agriculture,24.2,0.94,265.48
0,22.42,347.24,4066.0,-1.485,4.605,1132.9,-0.285,Leptosols,Schist,Snow,80.96,427.13,6882.98
0,41.38,131.11,4151.0,-1.825,5.868,1132.9,0.369,Cambisols,Gneiss,Grassland,446.14,491.39,1222.51
1,9.95,165.13,810.0,-0.476,7.7,1873.8,0.995,Cambisols,Sandstone,Forest,163.36,264.03,1662.15
0,45.88,32.15,2164.0,-2.005,6.5,1812.7,0.851,Leptosols,Quartzite,Forest,501.46,577.14,3060.69
0,2.0,122.73,561.0,0.623,7.472,1432.6,0.898,Fluvisols,Alluvium,Forest,23.5,344.84,14705.31
0,20.16,160.58,1039.0,-0.563,6.81,1809.4,0.822,Cambisols,Sandstone,Forest,280.33,186.83,1716.49
0,17.17,253.62,1111.0,1.971,6.05,1845.5,0.547,Cambisols,,Agriculture,59.55,1569.23,3387.03
0,19.4,94.24,787.0,-1.221,6.48,1873.8,0.732,Cambisols,Conglomerate,Forest,1532.58,284.69,14465.9
0,11.3,327.44,1068.0,-0.592,5.762,2279.6,0.717,Leptosols,Quartzite,Forest,907.11,147.55,1325.26
0,7.14,330.67,503.0,1.182,6.456,1618.8,0.858,Cambisols,Alluvium,Forest,445.53,29.42,16856.83
0,19.24,309.01,1920.0,0.355,6.818,1964.3,0.18,Cambisols,Quartzite,Barren,246.66,39.71,209.69
0,7.93,245.94,323.0,-1.013,8.755,1432.6,0.639,Cambisols,Alluvium,Agriculture,152.48,123.75,3932.7
0,7.7,153.33,180.0,0.81,7.144,1348.6,0.663,Fluvisols,Sandstone,Forest,596.78,26.11,20557.58
0,23.27,230.92,2782.0,-1.692,6.677,1680.2,0.382,Regosols,Quartzite,Builtup,652.4,443.71,165.53
1,29.73,247.94,1345.0,-3.475,7.526,2345.3,0.946,Cambisols,Shale,Forest,821.24,18.62,83.49
1,31.49,291.5,1604.0,-0.777,6.033,2108.3,0.775,Regosols,Limestone,Agriculture,290.17,64.26,4988.39
0,1.79,230.8,434.0,-0.503,8.558,1348.6,1.0,Fluvisols,Alluvium,Forest,754.57,88.94,1651.98
1,37.4,200.15,1512.0,-2.277,6.159,2000.6,0.588,Cambisols,Sandstone,Forest,485.28,62.81,8962.45
1,33.87,17.55,683.0,0.035,5.43,2075.6,0.942,Regosols,Limestone,Scrub,1159.77,91.39,4436.88
1,28.57,141.9,1179.0,-2.633,7.734,2288.3,0.926,Leptosols,Shale,Forest,755.35,47.83,273.69
1,33.64,191.16,1573.0,0.229,8.95,2195.0,0.432,Cambisols,Sandstone,Agriculture,633.98,49.99,1875.32
0,43.29,234.04,931.0,2.965,5.731,1979.2,0.583,Leptosols,Limestone,Agriculture,345.75,45.19,2502.15
0,5.14,161.86,568.0,-0.413,8.296,1879.0,0.645,Cambisols,Alluvium,Agriculture,176.41,365.68,9229.44
0,51.45,225.62,3596.0,-0.774,4.413,1312.7,0.106,Leptosols,Schist,Barren,21167.21,158.2,942.68
1,32.94,106.28,410.0,-1.092,6.278,2433.2,0.947,Cambisols,Shale,Scrub,116.65,247.31,980.78
1,30.13,135.14,1823.0,1.914,6.173,1964.3,0.626,Leptosols,Phyllite,Scrub,1361.93,45.67,888.65
0,22.23,352.49,1865.0,-1.427,6.945,1801.2,0.601,Leptosols,Schist,Agriculture,1189.35,39.1,3683.49
0,38.85,90.0,1493.0,3.055,4.85,2200.5,0.962,Regosols,Quartzite,Forest,3344.75,59.95,5275.92
1,33.8,343.76,1291.0,-1.56,6.615,2075.6,1.0,Regosols,Phyllite,Forest,649.71,1099.42,4519.0
0,44.0,349.94,3088.0,1.018,3.942,1954.2,0.539,Regosols,Shale,Scrub,1131.06,62.04,726.68
0,13.26,69.35,1324.0,-2.735,6.179,1352.4,0.139,Luvisols,Shale,Barren,410.36,203.72,7702.37
0,42.28,308.18,1279.0,-1.477,5.179,1966.5,0.908,Regosols,Schist,Agriculture,411.14,6.29,692.65
0,47.78,195.46,2519.0,7.571,1.576,1761.1,0.732,Leptosols,Shale,Forest,1636.53,2420.28,516.97
0,24.41,311.97,1089.0,0.024,6.167,2433.2,0.447,Cambisols,Conglomerate,Agriculture,397.08,1599.8,1946.55
1,27.88,309.23,1890.0,-1.684,6.762,1743.9,0.128,Cambisols,Shale,Builtup,322.16,260.51,464.93
0,11.38,71.8,1569.0,-0.129,4.375,2331.4,0.502,Regosols,Conglomerate,Agriculture,142.2,1496.64,563.98
0,16.46,72.62,823.0,-2.181,7.551,2075.6,0.14,Regosols,Quartzite,Builtup,67.3,226.33,7256.56
0,16.79,9.87,1253.0,1.704,4.503,1845.5,0.821,Cambisols,Shale,Forest,3503.05,365.45,322.87
0,42.89,237.17,3347.0,2.787,5.395,1213.9,-0.015,Regosols,Gneiss,Barren,1435.35,1000.12,7002.7
0,28.86,26.72,2617.0,-1.333,7.862,2288.3,0.312,Cambisols,Granite,Builtup,1264.35,8.76,6246.31
0,23.18,147.26,2106.0,3.531,2.67,2151.2,0.618,Leptosols,Phyllite,Forest,209.82,548.15,26.35
0,43.6,221.79,1927.0,-2.775,4.869,2201.8,0.926,Cambisols,Shale,Forest,1008.87,180.93,1556.08
0,24.79,146.75,2291.0,2.412,3.332,1302.3,0.156,Leptosols,Gneiss,Barren,1629.9,773.6,308.07
1,36.81,245.27,1410.0,-1.715,7.085,1502.9,0.451,Cambisols,Schist,Agriculture,109.18,35.73,1552.6
1,36.39,59.47,2009.0,0.77,3.664,2288.3,0.932,Regosols,Schist,Forest,375.19,855.54,270.19
1,36.47,307.14,1223.0,0.22,4.251,2345.3,0.898,Cambisols,Conglomerate,Forest,914.08,27.12,559.92
1,34.05,22.06,1431.0,2.846,3.946,1964.2,0.531,Regosols,Phyllite,Scrub,869.86,157.73,945.33
0,37.12,261.79,3503.0,0.963,3.952,1782.4,-0.105,Leptosols,Quartzite,Barren,1682.65,836.42,1457.83
1,32.27,347.34,1795.0,-1.253,4.616,2108.2,0.949,Regosols,Schist,Scrub,32.76,531.23,2610.43
0,43.05,161.76,788.0,1.096,3.25,1964.2,0.717,Cambisols,Phyllite,Scrub,221.03,356.35,11713.34
0,31.14,43.43,2223.0,1.23,5.828,1680.2,0.261,Leptosols,Granite,Barren,1486.85,136.58,104.34
0,44.8,107.92,3987.0,-1.209,5.297,1270.7,-0.066,Cambisols,Quartzite,Barren,1882.16,942.86,403.13
0,14.09,165.62,1910.0,-1.856,7.674,1812.7,0.834,Cambisols,Limestone,Scrub,1666.79,69.85,6101.39
0,34.16,243.01,2753.0,1.636,4.802,1502.9,0.586,Cambisols,Schist,Forest,4259.8,525.36,4265.77
1,32.24,345.44,1511.0,-1.524,5.884,1455.6,0.854,Regosols,Schist,Forest,454.56,115.1,972.01
1,39.01,321.02,1747.0,-2.79,7.289,1492.1,0.433,Cambisols,Quartzite,Builtup,9.32,91.87,2595.44
0,18.48,141.56,536.0,-0.675,4.097,2238.0,0.864,Regosols,Conglomerate,Forest,1173.92,285.79,3203.89
0,18.07,44.67,2862.0,2.022,6.468,1429.8,-0.013,Leptosols,Quartzite,Barren,1018.09,69.01,1948.18
0,57.73,118.79,3324.0,-2.466,7.491,1270.7,-0.1,Regosols,Gneiss,Barren,439.43,64.52,5678.72
1,33.43,232.58,1563.0,-3.623,7.716,2279.6,0.77,Cambisols,Shale,Scrub,75.82,199.71,191.82
0,38.26,303.72,2112.0,-1.415,6.002,1270.7,0.283,Leptosols,Granite,Grassland,11304.62,135.88,4792.99
0,0.33,-1.0,276.0,0.022,8.235,1879.0,0.77,Cambisols,Alluvium,Agriculture,8.55,702.28,14680.5
0,7.42,74.82,538.0,1.14,5.823,2238.0,0.798,Cambisols,Sandstone,Forest,1057.86,287.94,6116.82
0,51.59,273.81,4357.0,2.248,2.32,1310.2,0.206,Leptosols,Granite,Grassland,5090.03,261.3,4872.15
0,50.92,91.08,1146.0,-2.625,6.348,1706.0,0.686,Regosols,Phyllite,Forest,503.45,16.24,537.57
0,47.21,111.69,2256.0,0.82,6.047,1352.4,0.443,Cambisols,Phyllite,Agriculture,1944.12,561.4,1020.78
1,37.57,46.11,1541.0,0.068,5.96,2108.3,0.856,Cambisols,Schist,Scrub,53.52,115.25,7083.44
0,34.15,68.78,927.0,-0.499,5.339,2087.3,0.945,Cambisols,Sandstone,Forest,4976.17,257.41,1894.64
1,42.19,61.73,1701.0,-0.953,5.3,2075.6,0.951,Cambisols,Limestone,Scrub,4305.38,142.19,728.05
0,6.1,278.01,2752.0,0.2,7.366,2301.9,1.0,Cambisols,Granite,Forest,87.07,149.84,1142.58
1,33.28,62.71,933.0,2.65,3.233,2429.7,0.826,Cambisols,Granite,Scrub,397.52,234.59,960.82
0,47.25,199.8,1522.0,-3.672,6.784,2201.8,0.865,Luvisols,Granite,Scrub,344.13,135.71,4473.9
1,30.84,229.2,1688.0,-2.37,5.768,1966.5,0.019,Leptosols,Phyllite,Barren,363.46,268.33,856.9
0,31.95,150.42,4304.0,-0.585,5.984,1031.6,0.113,Regosols,Gneiss,Barren,4750.03,115.19,3121.98
1,33.79,101.23,2107.0,-0.334,5.853,2279.6,0.855,Luvisols,Schist,Forest,4274.44,452.55,1474.69
0,33.3,24.74,4170.0,1.667,3.82,1270.7,0.112,Leptosols,Schist,Barren,7243.62,1010.24,187.91
1,38.31,216.39,1339.0,-2.865,6.869,2075.6,0.567,Regosols,Quartzite,Agriculture,41.17,118.29,2048.23
1,30.04,203.53,1719.0,2.543,3.483,1455.6,0.75,Cambisols,Quartzite,Scrub,198.81,813.5,1955.26
0,2.75,74.5,364.0,-1.276,7.334,1333.1,0.166,Fluvisols,Alluvium,Agriculture,72.69,627.86,25104.14
0,23.44,329.4,4549.0,-1.249,5.785,1031.6,0.452,Regosols,Schist,Forest,4267.08,614.18,4084.47
0,51.48,253.3,2070.0,2.44,2.115,2429.7,0.819,Cambisols,Phyllite,Forest,2181.49,1352.62,256.51
0,29.88,159.28,1386.0,-2.702,6.006,1680.2,0.722,Cambisols,Quartzite,Agriculture,752.8,306.86,784.35
0,1.77,109.58,420.0,0.442,9.458,1299.0,0.752,Fluvisols,Alluvium,Forest,865.28,599.5,5108.26
0,17.57,347.35,2125.0,1.215,5.696,2279.6,0.632,Cambisols,Quartzite,Forest,5332.8,24.81,55.57
0,24.15,166.11,2901.0,-3.394,6.933,2108.2,0.703,Cambisols,Quartzite,Forest,383.61,161.23,13.05
0,20.81,231.75,1561.0,-3.005,6.938,1801.2,0.262,Leptosols,Schist,Agriculture,2065.92,299.89,3057.66
0,11.74,141.1,702.0,1.819,6.369,1873.8,0.665,Cambisols,Conglomerate,Forest,531.97,41.14,1430.81
0,67.14,19.04,1941.0,1.296,5.445,2301.9,0.673,Luvisols,Phyllite,Forest,843.1,56.1,10614.84
0,72.84,318.01,4083.0,7.072,2.033,1312.7,-0.02,Glacier,Granite,Snow,1654.97,5000.0,4050.67
0,30.88,336.99,3613.0,1.572,5.184,1312.7,0.716,Leptosols,Gneiss,Forest,5799.84,505.13,3496.42
0,18.46,354.26,944.0,2.231,4.525,2087.3,1.0,Cambisols,Sandstone,Forest,640.03,238.49,1210.0
0,31.64,42.25,2938.0,1.903,4.558,1310.2,0.681,Leptosols,Gneiss,Grassland,1328.63,735.58,4735.43
0,28.24,151.18,4602.0,-0.799,5.84,1459.2,0.281,Regosols,Gneiss,Grassland,12208.7,1054.97,6952.33
0,1.11,123.67,321.0,-0.653,10.14,1348.6,0.8,Fluvisols,Alluvium,Forest,167.18,152.66,15907.3
0,0.79,-1.0,394.0,2.043,8.641,1333.1,0.945,Fluvisols,Alluvium,Forest,802.09,1974.12,1319.76
0,18.33,285.46,3307.0,0.07,6.81,1302.3,-0.131,Leptosols,Granite,Barren,4379.77,144.45,650.42
1,31.71,343.36,2213.0,2.47,4.927,2108.2,0.989,Luvisols,Limestone,Forest,339.81,186.21,425.02
0,1.51,298.08,291.0,-0.234,9.068,1432.6,0.629,Fluvisols,Alluvium,Forest,32.62,5.34,14182.57
0,21.04,138.6,1629.0,0.891,4.458,1964.3,0.888,Cambisols,Granite,Forest,135.12,970.42,1629.52
0,48.65,59.01,3865.0,-0.768,4.419,1371.6,0.607,Cambisols,Gneiss,Grassland,22049.95,577.01,17664.32
0,58.52,328.06,3829.0,5.467,1.784,1312.7,0.294,Regosols,Gneiss,Grassland,14423.81,1299.51,1929.03
1,30.06,103.46,1136.0,3.005,4.283,2345.3,1.0,Regosols,Sandstone,Forest,677.39,101.05,836.08
0,14.15,85.83,941.0,-0.455,8.518,1809.4,0.547,Cambisols,Conglomerate,Agriculture,30.52,57.62,2528.96
0,14.7,190.85,1684.0,0.83,5.937,1706.0,0.738,Cambisols,Shale,Forest,1588.6,36.64,1742.55
0,51.84,279.86,1281.0,-0.527,4.603,1214.1,0.711,Cambisols,Granite,Forest,6501.76,502.88,1281.52
1,39.85,227.34,1745.0,1.245,4.281,2301.9,0.701,Regosols,Quartzite,Forest,27.99,668.42,9542.91
0,18.98,160.67,2976.0,-0.294,5.527,1141.7,0.521,Leptosols,Gneiss,Grassland,3444.91,76.16,1312.53
0,27.87,68.45,1817.0,0.924,5.721,2075.6,0.239,Luvisols,Schist,Barren,456.88,238.08,226.91
0,36.28,103.61,2128.0,0.401,5.81,2200.5,0.535,Luvisols,Schist,Forest,643.0,541.18,6212.97
0,33.65,340.34,3157.0,1.649,2.243,1302.3,-0.135,Cambisols,Gneiss,Barren,4034.59,706.63,2135.51
0,19.9,177.67,4323.0,1.349,4.595,1031.6,-0.145,Leptosols,Gneiss,Snow,7071.75,212.62,16168.65
0,21.77,203.97,382.0,1.769,4.382,1845.5,1.0,Luvisols,Sandstone,Forest,1309.59,206.33,1894.28
1,23.2,280.08,1770.0,-3.108,9.879,2195.0,0.792,Regosols,Sandstone,Scrub,1292.13,2.06,208.89
0,26.11,71.43,1250.0,-1.752,6.93,1801.2,0.926,Cambisols,Quartzite,Scrub,4371.99,147.54,521.63
0,29.82,328.01,3799.0,-1.079,6.399,1302.3,0.016,Leptosols,Schist,Barren,5313.61,143.56,4572.99
1,39.42,346.08,1958.0,-3.592,5.471,1680.2,0.762,Luvisols,Shale,Scrub,1659.98,349.37,782.88
0,16.16,54.77,1261.0,-1.121,7.418,2087.3,0.475,Cambisols,Conglomerate,Agriculture,79.25,262.45,772.99
0,24.68,204.66,4061.0,0.908,5.914,1514.4,-0.259,Glacier,Gneiss,Barren,2122.95,596.28,1047.88
1,31.64,234.27,949.0,1.658,5.16,1966.5,0.139,Regosols,Phyllite,Barren,77.17,414.56,5309.27
0,42.51,332.21,2274.0,-3.405,7.743,1966.5,0.818,Cambisols,Shale,Forest,2046.97,524.88,952.61
0,56.1,0.45,1848.0,-1.747,6.122,1245.1,-0.127,Leptosols,Gneiss,Barren,8709.97,630.45,116.13
0,28.65,215.16,297.0,-0.289,3.297,2087.3,0.776,Cambisols,Sandstone,Forest,3744.86,439.07,3194.89
1,34.54,79.32,1669.0,-1.637,4.627,1743.9,0.617,Luvisols,Phyllite,Agriculture,678.16,335.03,3780.57
0,13.13,140.03,4404.0,-0.058,6.741,1177.5,-0.285,Regosols,Granite,Barren,1899.95,336.85,412.08
0,17.19,118.68,1766.0,1.026,5.592,1459.2,0.084,Leptosols,Gneiss,Barren,4583.59,65.96,10361.55
0,20.71,173.7,3191.0,0.695,6.086,1031.6,-0.227,Leptosols,Gneiss,Barren,7283.21,164.03,2566.43
0,12.4,81.49,180.0,1.135,7.807,1333.1,0.72,Cambisols,Alluvium,Forest,1541.15,1880.67,1953.16
0,13.29,230.02,1836.0,-0.749,6.484,2075.6,0.128,Regosols,Limestone,Barren,2541.01,723.94,7284.47
0,24.7,111.61,2014.0,-2.624,7.228,1801.2,0.753,Luvisols,Limestone,Scrub,236.83,298.09,4700.21
1,28.59,243.38,1971.0,-2.503,6.557,1964.2,0.354,Regosols,Phyllite,Agriculture,847.51,456.32,823.05
0,14.56,139.81,4079.0,0.559,8.009,1514.4,0.598,Regosols,Gneiss,Forest,7879.27,187.97,8127.26
1,37.8,103.96,1417.0,-3.721,7.051,2075.6,0.677,Regosols,Limestone,Agriculture,2.1,605.51,1882.64
1,36.2,51.96,2583.0,1.937,4.787,2429.7,0.593,Cambisols,Phyllite,Forest,2524.2,54.11,2747.73
1,23.67,60.08,1883.0,0.193,5.176,1921.7,0.718,Regosols,Schist,Forest,617.05,89.87,1365.98
0,14.34,55.37,761.0,0.932,4.423,1809.4,0.839,Cambisols,Conglomerate,Forest,735.9,1738.91,6118.45
1,51.72,308.69,3075.0,-2.199,6.865,1939.8,0.404,Luvisols,Phyllite,Forest,2000.28,48.88,1220.3
0,24.49,93.59,917.0,4.204,3.912,2238.0,0.666,Regosols,Sandstone,Forest,196.82,1223.36,56.92
0,22.04,87.28,1859.0,-0.941,7.039,1214.1,0.819,Leptosols,Schist,Forest,490.02,1436.92,6048.84
0,27.3,132.3,5139.0,-0.349,4.567,1270.7,-0.198,Cambisols,Gneiss,Snow,2455.86,116.61,1290.15
0,17.43,178.24,1920.0,-0.124,5.458,2151.2,0.793,Leptosols,Limestone,Forest,2573.57,736.34,12931.56
0,52.15,102.65,1554.0,-0.603,6.727,1743.9,0.476,Leptosols,Phyllite,Agriculture,7.43,52.75,6873.22
0,33.69,254.86,4280.0,-1.275,4.741,1141.7,0.38,Cambisols,Gneiss,Grassland,906.63,225.11,1689.51
1,14.31,252.41,1863.0,-2.57,6.935,2200.5,0.767,Cambisols,Limestone,Forest,83.41,838.72,408.86
1,32.1,207.07,1408.0,0.069,6.023,2201.8,0.41,Leptosols,Shale,Agriculture,229.01,263.13,2657.62
0,39.81,264.05,1277.0,-4.4,8.293,2075.6,0.92,Leptosols,Quartzite,Forest,1257.33,3.34,1383.91
0,26.11,270.38,4061.0,-0.532,5.857,1782.4,0.594,Glacier,Granite,Grassland,3300.57,75.71,6910.68
0,17.67,134.42,1598.0,0.193,7.292,1455.6,0.284,Leptosols,Shale,Builtup,310.51,957.98,583.31
0,34.85,30.31,1426.0,0.062,6.985,1777.2,0.831,Cambisols,Limestone,Forest,1249.06,253.67,1998.08
0,30.57,333.36,835.0,-0.522,6.431,1801.2,0.753,Cambisols,Phyllite,Forest,190.92,99.87,2273.33
1,31.43,187.5,1807.0,0.759,4.887,1964.2,0.996,Leptosols,Phyllite,Forest,1051.3,351.31,4937.11
0,13.37,62.86,1047.0,1.583,3.78,1680.2,0.529,Cambisols,Granite,Agriculture,820.07,905.16,1316.09
1,23.89,73.14,1073.0,1.989,5.682,2087.3,0.668,Regosols,Sandstone,Agriculture,114.17,699.58,408.47
0,11.54,101.7,334.0,-2.045,7.393,1299.0,0.565,Fluvisols,Alluvium,Agriculture,67.43,213.83,3967.38
0,25.88,10.49,2371.0,0.875,5.327,1706.0,0.663,Cambisols,Phyllite,Forest,932.47,296.11,2263.16
1,46.75,293.72,1316.0,-0.983,6.638,1477.7,0.408,Regosols,Schist,Agriculture,72.26,14.92,267.42
0,46.26,327.15,1346.0,1.16,4.619,1743.9,0.785,Leptosols,Quartzite,Forest,1577.39,305.57,5245.97
0,10.8,46.56,378.0,0.688,5.969,2331.4,0.951,Luvisols,Sandstone,Scrub,817.16,264.39,4074.55
0,23.94,172.21,3774.0,-1.824,6.677,1312.7,-0.108,Leptosols,Gneiss,Barren,3312.3,340.95,1866.29
1,40.31,112.63,2105.0,0.331,4.49,2201.8,0.534,Luvisols,Phyllite,Agriculture,410.59,386.47,11822.17
0,31.98,65.14,4365.0,-3.584,8.768,1371.6,0.337,Leptosols,Gneiss,Grassland,2954.08,8.54,13161.09
0,27.55,167.29,2690.0,1.4,5.738,1966.5,0.8,Regosols,Schist,Forest,3819.54,424.08,3720.25
1,36.84,327.19,1217.0,-2.291,7.653,2200.5,0.53,Regosols,Quartzite,Agriculture,207.14,160.16,1737.7
1,40.9,139.45,1285.0,-2.712,5.728,1979.2,0.645,Leptosols,Granite,Agriculture,958.81,1.85,9991.23
0,32.67,340.95,1144.0,1.398,4.978,2301.9,0.393,Cambisols,Quartzite,Agriculture,1198.51,140.48,2104.07
0,24.24,283.5,652.0,1.916,4.228,1845.5,0.69,Regosols,Sandstone,Agriculture,372.68,931.52,4349.8
0,43.04,205.94,3390.0,-0.708,6.607,1031.6,0.604,Leptosols,Schist,Forest,739.6,540.65,346.74
0,1.85,39.09,387.0,-0.403,10.079,1691.4,0.118,Fluvisols,Alluvium,Builtup,389.41,19.59,23156.06
0,39.76,233.77,5722.0,1.222,6.23,1132.9,-0.18,Glacier,Gneiss,Snow,15231.91,7.41,2460.92
0,52.41,287.23,2193.0,-2.276,5.216,1954.2,0.989,Regosols,Phyllite,Forest,1217.35,130.81,2373.34
1,33.94,265.33,1510.0,-0.89,4.563,2075.6,0.315,Regosols,Schist,Agriculture,297.74,745.79,1833.87
0,19.78,257.32,438.0,0.725,6.733,2345.3,1.0,Regosols,Conglomerate,Forest,2112.04,52.29,93.06
1,34.91,340.82,1164.0,-0.7,5.039,2000.6,0.722,Luvisols,Shale,Forest,152.56,90.97,1708.11
1,32.64,96.73,1167.0,-1.958,4.552,1777.2,0.829,Cambisols,Phyllite,Scrub,82.65,242.77,3572.51
1,30.78,41.25,2078.0,-1.838,6.465,2201.8,0.722,Regosols,Limestone,Scrub,165.69,1.03,2043.86
0,44.72,119.77,4251.0,0.482,6.517,1177.5,0.266,Leptosols,Gneiss,Grassland,2448.34,173.9,1870.53
0,30.8,36.12,5143.0,-1.77,,1302.3,0.681,Regosols,Schist,Forest,11122.7,136.58,8505.65
0,22.66,64.43,837.0,2.67,6.642,1492.1,0.952,Luvisols,Shale,Scrub,72.76,5.74,2962.63
0,22.92,308.84,1356.0,1.326,4.651,2195.0,0.708,Cambisols,Sandstone,Forest,433.89,456.6,342.03
0,41.04,269.05,683.0,1.922,3.24,2238.0,0.977,Luvisols,Conglomerate,Forest,257.66,857.62,571.98
1,30.3,14.81,1538.0,0.706,6.235,2429.7,0.621,Cambisols,Schist,Scrub,372.37,793.78,3819.7
0,38.83,163.97,2396.0,2.274,3.727,1102.0,0.347,Cambisols,Gneiss,Grassland,2728.57,946.12,9724.33
0,28.5,293.06,1458.0,-0.169,6.802,1964.3,1.0,Cambisols,Phyllite,Forest,467.91,616.47,4132.56
0,9.42,128.05,275.0,-1.225,8.222,1651.8,0.514,Fluvisols,Alluvium,Agriculture,42.23,364.58,4688.51
1,28.24,51.37,1911.0,-0.495,6.584,1455.6,0.691,Cambisols,Schist,Forest,298.56,35.84,5657.86
0,6.78,198.1,184.0,0.579,6.983,2331.4,0.736,Cambisols,Shale,Forest,7151.51,745.75,5580.14
1,32.71,206.73,1789.0,-0.313,4.988,1812.7,0.85,Cambisols,Schist,Scrub,2831.86,111.05,63.94
0,25.19,41.81,922.0,-0.679,5.939,1809.4,0.86,Cambisols,Shale,Forest,341.63,226.66,939.04
0,31.21,299.94,2002.0,1.647,4.879,1761.1,0.62,Cambisols,Schist,Agriculture,404.89,1182.49,628.65
1,33.0,140.2,1386.0,0.432,3.847,2201.8,0.334,Regosols,Quartzite,Agriculture,151.61,305.3,487.44
1,34.26,96.1,1201.0,1.487,5.38,1455.6,0.677,Leptosols,Phyllite,Scrub,219.33,138.42,2833.81
0,26.56,241.64,1775.0,-2.686,6.333,1921.7,0.23,Regosols,Quartzite,Barren,321.22,135.59,5064.78
0,17.75,15.02,1494.0,-0.244,5.417,1680.2,0.286,Leptosols,Limestone,Builtup,46.13,383.55,3257.1
1,28.21,27.72,888.0,0.068,5.473,,0.456,Regosols,Shale,Forest,8.8,1351.44,407.75
0,42.09,32.98,2937.0,2.193,4.442,1031.6,0.508,Leptosols,Schist,Grassland,14023.92,822.77,11555.56
0,41.48,162.28,1197.0,-2.489,6.712,2151.2,0.279,Regosols,Granite,Builtup,773.57,330.24,5252.14
0,20.94,141.24,498.0,-0.19,6.593,1804.3,0.939,Regosols,Conglomerate,Forest,3959.52,241.15,3301.57
0,2.99,31.07,316.0,0.285,8.531,1333.1,0.594,Cambisols,Alluvium,Agriculture,404.65,278.14,1834.34
0,23.73,119.91,1518.0,-0.645,6.838,2201.8,0.82,Regosols,Phyllite,Forest,233.27,33.6,10502.9
1,33.12,258.78,1903.0,-0.457,6.0,1761.1,0.168,Regosols,Schist,Barren,746.87,398.47,1706.78
0,22.55,314.66,2676.0,2.419,7.19,988.1,0.686,Leptosols,Gneiss,Forest,8048.73,3.1,2706.91
0,42.44,168.36,1219.0,2.611,3.123,1954.2,0.596,Regosols,Schist,Forest,1148.02,769.59,6085.12
0,27.02,16.18,1549.0,1.02,5.521,1812.7,0.777,Leptosols,Limestone,Forest,528.11,201.8,2226.73
1,25.93,249.94,2309.0,-3.466,6.087,1979.2,0.669,Regosols,,Agriculture,115.12,301.75,5681.13
1,33.89,183.83,943.0,-1.553,6.672,2288.3,0.906,Cambisols,Schist,Scrub,98.49,73.73,467.36
1,25.08,171.48,1380.0,-1.186,6.2,2279.6,0.272,Cambisols,Shale,Barren,808.42,202.59,5688.5
0,40.7,280.31,2790.0,0.379,4.527,1102.0,0.596,Leptosols,Schist,Grassland,2698.62,1098.7,703.92
0,41.85,313.45,2128.0,1.467,3.251,1921.7,0.912,Cambisols,Schist,Forest,1004.11,624.76,1035.33
0,59.79,185.38,5080.0,1.649,3.375,1141.7,-0.102,Glacier,Schist,Snow,5627.38,192.79,10121.85
0,30.43,304.73,2343.0,0.223,5.095,2108.3,0.951,Regosols,Shale,Forest,2015.25,764.58,2574.06
0,27.23,92.76,5619.0,1.115,4.305,1514.4,-0.32,Leptosols,Gneiss,Snow,10077.1,201.32,988.3
0,51.09,205.26,1304.0,1.278,2.25,2288.3,0.757,Regosols,Phyllite,Forest,89.47,750.45,1586.14
1,24.12,95.38,1489.0,0.331,6.404,1801.2,0.858,Regosols,Quartzite,Forest,1830.03,3.81,1540.74
0,9.37,10.18,925.0,-1.686,7.289,2331.4,0.803,Cambisols,Sandstone,Scrub,336.61,131.74,1519.32
1,32.64,60.98,1043.0,2.238,4.49,2433.2,0.8,Regosols,Sandstone,Scrub,1126.79,226.41,1602.09
0,26.3,105.64,718.0,0.061,3.478,2331.4,0.56,Cambisols,Shale,Scrub,1001.02,807.34,245.03
0,24.35,76.94,2137.0,0.617,7.177,1966.5,0.635,Cambisols,Schist,Agriculture,1983.12,47.27,3058.87
0,9.35,212.4,539.0,-0.089,7.631,2429.7,0.995,Cambisols,Phyllite,Forest,97.7,447.63,2151.31
0,14.75,249.44,1634.0,0.356,7.627,1954.2,0.549,Cambisols,Shale,Grassland,3448.4,32.41,10122.61
1,39.74,207.24,1869.0,-3.189,7.468,1939.8,0.636,Regosols,Granite,Agriculture,68.19,146.92,860.12
0,10.41,96.0,2052.0,0.085,6.762,1352.4,0.978,Regosols,Quartzite,Forest,663.03,521.74,7069.08
1,30.86,286.26,1299.0,-1.907,7.063,1964.2,0.762,Regosols,Limestone,Forest,417.48,131.85,3438.35
0,17.26,233.39,1297.0,0.949,3.825,2433.2,0.754,Cambisols,Shale,Forest,1389.39,242.4,3177.38
0,30.64,91.91,2711.0,1.832,4.94,,0.893,Cambisols,Granite,Forest,998.4,169.24,1797.06
0,11.82,92.34,1751.0,0.954,5.042,1763.3,0.808,Cambisols,Shale,Forest,644.21,157.58,4998.18
0,37.72,182.64,713.0,0.959,7.505,2195.0,0.58,Cambisols,Sandstone,Builtup,224.66,311.15,1756.73
0,32.62,287.37,3938.0,2.684,4.252,988.1,0.476,Leptosols,Quartzite,Grassland,686.16,209.19,592.34
0,49.21,169.64,1934.0,2.691,2.413,2075.6,0.471,Cambisols,Shale,Agriculture,260.39,461.77,1878.02
0,18.27,197.61,784.0,-2.021,8.071,2195.0,0.787,Luvisols,Conglomerate,Forest,523.54,117.52,1305.86
0,7.73,133.24,230.0,-0.552,6.788,1691.4,0.894,Fluvisols,Alluvium,Forest,556.91,94.35,8352.24
1,28.02,175.9,1466.0,-0.538,5.137,2200.5,0.349,Leptosols,,Barren,293.48,282.63,694.52
1,25.61,269.45,1744.0,1.703,7.219,2108.3,0.418,Cambisols,Quartzite,Agriculture,738.61,143.06,3070.86
0,30.15,11.36,1589.0,1.514,5.282,1954.2,0.939,,Phyllite,Forest,5364.14,70.08,53.17
1,34.69,198.07,1639.0,-2.924,8.531,1761.1,0.507,Regosols,Phyllite,Agriculture,59.29,70.26,687.73
0,24.55,230.32,1400.0,2.082,4.391,2288.3,0.781,Leptosols,Shale,Forest,245.34,1667.7,881.7
0,16.76,39.16,5512.0,0.867,5.803,1782.4,0.295,Glacier,Schist,Barren,3203.66,135.1,4150.92
1,41.21,230.29,2160.0,-2.772,7.013,2279.6,0.665,Leptosols,Schist,Agriculture,167.62,5.93,2306.28
0,0.62,-1.0,657.0,-0.545,9.787,1879.0,0.411,Fluvisols,Alluvium,Agriculture,151.59,479.72,12340.72
0,3.52,324.95,224.0,-1.148,9.02,1299.0,0.398,Fluvisols,Alluvium,Agriculture,93.48,24.32,2672.0
0,15.06,242.26,1020.0,-1.212,7.322,1809.4,0.859,Cambisols,Shale,Forest,2384.32,191.13,741.61
1,33.26,253.77,1181.0,0.587,4.417,2345.3,0.762,Cambisols,Sandstone,Forest,467.0,397.83,2356.35
0,50.33,58.91,1906.0,-5.97,6.621,1921.7,0.853,Regosols,Schist,Forest,346.17,82.06,5509.19
0,19.22,212.93,3568.0,-0.226,6.861,1102.0,-0.061,Leptosols,Schist,Barren,6490.02,1366.55,3663.98
1,38.85,54.39,1807.0,-0.231,4.315,2301.9,0.97,Regosols,Limestone,Forest,2001.0,517.34,2094.36
1,28.3,288.56,1599.0,1.121,4.924,1939.8,0.699,Cambisols,Phyllite,Scrub,1822.49,187.38,1170.64
0,12.55,256.24,2002.0,-0.406,4.164,2108.2,-0.219,Cambisols,,Barren,171.13,1201.65,1621.54
0,31.35,48.52,2377.0,1.179,5.352,1312.7,0.732,Cambisols,Gneiss,Forest,4153.26,553.38,13532.9
0,30.66,18.33,4200.0,0.424,4.687,1514.4,0.531,Regosols,Schist,Forest,5555.08,591.28,21468.11
0,37.82,265.61,1871.0,-1.645,6.225,1492.1,0.992,Regosols,Phyllite,Forest,1028.71,153.87,1005.07
1,39.75,62.94,1450.0,-3.584,7.118,2108.3,0.424,Cambisols,Limestone,Agriculture,1075.58,429.0,3289.27
1,31.01,4.16,2920.0,-0.079,5.212,2288.3,0.35,Leptosols,Quartzite,Agriculture,337.06,555.42,753.35
1,37.25,186.85,1016.0,-0.399,7.847,2331.4,0.518,Regosols,Shale,Agriculture,534.94,50.75,1497.56
0,39.25,8.76,2276.0,0.371,6.029,2429.7,0.795,Cambisols,Quartzite,Scrub,791.68,598.82,228.56
0,25.84,36.71,1124.0,0.195,4.142,1873.8,0.592,Regosols,Sandstone,Forest,534.53,1457.48,883.08
0,17.91,68.89,2582.0,0.34,4.728,2279.6,1.0,Cambisols,Limestone,Forest,141.97,445.52,120.38
1,22.22,154.53,1814.0,-0.818,7.512,2429.7,0.488,Cambisols,Phyllite,Builtup,281.32,73.46,578.16
0,28.66,54.93,1494.0,1.825,4.65,1680.2,0.706,Cambisols,Limestone,Forest,251.08,904.34,2497.97
0,37.24,350.67,4579.0,-0.099,4.693,1302.3,-0.236,Cambisols,Granite,Snow,1711.57,216.71,3685.82
1,30.74,326.43,1889.0,-1.399,5.461,2201.8,0.441,Cambisols,Limestone,Agriculture,1432.51,183.17,481.71
1,14.47,78.39,1529.0,-0.812,6.839,2429.7,0.511,Regosols,Limestone,Agriculture,66.34,22.86,2257.64
1,38.33,265.43,1890.0,0.07,6.268,1743.9,0.506,Cambisols,Schist,Builtup,207.0,33.12,216.91
0,19.04,356.54,1112.0,-1.58,7.001,1982.4,0.862,Cambisols,Conglomerate,Forest,171.82,22.46,3125.3
0,37.78,252.99,1700.0,0.693,7.074,1801.2,0.818,Leptosols,Quartzite,Forest,316.46,24.98,1153.84
0,61.47,270.35,4725.0,-3.762,7.215,1102.0,0.436,Leptosols,Schist,Grassland,767.43,326.32,3995.09
0,37.81,265.38,3938.0,0.43,4.475,1371.6,-0.194,Regosols,Gneiss,Barren,228.18,206.99,7668.71
1,22.7,139.64,1676.0,-1.154,6.567,2200.5,1.0,Cambisols,Schist,Forest,226.6,215.86,970.2
1,36.12,94.44,1064.0,-0.698,5.843,1812.7,0.878,Leptosols,Phyllite,Forest,1646.91,168.32,3588.45
0,12.2,357.99,1732.0,-0.277,5.273,1954.2,0.584,Leptosols,Schist,Scrub,675.71,737.39,3916.16
0,18.54,170.87,1005.0,1.162,5.275,2041.1,0.815,Regosols,Sandstone,Forest,1560.43,362.26,1233.43
0,15.9,250.54,2313.0,1.141,4.527,1964.3,0.656,Cambisols,Phyllite,Forest,184.9,446.92,667.13
0,16.77,96.5,2132.0,1.641,5.664,1477.7,0.913,Luvisols,Phyllite,Forest,523.77,295.45,2684.35
0,36.92,121.3,4888.0,5.935,3.665,1132.9,-0.014,Leptosols,Gneiss,Snow,3851.06,438.85,10014.54
0,8.84,343.52,423.0,1.151,4.905,1651.8,0.379,Fluvisols,Sandstone,Agriculture,310.89,869.48,1237.66
0,9.39,353.19,434.0,0.317,8.006,1809.4,0.87,,Sandstone,Forest,1067.78,141.26,2307.24
0,45.76,288.62,1815.0,-2.394,4.852,1801.2,0.626,Cambisols,Schist,Forest,1391.66,122.53,2658.21
0,7.0,253.44,394.0,-1.795,8.759,1333.1,0.329,Cambisols,Alluvium,Agriculture,120.69,76.0,30095.62
0,20.43,193.82,901.0,-0.668,6.306,2200.5,0.899,Luvisols,Granite,Scrub,86.68,670.82,3030.08
0,15.02,309.69,3540.0,2.971,6.948,1302.3,-0.073,Cambisols,Gneiss,Barren,2073.93,884.21,1618.9
1,33.8,197.51,1632.0,1.463,5.888,1477.7,0.939,Cambisols,Limestone,Forest,1098.36,54.34,4461.87
1,31.84,39.63,1404.0,-2.04,6.207,2108.3,0.33,Cambisols,Phyllite,Barren,38.78,170.15,555.46
0,42.57,310.9,792.0,1.738,5.799,2041.1,0.987,Cambisols,,Forest,549.73,11.67,7021.24
0,8.44,245.62,306.0,2.523,6.393,1691.4,0.52,Cambisols,Alluvium,Agriculture,11.16,60.5,5067.67
1,27.98,222.88,1586.0,-0.226,4.492,,0.411,Cambisols,Phyllite,Agriculture,3.04,1243.96,279.65
0,33.3,138.2,1303.0,-0.601,6.444,1954.2,0.676,Regosols,Shale,Forest,300.93,440.87,2713.88
0,18.6,231.44,4773.0,0.276,5.938,1213.9,0.066,Leptosols,Granite,Barren,5366.74,248.74,697.82
0,23.04,104.23,1134.0,1.527,3.265,2075.6,1.0,Cambisols,Phyllite,Forest,1065.19,643.82,2769.65
0,23.58,115.21,3421.0,-3.946,7.891,1782.4,0.839,Regosols,Granite,Grassland,20791.72,140.2,12251.73
0,31.08,3.37,1032.0,-2.176,4.72,1939.8,0.77,Leptosols,Schist,Forest,3404.42,260.73,1654.83
0,35.67,108.9,558.0,1.195,4.823,2195.0,0.23,Luvisols,,Agriculture,116.9,545.18,1764.91
1,30.06,355.91,1383.0,-2.928,7.658,2151.2,0.675,Cambisols,Phyllite,Scrub,4048.86,0.55,1717.16
1,40.46,141.95,1082.0,-0.352,6.081,2288.3,0.489,Regosols,Shale,Grassland,232.27,346.55,3600.79
1,30.42,133.96,2519.0,2.828,4.917,1921.7,-0.061,Cambisols,Phyllite,Barren,654.89,915.23,17.96
0,21.57,329.42,1851.0,-2.24,6.483,1964.2,0.972,Cambisols,Quartzite,Forest,128.37,329.33,8500.09
1,38.66,289.53,1303.0,-1.018,6.21,2200.5,0.609,Regosols,Phyllite,Forest,103.78,82.81,13654.88
0,36.29,98.27,1459.0,1.298,5.115,1214.1,0.297,Leptosols,Shale,Agriculture,755.63,544.92,1798.32
0,0.91,-1.0,243.0,-0.996,10.085,1348.6,0.511,Cambisols,Sandstone,Agriculture,11.41,45.64,11399.09
0,23.18,169.49,1126.0,-0.19,4.446,1812.7,0.809,Regosols,Quartzite,Scrub,233.17,174.33,5528.1
1,46.34,277.83,1778.0,3.512,3.72,2075.6,0.268,Regosols,Shale,Barren,298.6,644.38,30.73
0,50.27,330.3,5223.0,-3.171,8.056,1031.6,-0.016,Leptosols,Granite,Barren,393.06,67.75,1907.7
0,45.48,294.05,4412.0,0.968,3.422,1429.8,0.183,Regosols,Gneiss,Grassland,2174.8,651.08,32.4
0,25.63,16.49,2200.0,1.292,7.377,2201.8,0.401,Leptosols,Granite,Builtup,670.49,292.18,94.47
1,46.62,271.75,1662.0,-4.814,6.633,1763.3,0.785,Regosols,Schist,Forest,759.27,355.07,435.66
0,21.31,345.98,466.0,-2.175,7.847,1879.0,0.522,Cambisols,Alluvium,Agriculture,224.6,144.23,14547.59
1,27.1,248.23,2822.0,0.384,4.975,2288.3,0.19,Cambisols,Quartzite,Builtup,198.96,45.84,155.49
0,61.01,318.33,276.0,4.914,3.26,1812.7,0.888,Leptosols,Limestone,Forest,329.68,3969.94,1095.61
0,29.92,254.62,1057.0,1.03,6.158,2288.3,0.665,Leptosols,Granite,Agriculture,159.85,97.76,8744.91
1,35.25,21.29,1628.0,-3.918,6.112,2429.7,0.194,Leptosols,Shale,Barren,390.81,152.83,2946.81
0,25.41,81.66,4188.0,0.146,5.286,1429.8,0.132,Cambisols,Quartzite,Grassland,11260.68,664.59,2143.48
0,18.17,287.91,955.0,0.207,7.108,2433.2,0.581,Luvisols,Shale,Forest,1547.56,146.75,3285.96
0,27.62,54.38,3257.0,1.318,6.248,1514.4,0.311,Leptosols,Gneiss,Grassland,89.27,502.03,5055.95
0,29.1,337.66,1185.0,-2.833,5.244,2201.8,0.638,Regosols,Shale,Scrub,3309.74,715.9,1244.65
0,31.52,248.93,593.0,-1.653,5.937,1982.4,0.861,Cambisols,Sandstone,Forest,165.26,1180.69,1911.04
0,19.06,150.64,1349.0,0.436,5.324,1761.1,0.652,Cambisols,Shale,Forest,6455.84,1437.56,5648.11
0,17.98,240.55,914.0,-1.204,5.873,1873.8,0.575,,Conglomerate,Forest,570.55,197.64,413.09
1,23.91,241.08,2002.0,-3.648,8.694,1706.0,0.504,Leptosols,Phyllite,Agriculture,290.7,16.31,271.77
0,60.72,11.71,2583.0,-4.067,4.791,1706.0,-0.179,Cambisols,Limestone,Barren,653.06,534.74,4255.23
0,31.29,271.42,2465.0,-0.223,4.505,1492.1,0.733,Luvisols,Quartzite,Forest,1592.0,836.81,2775.47
0,0.9,-1.0,268.0,0.729,8.412,1299.0,0.55,Fluvisols,Alluvium,Agriculture,202.93,939.87,7902.07
0,36.94,282.19,3634.0,-0.579,6.946,1302.3,0.005,Leptosols,Schist,Barren,4086.65,203.63,5.65
1,33.12,282.43,1046.0,-0.617,6.677,2331.4,1.0,Regosols,Sandstone,Forest,181.83,204.29,2162.03
0,33.68,31.68,4324.0,1.046,4.048,1132.9,0.78,Regosols,Schist,Forest,178.04,1715.72,3179.38
0,7.82,10.23,1723.0,1.51,5.175,1921.7,0.508,Cambisols,Quartzite,Forest,1059.21,1490.62,3696.1
0,19.1,190.24,822.0,1.289,6.349,2108.3,0.749,Luvisols,Phyllite,Scrub,2062.21,240.38,4838.86
1,31.79,246.1,2973.0,0.926,2.951,988.1,-0.179,Regosols,Gneiss,Barren,12938.91,349.04,7273.88
0,53.78,170.41,2401.0,-3.914,6.427,2200.5,0.719,Cambisols,Quartzite,Forest,181.53,10.35,3508.99
0,28.22,1.09,2880.0,0.224,6.822,1310.2,0.12,Leptosols,Granite,Barren,1121.78,104.21,11925.31
1,29.52,8.24,887.0,1.584,4.84,2345.3,0.392,Regosols,Sandstone,Agriculture,402.58,383.04,3423.09
1,35.04,93.9,1372.0,-2.036,4.493,2151.2,0.288,,Shale,Agriculture,286.71,247.72,2116.69
1,32.54,14.85,1659.0,-3.875,6.659,1761.1,0.79,Luvisols,Shale,Forest,111.51,187.52,2953.95
0,25.28,57.62,3082.0,-1.124,4.561,988.1,-0.145,Regosols,Schist,Barren,10407.92,278.87,944.69
1,33.49,57.56,2891.0,-3.262,8.053,2200.5,0.506,Cambisols,Shale,Scrub,701.6,111.89,1644.0
0,10.78,96.54,545.0,0.618,4.982,2041.1,0.758,Regosols,Conglomerate,Agriculture,1013.38,221.3,119.17
0,12.73,352.85,1369.0,-0.033,6.761,1939.8,0.651,Leptosols,Schist,Scrub,89.25,228.12,2362.25
1,35.84,295.88,634.0,-6.666,7.949,2041.1,0.836,Luvisols,Shale,Forest,41.04,261.93,295.14
0,36.66,64.78,3443.0,-0.623,5.176,1235.5,-0.081,Leptosols,Gneiss,Barren,18236.24,446.23,1045.59
0,42.7,4.21,3527.0,-2.44,5.714,1514.4,0.045,Cambisols,Gneiss,Barren,7606.36,592.4,2770.88
0,7.74,316.1,900.0,1.438,5.982,2000.6,0.954,,Sandstone,Forest,1943.91,3240.66,842.44
0,28.02,324.93,2014.0,0.724,5.005,1966.5,0.896,Cambisols,Schist,Forest,2044.82,133.15,7331.62
0,31.03,117.47,1807.0,1.432,5.368,1761.1,0.891,Cambisols,Shale,Forest,1327.5,182.68,12733.57
0,32.13,354.39,684.0,-2.559,6.903,2238.0,0.979,Cambisols,Sandstone,Forest,1803.33,36.32,3628.7
1,38.81,305.33,1138.0,-4.96,5.448,1529.6,0.767,Regosols,Phyllite,Forest,52.63,136.53,312.84
0,31.9,185.97,2166.0,1.728,5.194,1763.3,0.18,Luvisols,Limestone,Agriculture,576.25,2057.25,4762.74
1,19.6,212.38,1498.0,-1.617,7.673,1921.7,0.678,Cambisols,Schist,Scrub,1831.13,122.72,388.56
0,45.64,6.71,2385.0,-1.536,5.626,1964.2,0.547,Cambisols,Schist,Scrub,76.8,535.16,4106.61
0,2.75,8.69,402.0,-0.172,7.922,1432.6,0.507,Fluvisols,Alluvium,Agriculture,291.75,603.79,2421.52
0,9.77,13.72,496.0,2.135,5.309,1879.0,0.427,Cambisols,Alluvium,Agriculture,163.06,703.16,4932.6
0,8.48,218.35,847.0,0.772,5.569,2345.3,0.911,Luvisols,Shale,Forest,3138.48,94.0,634.68
1,39.79,145.87,1621.0,3.403,3.34,1979.2,0.727,Cambisols,Granite,Scrub,3591.66,1459.14,2737.06
1,33.92,165.82,1628.0,-1.391,5.665,1352.4,0.816,Leptosols,Limestone,Forest,19.17,355.2,3178.56
0,14.16,130.81,895.0,-1.558,4.898,1804.3,1.0,Regosols,Shale,Forest,2473.02,390.67,3179.86
0,56.36,33.83,1648.0,1.558,3.82,1680.2,0.87,Cambisols,Phyllite,Forest,1172.56,2359.31,1292.8
0,15.83,93.56,1074.0,1.924,5.021,2345.3,0.616,Luvisols,Sandstone,Agriculture,1644.28,148.41,1163.09
0,17.2,50.37,2073.0,-0.414,6.452,2201.8,0.334,Regosols,Schist,Agriculture,18.39,588.56,1244.0
0,43.79,259.4,1503.0,0.125,4.88,1352.4,0.975,Leptosols,Granite,Forest,1584.16,784.77,1957.34
0,25.55,65.51,255.0,-0.248,6.485,2195.0,0.888,Cambisols,Sandstone,Scrub,162.4,42.65,991.33
1,51.02,204.3,2328.0,-2.171,6.67,1502.9,0.49,Leptosols,Quartzite,Agriculture,1234.51,112.21,6468.97
1,49.15,24.79,3188.0,2.191,4.404,1514.4,-0.224,Leptosols,Granite,Barren,902.19,640.5,5232.76
0,23.91,92.7,182.0,2.548,5.234,2041.1,0.642,Cambisols,Conglomerate,Forest,221.32,1661.31,6342.57
1,37.3,219.15,180.0,0.316,4.952,2108.3,1.0,Luvisols,Limestone,Forest,26.23,93.0,11.05
0,36.52,34.97,1972.0,0.082,5.002,2200.5,0.129,Luvisols,Granite,Builtup,116.2,243.81,1188.82
0,33.71,104.26,491.0,-0.855,6.827,1921.7,0.384,Regosols,Schist,Agriculture,849.04,80.35,12922.17
0,4.97,96.99,658.0,0.151,8.407,1651.8,0.613,Fluvisols,Alluvium,Agriculture,166.9,95.15,24753.05
1,28.36,217.44,1630.0,-4.423,7.74,1801.2,0.213,Cambisols,Quartzite,Barren,214.74,143.43,1021.02
0,1.94,227.95,370.0,1.426,8.457,1618.8,0.522,Fluvisols,Alluvium,Agriculture,321.76,897.12,5218.85
0,36.6,116.79,4021.0,2.399,3.734,1245.1,0.838,Cambisols,Schist,Forest,5103.43,425.29,6928.35
0,0.92,-1.0,298.0,-2.512,9.436,1333.1,0.921,Fluvisols,Alluvium,Forest,178.45,998.83,1474.31
1,30.05,40.07,2211.0,-0.416,6.573,1979.2,-0.003,Cambisols,Quartzite,Barren,39.05,76.45,272.33
1,30.23,139.1,1550.0,-4.459,7.626,1979.2,0.585,Cambisols,Limestone,Scrub,1203.9,131.39,862.77
0,44.72,81.29,1394.0,2.81,3.256,1921.7,0.454,Cambisols,Granite,Builtup,522.28,1988.18,8558.66
0,14.07,188.67,919.0,-0.758,8.515,2331.4,0.78,Cambisols,Conglomerate,Forest,1300.64,78.51,8935.51
1,19.03,145.49,821.0,-2.103,6.642,1979.2,0.489,Cambisols,Phyllite,Builtup,107.63,349.61,259.29
1,29.24,233.37,1536.0,-1.549,5.453,2200.5,0.225,Leptosols,Limestone,Barren,887.5,166.59,3962.97
0,17.88,283.91,796.0,-0.77,6.184,1939.8,1.0,Leptosols,Granite,Forest,1506.08,323.13,2088.47
0,23.83,54.37,1680.0,-2.521,6.231,1954.2,0.75,Regosols,Limestone,Scrub,550.43,236.93,1166.77
1,27.95,323.0,1345.0,-1.459,5.242,2279.6,0.866,Regosols,Limestone,Forest,3646.91,71.03,219.07
0,69.18,89.68,3714.0,1.511,3.428,1132.9,-0.267,Leptosols,Gneiss,Barren,774.23,1098.9,7214.19
0,56.59,98.03,2317.0,1.142,4.393,1921.7,0.817,Regosols,Granite,Scrub,1667.72,652.68,240.58
0,9.78,43.09,683.0,-0.198,5.489,1809.4,0.395,Cambisols,Conglomerate,Builtup,568.82,402.42,4218.3
1,21.83,236.0,1760.0,-1.749,5.907,1964.3,0.888,Leptosols,Phyllite,Forest,711.49,60.41,388.55
0,37.81,190.23,3763.0,-0.779,6.261,1031.6,0.082,Leptosols,Quartzite,Barren,1311.16,100.97,1741.37
1,30.99,240.19,1667.0,1.845,5.116,2075.6,0.677,Regosols,Phyllite,Forest,1230.62,929.61,4537.05
0,27.95,275.4,4272.0,0.292,4.7,1031.6,0.59,Leptosols,Quartzite,Grassland,2778.91,705.27,511.74
0,14.78,114.5,739.0,2.764,3.354,2000.6,0.84,Luvisols,Sandstone,Forest,41.36,508.3,1118.5
0,41.28,159.08,4105.0,2.521,3.67,1782.4,0.965,Cambisols,Schist,Forest,786.53,1534.91,9981.12
1,27.95,155.81,916.0,0.542,2.855,2195.0,0.936,Regosols,Shale,Scrub,500.77,346.95,1526.5
0,31.14,294.94,4495.0,-0.509,6.91,1235.5,-0.149,Leptosols,Granite,Snow,13215.08,418.34,15488.91
0,24.24,232.95,4070.0,-2.115,4.129,1102.0,0.254,Glacier,Gneiss,Grassland,1708.28,423.11,4189.3
0,40.96,149.64,3439.0,0.387,4.107,1270.7,0.19,Cambisols,Gneiss,Barren,6242.13,738.78,125.76
0,15.15,4.13,3355.0,0.27,6.926,1371.6,0.038,Leptosols,Gneiss,Barren,1485.11,217.8,6763.72
0,1.07,210.9,193.0,0.317,6.493,1651.8,0.164,Fluvisols,Alluvium,Builtup,194.73,410.71,796.54
0,14.99,274.65,1494.0,1.676,,2108.2,0.757,Cambisols,Quartzite,Forest,471.97,527.76,636.84
0,39.54,187.6,4302.0,0.545,5.855,1141.7,0.532,Regosols,Gneiss,Forest,2693.48,1.11,5117.45
0,17.33,287.84,3623.0,1.513,5.865,1310.2,0.434,Regosols,Schist,Grassland,873.46,670.11,1447.32
0,42.95,49.76,1891.0,-1.645,3.679,1529.6,0.592,Cambisols,Limestone,Agriculture,195.89,334.54,1589.27
1,41.23,140.41,1690.0,-2.046,7.373,1492.1,0.729,Cambisols,Granite,Scrub,3781.19,45.5,1482.69
0,22.5,91.68,4297.0,0.256,5.04,988.1,-0.524,Leptosols,Schist,Snow,13174.68,1267.23,9451.97
0,23.81,29.81,2321.0,0.386,5.335,2108.2,1.0,Regosols,Quartzite,Forest,225.96,339.82,851.06
1,52.66,258.24,1219.0,-3.4,5.226,2201.8,0.226,Cambisols,Shale,Agriculture,88.65,29.0,393.02
0,22.56,191.05,872.0,-0.537,5.223,1873.8,0.805,Luvisols,Sandstone,Forest,4101.7,128.3,3881.36
0,16.96,323.68,958.0,0.619,7.347,1921.7,0.788,Cambisols,Quartzite,Forest,1304.25,77.33,12838.36
0,29.33,323.78,2110.0,0.66,5.876,1966.5,0.903,Regosols,Shale,Forest,478.87,232.99,1588.66
0,1.16,318.67,411.0,0.154,8.842,1432.6,0.53,Fluvisols,Sandstone,Agriculture,213.01,177.22,5302.75
1,39.67,247.57,2094.0,-2.472,5.831,2201.8,0.913,Cambisols,Shale,Forest,24.31,127.7,2789.75
0,38.07,113.79,556.0,-3.224,8.452,1809.4,1.0,Regosols,Conglomerate,Forest,77.59,192.31,3603.84
0,21.46,82.12,583.0,-2.379,7.391,1804.3,0.688,Regosols,Sandstone,Scrub,756.2,259.05,861.9
0,63.7,279.01,2652.0,-3.565,5.097,1031.6,-0.073,Cambisols,Quartzite,Barren,3033.39,87.91,3404.89
1,28.58,57.3,1791.0,3.699,4.173,1502.9,0.664,Cambisols,,Agriculture,199.81,1018.98,1512.54
0,1.74,12.2,262.0,-0.062,9.437,1618.8,0.376,Cambisols,Sandstone,Builtup,435.71,799.68,7936.34
1,30.07,247.92,1626.0,0.068,5.817,2108.2,0.35,Regosols,Phyllite,Agriculture,1137.94,380.24,762.32
1,28.79,170.31,1598.0,1.119,7.119,2429.7,0.868,Leptosols,Limestone,Forest,722.36,109.29,916.48
0,43.09,75.36,1572.0,2.24,6.569,1777.2,0.832,Regosols,Phyllite,Forest,4939.52,46.15,3705.09
1,31.3,0.47,2049.0,-1.634,5.566,2075.6,0.102,Cambisols,Phyllite,Barren,349.0,730.44,2770.83
1,34.78,75.54,1723.0,-2.427,7.106,2301.9,0.746,Cambisols,Phyllite,Forest,162.94,189.87,4083.83
0,56.29,173.27,2971.0,1.436,4.202,1979.2,0.617,Leptosols,,Scrub,2897.33,516.07,284.13
0,32.95,173.64,2258.0,3.531,3.733,1763.3,0.607,Regosols,Quartzite,Agriculture,430.32,176.1,11553.13
1,38.42,123.29,1474.0,2.123,3.66,2288.3,0.756,Leptosols,Shale,Forest,3445.63,144.26,3293.63
0,40.65,155.87,2334.0,0.714,4.779,1214.1,0.316,Cambisols,Limestone,Agriculture,329.69,36.36,1052.53
1,35.95,227.09,471.0,-3.255,7.419,1964.3,0.406,Regosols,Shale,Grassland,1630.48,40.25,855.05
1,16.36,292.28,1642.0,-2.505,8.803,2108.3,0.469,Cambisols,Quartzite,Agriculture,349.69,80.03,2673.58
0,2.61,24.93,438.0,2.84,7.617,1618.8,1.0,Fluvisols,Sandstone,Forest,415.01,97.13,1159.15
0,29.99,16.21,1471.0,2.002,3.688,1939.8,1.0,Luvisols,Schist,Forest,2449.07,995.86,683.64
0,59.6,186.35,5067.0,-2.577,5.304,1141.7,-0.292,Cambisols,Quartzite,Snow,5108.35,254.34,1414.83
1,28.4,237.94,1693.0,-3.888,6.574,1964.3,0.8,Cambisols,Quartzite,Forest,212.31,61.08,259.49
0,6.0,178.81,288.0,1.669,5.718,1333.1,0.707,Fluvisols,Alluvium,Forest,218.23,2340.59,9333.45
1,28.44,6.38,1856.0,-1.995,6.811,1777.2,0.332,Luvisols,Phyllite,Agriculture,536.57,39.87,7123.95
0,33.61,35.63,2721.0,0.727,4.217,1312.7,-0.183,Leptosols,Schist,Barren,16046.63,297.66,15173.09
0,28.82,89.83,1760.0,-3.214,8.037,1214.1,0.124,Cambisols,Shale,Barren,839.33,306.79,2012.39
0,23.27,61.13,1503.0,0.417,5.306,1801.2,0.253,Leptosols,Limestone,Builtup,37.68,478.33,97.25
1,34.42,295.12,2941.0,-3.169,5.411,2279.6,0.399,Leptosols,Phyllite,Agriculture,104.29,210.84,4871.79
1,32.71,61.31,1178.0,-0.784,6.612,1809.4,0.659,Regosols,Conglomerate,Scrub,243.89,339.16,1426.84
1,23.72,136.13,1400.0,0.062,5.593,2331.4,0.669,Luvisols,Shale,Forest,1192.16,89.96,1312.34
1,27.29,189.38,1123.0,-2.309,8.81,1979.2,0.104,Cambisols,Quartzite,Barren,195.0,15.3,4376.2
0,35.59,150.28,3004.0,-2.277,5.902,2429.7,-0.141,Regosols,Granite,Barren,158.7,24.83,8962.75
0,6.46,48.15,329.0,1.02,6.24,1618.8,0.922,Cambisols,Alluvium,Forest,647.41,1274.25,730.92
0,21.09,209.82,3901.0,-3.288,,1429.8,-0.004,Leptosols,Schist,Barren,983.75,333.18,3958.86
1,32.7,20.7,1972.0,2.054,3.69,1966.5,0.534,Regosols,Limestone,Agriculture,82.92,517.96,2441.83
0,51.28,205.5,1082.0,-0.714,3.913,1982.4,0.64,Regosols,Conglomerate,Forest,792.31,19.72,694.09
1,28.7,22.48,2277.0,-3.254,7.719,2075.6,0.493,Cambisols,Limestone,Agriculture,362.21,68.29,706.85
0,37.16,237.36,3427.0,-2.237,7.412,1312.7,0.221,Leptosols,Schist,Barren,1004.54,39.41,1505.76
0,19.48,137.1,976.0,1.12,6.272,1982.4,0.938,Cambisols,Shale,Forest,597.6,205.97,2036.85
0,23.49,121.21,4527.0,-3.643,,1245.1,-0.096,Cambisols,Schist,Snow,317.63,732.21,6068.13
0,52.32,167.42,676.0,0.186,4.484,2201.8,1.0,Luvisols,Shale,Forest,161.99,64.53,3488.71
1,30.36,286.01,418.0,0.833,3.811,2041.1,1.0,Luvisols,Conglomerate,Forest,1128.36,223.79,1006.04
0,37.25,66.25,2387.0,0.627,6.535,1310.2,0.619,Leptosols,Schist,Forest,3691.16,740.07,2727.96
1,23.63,215.6,359.0,2.779,4.062,1964.2,-0.186,Regosols,Phyllite,Barren,135.73,4126.89,14.7
0,54.94,282.32,1006.0,-6.294,8.26,1939.8,0.89,Cambisols,Phyllite,Forest,288.47,145.59,6263.66
0,47.0,163.56,2124.0,0.754,5.048,1761.1,-0.144,Luvisols,Quartzite,Barren,1802.39,85.04,1506.14
0,26.92,54.35,2849.0,-0.268,6.448,2429.7,0.247,Regosols,Limestone,Barren,728.26,166.78,1122.53
1,55.07,178.59,1316.0,-4.501,4.989,1964.3,0.683,Luvisols,Shale,Forest,664.46,219.78,1342.26
1,30.16,187.16,1577.0,1.152,6.139,2429.7,0.736,Cambisols,Shale,Forest,117.04,4.33,548.03
1,31.48,76.66,1245.0,-0.298,5.033,2195.0,0.724,Regosols,Conglomerate,Forest,471.51,256.24,1194.78
0,47.31,42.63,5539.0,-1.261,5.114,1312.7,0.188,Regosols,Quartzite,Grassland,1521.13,140.52,10603.41
1,30.19,92.57,699.0,1.22,4.806,2201.8,0.749,Cambisols,Phyllite,Scrub,6762.98,170.99,360.7
0,12.15,117.28,797.0,-0.085,7.045,2433.2,0.794,Cambisols,Sandstone,Forest,860.23,577.48,3222.67
1,41.17,245.68,1818.0,-2.488,7.377,2200.5,0.681,Cambisols,Quartzite,Forest,719.1,451.29,9133.45
0,19.36,227.6,1690.0,-0.974,7.451,2000.6,0.537,Luvisols,Shale,Forest,3204.4,55.54,8133.09
1,29.45,197.52,2068.0,-1.151,5.171,2201.8,0.816,Cambisols,Quartzite,Forest,129.76,315.34,7627.85
0,14.59,94.91,1192.0,1.31,3.906,2195.0,0.944,Regosols,Conglomerate,Forest,556.15,360.08,868.38
0,20.28,179.35,835.0,-1.938,6.174,2238.0,0.763,Regosols,Sandstone,Forest,636.71,571.79,10535.46
0,26.77,191.56,4883.0,0.328,4.573,1371.6,-0.366,Glacier,Quartzite,Barren,11706.29,376.32,1451.28
0,40.51,346.55,4579.0,4.264,3.926,1177.5,-0.061,Leptosols,Gneiss,Barren,11871.8,39.31,9413.74
0,30.97,345.0,1732.0,-0.801,5.572,1502.9,0.995,Cambisols,Schist,Forest,1498.68,623.44,774.35
0,20.83,168.65,1124.0,0.279,5.781,1845.5,1.0,Cambisols,Sandstone,Forest,633.63,890.19,1272.47
0,61.87,210.01,4645.0,2.913,3.004,988.1,-0.489,Glacier,Gneiss,Barren,17717.89,418.43,510.22
1,25.27,355.7,1354.0,-0.472,5.691,2288.3,0.645,Regosols,Phyllite,Forest,2423.99,729.12,1048.72
1,22.58,138.19,1200.0,3.605,4.398,1966.5,0.465,Leptosols,Shale,Scrub,1457.11,2037.35,839.89
0,13.01,31.19,1270.0,-1.209,5.765,1680.2,0.448,Cambisols,Shale,Agriculture,1734.13,482.22,38.01
0,15.13,96.33,1359.0,1.868,6.922,1743.9,0.75,Cambisols,Phyllite,Forest,635.96,147.78,23.43
0,30.71,6.39,2183.0,0.434,5.767,1966.5,0.524,Leptosols,Schist,Scrub,1067.62,148.41,6615.76
0,2.61,338.51,284.0,0.845,10.269,1432.6,0.39,Fluvisols,Sandstone,Builtup,80.08,98.41,8795.54
0,6.76,130.81,376.0,0.434,7.089,1691.4,0.793,Cambisols,Alluvium,Forest,30.14,146.52,14497.84
0,34.1,210.27,4612.0,0.461,4.914,1177.5,-0.128,Cambisols,Schist,Barren,3296.82,144.97,1527.08
0,45.32,256.62,5037.0,4.131,4.155,1312.7,-0.117,Leptosols,Gneiss,Snow,1076.99,291.9,728.54
0,26.69,318.55,3131.0,-0.701,6.081,988.1,0.071,Cambisols,Quartzite,Barren,5500.65,1003.15,8517.92
0,21.38,352.74,693.0,-2.327,6.312,2195.0,0.984,Luvisols,Shale,Forest,450.51,261.24,1717.94
1,36.41,263.76,2131.0,2.847,4.181,2108.3,0.864,Cambisols,Shale,Scrub,117.34,313.76,1106.92
0,12.98,307.04,970.0,0.812,4.055,2041.1,0.588,Cambisols,Conglomerate,Agriculture,171.44,1558.3,347.93
1,37.25,208.88,953.0,-0.056,6.155,2151.2,0.719,Leptosols,Schist,Forest,665.89,1149.62,1769.91
0,55.67,336.54,5189.0,-4.462,5.801,1310.2,-0.096,Cambisols,Gneiss,Snow,474.56,312.17,18638.4
1,34.78,296.91,1531.0,-1.326,5.18,1801.2,1.0,Regosols,Shale,Forest,175.16,9.43,1135.29
0,57.0,252.15,2920.0,3.586,2.357,1371.6,0.687,Leptosols,Granite,Forest,19085.8,1550.05,970.27
1,35.69,145.24,810.0,-1.722,4.788,2345.3,0.746,Luvisols,Sandstone,Scrub,210.82,586.85,801.41
1,37.88,25.43,1232.0,-0.782,5.603,2345.3,0.637,Cambisols,Sandstone,Scrub,130.64,815.76,3691.13
1,19.78,272.87,1101.0,-1.211,6.006,1845.5,0.86,Regosols,Sandstone,Forest,241.07,348.92,296.67
0,33.41,180.87,3399.0,2.93,4.249,988.1,0.857,Leptosols,Schist,Forest,667.9,939.1,8148.56
1,29.84,207.2,1985.0,-2.245,6.971,2108.2,0.365,Cambisols,Limestone,Agriculture,68.77,293.2,2153.74
0,3.67,308.43,447.0,-1.125,6.718,1691.4,0.7,Fluvisols,Alluvium,Agriculture,597.1,485.04,13537.76
1,40.95,80.31,1665.0,-2.88,6.283,1743.9,0.796,Cambisols,Phyllite,Scrub,2356.24,5.09,388.7
0,24.09,8.32,399.0,0.254,4.982,1845.5,0.742,Regosols,Shale,Forest,66.75,1637.73,1588.14
1,31.11,242.97,1350.0,-0.568,6.565,1455.6,0.683,Regosols,Schist,Scrub,125.2,475.4,824.25
1,54.84,225.82,1199.0,-3.584,6.557,1939.8,0.822,Cambisols,Limestone,Scrub,1915.95,9.62,5514.73
0,0.85,-1.0,689.0,1.664,7.674,1432.6,0.487,Fluvisols,Alluvium,Agriculture,55.9,190.46,2820.53
0,40.2,246.61,1099.0,3.088,4.288,1706.0,0.904,Cambisols,Phyllite,Forest,1251.73,780.39,9779.45
0,15.14,134.36,292.0,0.92,7.287,1348.6,0.857,Cambisols,Alluvium,Forest,615.39,61.27,1430.04
1,33.84,1.91,1209.0,-2.821,4.919,2301.9,0.416,Regosols,Shale,Agriculture,1228.9,713.65,2290.78
0,33.09,239.01,1892.0,-2.065,4.73,2201.8,0.701,Luvisols,Phyllite,Forest,4558.26,263.94,1539.9
0,22.14,137.63,964.0,-1.248,6.722,1966.5,0.849,Leptosols,Quartzite,Agriculture,146.33,207.58,2478.74
0,43.48,253.52,2013.0,-1.733,4.714,2201.8,0.591,Regosols,Quartzite,Agriculture,182.33,55.99,631.29
0,30.96,130.47,4276.0,-2.5,3.916,1371.6,0.403,Regosols,Granite,Grassland,6850.12,460.99,2912.88
1,39.81,24.91,1263.0,-3.436,6.822,2075.6,0.657,Cambisols,Phyllite,Forest,1621.03,411.87,3354.24
0,38.44,170.08,3466.0,-1.072,5.336,1031.6,0.238,Leptosols,Gneiss,Grassland,16089.13,470.67,154.57
0,19.5,239.49,863.0,1.154,5.99,1873.8,0.738,Cambisols,Sandstone,Forest,584.11,112.73,349.57
0,28.88,292.23,666.0,0.307,4.943,1761.1,0.727,Regosols,Phyllite,Forest,510.14,803.83,203.82
0,5.68,272.89,601.0,1.01,5.767,1618.8,0.62,Fluvisols,Alluvium,Agriculture,460.71,949.94,779.8
0,48.22,242.22,3324.0,2.486,4.993,988.1,0.574,Cambisols,Gneiss,Forest,20726.92,244.74,2014.01
0,20.43,166.39,3615.0,3.783,2.876,1514.4,-0.201,Leptosols,Gneiss,Barren,1448.19,1026.83,3231.16
0,19.44,206.02,1986.0,-0.564,5.43,1964.3,1.0,Leptosols,Phyllite,Forest,2015.04,693.46,3409.61
0,35.48,74.89,2896.0,-1.025,3.104,1502.9,0.861,Leptosols,Schist,Scrub,71.69,244.59,257.92
1,37.08,111.31,1765.0,-2.641,5.429,1979.2,0.85,Regosols,Phyllite,Forest,630.06,39.62,1291.95
0,31.07,198.42,2025.0,2.246,3.138,2429.7,0.241,Leptosols,Phyllite,Agriculture,229.9,251.93,2283.75
1,41.46,166.89,1862.0,-0.324,6.902,1801.2,1.0,Cambisols,Phyllite,Forest,1052.98,137.0,2537.23
1,44.96,275.82,1263.0,-1.714,8.593,1809.4,1.0,Cambisols,Sandstone,Forest,2972.36,26.68,2541.98
0,48.57,29.48,2192.0,2.489,4.073,1235.5,-0.006,Leptosols,Granite,Barren,24.82,1289.06,1737.94
1,23.66,269.65,1855.0,0.739,3.279,2151.2,0.378,Leptosols,,Agriculture,6.26,155.68,1282.97
0,16.17,210.02,932.0,1.105,6.899,2200.5,0.832,Cambisols,Shale,Forest,167.7,83.07,1176.01
0,38.73,164.76,1105.0,2.241,3.105,2108.2,0.773,Cambisols,Limestone,Forest,527.01,611.3,1040.64
0,22.07,342.8,2520.0,-1.241,6.649,1214.1,0.386,Luvisols,Limestone,Agriculture,570.38,146.7,77.63
1,18.18,143.56,786.0,1.347,5.585,2345.3,0.518,Luvisols,Sandstone,Forest,856.22,147.89,227.56
0,16.78,242.58,2780.0,-1.337,5.116,1214.1,0.745,Regosols,Phyllite,Scrub,718.01,284.1,3993.11
0,8.35,222.36,311.0,-1.059,6.196,1618.8,0.79,Cambisols,Alluvium,Agriculture,107.05,1844.06,6380.31
0,34.62,299.65,1695.0,-1.928,5.541,1502.9,0.018,Regosols,Limestone,Agriculture,410.98,861.63,302.36
0,27.72,219.79,272.0,2.561,2.554,2041.1,0.709,Regosols,Shale,Forest,2693.0,636.8,4552.63
0,20.7,303.02,1047.0,0.448,5.542,1529.6,0.586,Cambisols,Quartzite,Agriculture,492.53,182.43,6293.16
1,38.36,70.09,1625.0,-4.843,8.494,1966.5,0.908,Cambisols,Limestone,Scrub,2036.96,2.22,558.82
1,21.12,124.49,869.0,-1.4,9.359,2331.4,0.956,Luvisols,Sandstone,Forest,894.72,7.27,5171.04
0,23.14,137.96,2947.0,-2.397,5.685,1782.4,0.105,Regosols,Schist,Barren,521.54,66.65,2261.47
0,17.37,326.24,1652.0,0.791,4.261,2200.5,0.649,Cambisols,Limestone,Scrub,843.91,135.13,7299.71
0,27.98,136.69,3903.0,-0.612,4.205,1371.6,0.554,Leptosols,Schist,Grassland,4063.9,219.15,4677.5
1,38.33,357.31,1337.0,-6.364,9.081,1921.7,1.0,Leptosols,Quartzite,Forest,129.29,194.97,132.23
0,7.08,344.01,597.0,0.961,6.391,2345.3,0.876,Cambisols,Conglomerate,Forest,342.17,227.48,8127.99
0,21.81,205.4,2120.0,-0.431,5.201,2288.3,0.684,Cambisols,Granite,Forest,256.43,219.17,5315.93
0,32.54,168.36,2139.0,0.706,3.972,2108.2,0.606,Cambisols,Phyllite,Forest,968.07,200.31,4414.67
0,4.35,127.44,800.0,1.557,6.353,1982.4,0.869,Cambisols,Sandstone,Scrub,1780.57,257.97,1563.33
0,24.57,119.39,1984.0,-0.383,7.0,1477.7,0.929,Luvisols,Schist,Forest,1240.5,49.42,1937.57
0,35.07,353.39,3945.0,1.009,4.26,1302.3,0.536,Leptosols,Schist,Forest,2081.52,253.16,769.74
0,39.56,95.81,1539.0,2.763,4.235,1809.4,0.955,Cambisols,Sandstone,Forest,13.55,1006.44,946.75
0,19.29,161.31,832.0,1.39,6.056,2345.3,0.803,,Shale,Forest,2656.08,167.69,947.36
0,12.35,91.12,542.0,1.416,6.607,2345.3,0.54,Luvisols,Shale,Agriculture,25.91,66.09,2346.41
0,15.89,188.22,2147.0,-0.951,7.314,2301.9,0.433,Cambisols,Phyllite,Builtup,688.08,149.58,668.4
1,28.7,144.48,1380.0,-0.803,7.479,2201.8,0.582,Cambisols,Limestone,Forest,1455.59,154.61,3461.01
0,47.86,309.64,4024.0,-4.171,5.419,1132.9,-0.038,Cambisols,Schist,Snow,1076.23,163.88,125.2
1,42.12,319.92,1666.0,-0.714,4.709,2151.2,0.583,Leptosols,Shale,Forest,71.29,5.04,3890.77
1,29.04,349.18,965.0,-4.247,8.649,1964.2,0.489,Cambisols,Phyllite,Agriculture,397.66,72.43,4826.84
0,19.97,93.25,939.0,-0.606,3.89,2433.2,0.711,Regosols,Sandstone,Forest,3745.09,390.69,1822.7
1,28.21,167.01,2350.0,-2.043,6.272,2429.7,0.657,Regosols,Shale,Forest,67.44,521.41,2376.63
1,35.55,97.29,2560.0,-1.563,6.861,2108.2,-0.102,Cambisols,Limestone,Barren,379.7,215.8,4235.83
1,35.84,348.47,1202.0,1.409,3.447,2108.2,0.654,Regosols,Phyllite,Agriculture,0.66,842.21,8028.8
0,17.07,56.01,4200.0,-1.479,6.614,1132.9,0.338,Regosols,Quartzite,Grassland,2639.64,671.33,2343.53
0,47.24,321.9,3622.0,-1.697,7.205,1939.8,1.0,Luvisols,Limestone,Forest,1058.98,67.16,8654.74
0,38.99,76.41,953.0,-0.448,6.561,1214.1,0.68,Cambisols,Quartzite,Forest,550.24,11.72,1863.31
1,37.79,334.34,1632.0,0.937,5.914,2200.5,1.0,Regosols,Phyllite,Forest,830.0,956.52,4000.41
0,9.18,268.29,383.0,-0.045,5.738,1954.2,0.755,Cambisols,Schist,Agriculture,117.57,484.82,5846.52
0,42.05,176.89,1757.0,2.051,3.704,2075.6,1.0,Cambisols,Schist,Forest,5156.81,659.28,2487.66
0,27.01,196.94,3434.0,-1.517,3.163,1141.7,-0.256,Regosols,Gneiss,Barren,8311.38,184.96,8960.88
0,18.01,356.33,1918.0,-0.315,7.102,1801.2,0.83,Cambisols,Granite,Forest,353.86,71.5,2207.67
0,57.22,262.83,1527.0,-1.937,6.095,1777.2,0.679,Regosols,Quartzite,Forest,947.74,17.01,1154.55
0,15.81,99.59,608.0,0.644,5.002,1982.4,0.689,Regosols,Shale,Forest,2654.44,314.47,1621.0
0,51.38,3.68,2085.0,4.471,2.127,2108.2,0.716,Leptosols,Phyllite,Scrub,3856.47,2943.46,5972.47
0,28.3,291.56,774.0,-2.068,6.83,2151.2,0.655,Regosols,Granite,Forest,144.58,77.76,92.46
0,5.11,46.86,710.0,1.65,5.472,2041.1,1.0,Cambisols,Sandstone,Forest,1610.16,454.32,528.54
0,1.59,15.36,463.0,1.145,8.444,1879.0,0.559,Fluvisols,Alluvium,Agriculture,254.22,560.56,2681.51
0,3.02,7.53,420.0,0.681,7.805,1691.4,0.565,Cambisols,Alluvium,Forest,38.15,298.12,9279.44
1,30.88,286.61,2625.0,-0.134,5.747,2151.2,0.927,Luvisols,Shale,Forest,134.35,325.19,2047.63
1,33.32,40.33,2107.0,0.403,4.609,2075.6,0.499,Luvisols,Schist,Agriculture,1771.25,320.69,128.46
1,26.41,209.96,2091.0,-1.002,6.895,2151.2,0.738,Leptosols,Shale,Agriculture,513.84,85.51,7144.1
1,33.58,193.81,1287.0,-1.09,4.191,2301.9,0.842,Cambisols,Limestone,Forest,1720.27,201.02,2390.79
0,19.55,63.1,1431.0,3.719,3.922,1809.4,0.701,Regosols,Sandstone,Agriculture,287.13,243.43,168.59
0,8.04,259.18,184.0,-0.019,7.982,1618.8,0.826,Fluvisols,Alluvium,Forest,155.77,45.14,10688.06
1,31.09,83.19,1216.0,-0.847,6.214,1939.8,0.758,Cambisols,Schist,Scrub,91.88,111.15,4614.91
1,30.78,165.23,1965.0,0.038,7.567,2201.8,0.743,Cambisols,Limestone,Forest,1566.5,14.36,1071.69
0,42.72,117.76,3794.0,2.853,5.118,1302.3,0.365,Regosols,Gneiss,Grassland,596.67,62.38,1056.01
0,17.0,178.73,2632.0,-1.836,8.034,1966.5,0.762,Regosols,Schist,Forest,464.05,43.24,353.35
0,19.48,165.67,990.0,-3.264,8.126,1873.8,0.313,Cambisols,Sandstone,Builtup,127.64,216.47,7765.98
0,50.36,202.16,3481.0,-0.534,5.041,1302.3,0.795,Cambisols,Gneiss,Forest,3952.56,403.58,2651.81
1,30.26,199.95,2458.0,-3.625,7.412,1782.4,0.74,Leptosols,Schist,Forest,8398.9,16.08,551.73
1,28.52,92.02,1412.0,-0.945,4.941,1801.2,0.743,Luvisols,Phyllite,Agriculture,91.53,670.08,327.32
1,25.57,263.27,1003.0,2.171,4.922,2195.0,0.922,Regosols,Sandstone,Forest,23.14,769.34,8233.45
0,26.79,5.32,3601.0,-2.746,6.675,1177.5,0.521,Leptosols,Quartzite,Grassland,5935.65,266.93,12496.57
0,37.93,198.45,3832.0,-1.619,5.393,1235.5,0.151,Regosols,Gneiss,Grassland,4069.22,779.11,5726.4
1,29.1,248.0,767.0,0.424,6.029,1845.5,0.749,Cambisols,Conglomerate,Scrub,910.51,81.19,1743.59
1,35.85,61.05,2115.0,2.283,7.807,1954.2,0.823,Cambisols,Quartzite,Scrub,1098.84,58.41,700.61
1,44.01,55.96,1595.0,-3.915,7.854,2200.5,0.834,Cambisols,Shale,Agriculture,42.61,87.31,2586.33
0,22.85,232.59,1366.0,0.857,6.15,1777.2,0.817,Cambisols,Quartzite,Forest,689.8,20.29,2571.49
0,18.03,237.16,589.0,-1.304,7.505,1809.4,0.848,Cambisols,Conglomerate,Forest,164.23,212.57,764.97
0,32.05,6.19,3793.0,3.06,2.871,988.1,0.368,Leptosols,Granite,Grassland,19916.44,74.15,893.21
0,25.4,167.34,2592.0,1.411,5.433,1812.7,0.7,Cambisols,Schist,Forest,1447.05,794.31,374.55
1,37.27,311.02,1888.0,-0.252,6.424,2288.3,0.742,Regosols,Quartzite,Scrub,1035.24,49.29,344.3
1,32.33,179.03,2020.0,-2.946,7.809,2151.2,0.576,Cambisols,Granite,Scrub,167.95,154.83,573.91
0,23.79,112.08,956.0,-1.45,5.933,1492.1,1.0,Regosols,Phyllite,Scrub,482.81,65.38,633.02
0,31.49,22.82,1374.0,0.833,6.9,1502.9,0.301,Leptosols,Shale,Barren,1607.33,208.54,4133.65
1,41.69,338.92,1541.0,-3.757,8.112,2200.5,-0.28,Luvisols,Schist,Barren,1666.12,386.39,2747.34
1,28.9,293.6,1181.0,0.05,4.304,1921.7,0.732,Cambisols,Shale,Forest,8.07,534.72,1073.42
0,3.87,326.93,239.0,1.087,7.47,1651.8,0.535,Fluvisols,Alluvium,Agriculture,76.19,34.19,5491.32
0,43.19,44.51,1440.0,0.709,4.278,2288.3,0.715,Cambisols,Phyllite,Forest,244.87,307.71,3270.17
0,31.07,221.22,4349.0,-3.05,5.884,1102.0,0.406,Leptosols,Gneiss,Grassland,7487.26,782.42,3185.9
0,7.52,307.17,514.0,1.148,4.955,1299.0,0.333,,Alluvium,Agriculture,66.74,577.63,3021.63
1,35.77,145.52,1879.0,0.065,5.26,2301.9,0.625,Cambisols,Schist,Agriculture,31.37,382.08,290.56
0,27.94,162.53,5015.0,-2.591,7.34,1371.6,0.586,Regosols,Schist,Forest,1040.3,667.67,5486.18
0,3.15,321.13,195.0,1.244,7.273,1691.4,0.646,Cambisols,Sandstone,Forest,231.41,43.66,4596.67
1,32.0,95.8,1794.0,-1.039,6.631,1352.4,0.746,Regosols,Schist,Scrub,317.02,57.49,5.2
1,55.38,194.09,1928.0,-5.746,6.649,2201.8,0.652,Cambisols,Granite,Agriculture,288.8,247.42,493.58
0,4.65,83.82,319.0,-0.266,6.848,1333.1,0.569,Fluvisols,Alluvium,Agriculture,51.95,222.65,2846.65
0,23.86,320.45,1894.0,0.358,4.875,2200.5,0.795,Leptosols,Phyllite,Forest,1196.6,1070.79,9149.37
0,39.54,338.06,3589.0,0.41,2.998,1141.7,0.041,Leptosols,Schist,Barren,4460.64,1987.23,17141.34
0,29.12,229.8,4316.0,1.052,4.92,1245.1,-0.366,Leptosols,Quartzite,Barren,1592.76,443.2,10717.2
0,43.92,6.75,1326.0,1.9,2.098,1966.5,0.567,Regosols,Quartzite,Scrub,215.14,1084.61,749.53
0,49.68,359.25,4048.0,-3.303,7.51,1270.7,0.424,Leptosols,Granite,Grassland,16174.94,24.6,1939.0
0,0.83,-1.0,324.0,0.631,8.621,1299.0,0.226,,Sandstone,Builtup,131.1,750.31,2243.92
0,6.46,340.94,408.0,0.558,7.56,1333.1,0.448,Cambisols,Alluvium,Agriculture,67.96,75.97,5791.1
0,45.26,69.58,342.0,3.588,3.191,1706.0,0.843,Cambisols,Schist,Forest,1218.4,1990.62,22.67
0,58.26,29.37,2235.0,1.09,4.207,2075.6,0.773,Cambisols,Phyllite,Forest,1937.99,176.17,7475.13
1,31.05,176.52,1449.0,-1.262,5.707,2075.6,0.727,Cambisols,Quartzite,Agriculture,2605.1,353.05,1725.22
0,48.9,123.22,1270.0,2.343,4.571,2288.3,0.847,Cambisols,Quartzite,Forest,235.11,928.32,497.32
0,2.39,272.46,375.0,-0.591,7.81,1299.0,0.27,Fluvisols,Alluvium,Agriculture,701.33,447.7,1464.1
1,40.96,194.29,1868.0,-1.24,4.019,1492.1,-0.155,Cambisols,Quartzite,Barren,146.18,265.56,3196.2
0,28.85,234.7,4214.0,2.626,4.492,1270.7,0.057,Regosols,Schist,Barren,15545.6,734.2,2687.0
0,31.61,9.17,4520.0,2.953,4.355,1429.8,0.151,Cambisols,Granite,Snow,1494.8,2544.41,4897.78
0,3.96,104.4,405.0,0.458,8.09,1691.4,0.166,Cambisols,Alluvium,Builtup,93.46,14.39,40000.0
0,15.3,61.22,1002.0,1.362,5.686,1873.8,0.784,Regosols,Sandstone,Scrub,1503.06,259.97,4592.44
0,27.89,91.32,3389.0,1.737,4.062,1302.3,0.625,Leptosols,Granite,Forest,3874.12,1080.2,2233.07
0,11.48,140.22,2637.0,-1.492,7.436,1964.3,0.733,Leptosols,Schist,Forest,3751.82,167.23,1764.24
0,48.36,130.31,1988.0,-0.304,6.26,1455.6,0.049,Cambisols,Quartzite,Barren,499.17,40.79,568.52
0,25.55,257.95,1613.0,-1.808,5.896,1214.1,0.581,Leptosols,Phyllite,Forest,831.73,185.56,1262.73
0,48.66,3.5,1593.0,-1.663,5.471,1102.0,0.163,Leptosols,Granite,Barren,4401.97,119.52,2273.32
0,11.6,338.06,754.0,-2.685,7.705,1502.9,0.566,Leptosols,Limestone,Agriculture,35.05,51.96,2745.85
0,11.06,83.66,1034.0,0.125,5.775,1873.8,0.698,Luvisols,Shale,Scrub,2589.11,446.08,1878.05
1,35.84,218.15,1161.0,-2.047,5.167,2000.6,0.632,Cambisols,Sandstone,Forest,4402.47,74.79,1940.47
0,34.6,161.39,3578.0,-0.351,6.065,1102.0,-0.054,Leptosols,Schist,Barren,606.47,293.29,2968.45
0,10.0,182.97,686.0,-0.468,7.23,1804.3,0.686,Cambisols,Sandstone,Forest,486.58,28.53,1697.35
0,38.9,28.31,4369.0,2.182,3.709,1371.6,-0.302,Glacier,Quartzite,Snow,13532.53,986.29,3789.0
1,30.47,327.7,2450.0,0.289,3.924,1777.2,0.481,Regosols,Phyllite,Scrub,2317.79,454.14,668.21
1,27.43,210.4,1097.0,2.215,4.327,2331.4,0.894,Cambisols,Sandstone,Scrub,1908.18,553.36,3234.93
1,39.39,337.08,1287.0,-2.228,4.752,2429.7,0.712,Luvisols,Limestone,Forest,105.5,157.92,8769.32
0,12.73,348.28,415.0,0.51,7.814,1873.8,0.558,Regosols,Sandstone,Forest,4796.35,198.3,2525.98
1,21.72,86.68,1415.0,-4.673,7.788,2288.3,0.696,Cambisols,Granite,Agriculture,1548.83,132.72,4926.67
0,17.07,341.35,1980.0,3.35,4.801,2201.8,0.552,Luvisols,Quartzite,Scrub,52.68,1684.46,397.39
0,4.22,11.8,280.0,-0.477,6.649,1618.8,0.111,Cambisols,Alluvium,Builtup,2.53,1273.26,20182.07
0,19.71,114.95,811.0,-0.962,5.302,1845.5,0.719,Regosols,Conglomerate,Forest,2783.05,1410.87,3267.2
0,54.07,262.24,4162.0,6.042,1.3,1302.3,-0.135,Leptosols,Granite,Barren,4331.69,4442.86,9699.44
0,16.48,24.55,467.0,1.252,5.842,1982.4,0.759,Luvisols,Sandstone,Forest,3197.38,319.37,1160.45
0,14.97,68.66,2221.0,1.11,6.883,1214.1,0.699,Luvisols,Phyllite,Scrub,597.46,107.26,1545.8
0,29.22,299.34,1589.0,0.654,3.732,1743.9,0.489,Cambisols,Phyllite,Agriculture,877.6,15.35,1218.5
1,36.94,46.86,1136.0,-1.445,5.467,1964.3,0.492,Cambisols,Shale,Agriculture,957.99,23.71,510.28
0,29.49,262.71,692.0,-2.021,4.659,1477.7,0.632,Luvisols,Shale,Forest,1995.49,1539.4,8057.19
0,23.35,100.39,1061.0,-1.3,5.614,1982.4,0.748,Cambisols,Conglomerate,Scrub,9727.82,1245.84,279.41
0,37.2,89.83,3502.0,4.304,3.37,1782.4,-0.096,Leptosols,Gneiss,Barren,8285.82,5000.0,2544.08
0,3.24,200.54,376.0,0.956,8.305,1333.1,0.844,Fluvisols,Sandstone,Agriculture,13.27,481.03,10386.79
1,35.03,19.14,1100.0,-2.696,6.889,2429.7,0.592,Cambisols,Phyllite,Agriculture,57.78,581.38,2.86
0,19.72,154.54,3870.0,-1.505,5.203,1514.4,0.865,Leptosols,Granite,Forest,2470.91,1459.47,2823.58
0,21.71,21.85,2484.0,0.552,8.42,1459.2,-0.037,Leptosols,Schist,Barren,11809.96,117.77,344.18
1,37.84,278.91,1136.0,-3.239,6.859,2345.3,1.0,Cambisols,Sandstone,Forest,215.58,209.74,3521.7
0,23.37,344.4,2115.0,1.335,6.448,2200.5,0.194,Leptosols,Shale,Agriculture,5.98,48.76,60.95
0,26.08,212.91,1885.0,1.616,4.569,1529.6,0.91,Leptosols,Phyllite,Forest,1317.39,92.67,2022.68
1,27.96,318.88,2222.0,-0.668,5.47,1964.2,0.689,Leptosols,Quartzite,Scrub,114.11,297.23,5434.39
1,37.88,25.51,1045.0,0.052,6.131,2200.5,0.764,Cambisols,Schist,Forest,268.78,274.39,488.33
0,51.37,177.82,4851.0,1.102,3.676,1310.2,-0.255,Leptosols,Gneiss,Barren,4122.04,1512.97,6455.9
0,13.17,84.71,4199.0,2.964,5.306,1429.8,0.419,Glacier,Schist,Grassland,16339.83,470.43,16979.14
0,15.43,75.85,2453.0,0.731,6.223,1743.9,0.587,Regosols,Schist,Agriculture,53.98,88.72,1919.45
1,27.22,36.96,1196.0,-2.578,6.182,2429.7,0.72,Cambisols,Quartzite,Forest,53.65,143.6,2150.23
1,36.95,310.46,1418.0,-3.959,5.959,2288.3,0.584,Cambisols,Phyllite,Scrub,2948.54,11.52,3385.39
0,15.73,253.12,1886.0,0.895,4.472,2108.3,1.0,Leptosols,Phyllite,Forest,3185.05,165.55,3005.86
0,6.17,84.97,347.0,0.06,6.759,1879.0,0.68,Cambisols,Alluvium,Forest,77.81,153.57,78.61
0,4.13,105.37,319.0,-0.725,7.189,1432.6,0.819,Fluvisols,Alluvium,Forest,32.57,417.79,2820.16
1,36.44,293.84,1601.0,-1.818,5.315,1845.5,0.604,Luvisols,Sandstone,Agriculture,100.94,292.58,1575.83
0,9.86,230.95,860.0,0.737,5.262,2195.0,0.851,Luvisols,Shale,Forest,258.18,295.2,1212.14
1,13.33,79.01,1372.0,0.685,8.025,2238.0,0.305,Regosols,Shale,Agriculture,395.34,30.98,3436.84
0,35.75,309.35,3277.0,4.299,4.411,1429.8,-0.099,Leptosols,Quartzite,Barren,1636.89,250.18,5983.64
0,23.11,335.73,1258.0,3.056,4.291,1492.1,0.732,Cambisols,Limestone,Forest,1306.36,1347.42,344.79
1,16.01,268.61,613.0,-1.964,9.19,2238.0,0.668,Luvisols,Shale,Forest,119.26,102.06,12826.55
1,35.09,205.57,969.0,1.022,3.519,2331.4,0.445,Cambisols,Sandstone,Agriculture,243.82,445.4,5273.1
1,28.72,116.97,619.0,-2.665,7.432,2331.4,0.581,Regosols,Shale,Agriculture,198.45,149.45,1739.8
0,34.31,77.91,4612.0,-2.183,6.066,1514.4,0.046,Leptosols,Gneiss,Snow,337.01,600.12,3145.97
0,17.54,195.01,1900.0,0.996,4.212,1477.7,0.549,Cambisols,Granite,Agriculture,606.47,692.73,3324.72
0,26.53,149.45,1669.0,0.827,5.297,1812.7,0.777,Leptosols,Schist,Forest,934.85,320.65,1414.61
1,37.75,260.89,1323.0,0.84,3.433,2345.3,0.481,Cambisols,Sandstone,Agriculture,1261.55,944.02,6420.15
0,49.99,334.55,3337.0,2.75,5.617,1213.9,0.321,Leptosols,Granite,Grassland,1741.36,9.72,855.17
0,30.01,356.31,5984.0,-4.007,5.926,1514.4,-0.201,Cambisols,Gneiss,Barren,4334.98,620.76,10696.57
1,32.22,126.39,1537.0,-1.472,7.403,2200.5,0.707,Regosols,Limestone,Forest,1351.16,47.98,1366.47
0,40.24,30.53,3606.0,-1.971,5.617,1141.7,-0.11,Regosols,Gneiss,Barren,1257.16,131.79,878.77
0,18.43,126.23,2833.0,3.072,4.921,1132.9,0.033,Leptosols,Schist,Barren,18141.35,708.15,293.71
1,30.21,230.56,1693.0,-3.112,6.964,2429.7,0.895,Luvisols,Quartzite,Forest,1260.31,114.78,593.31
0,25.12,184.06,1811.0,0.201,4.407,1954.2,0.344,Regosols,Phyllite,Agriculture,163.52,346.77,422.57
0,28.14,9.8,1446.0,1.091,4.555,1966.5,0.566,Cambisols,Phyllite,Agriculture,160.33,855.59,9965.12
0,18.38,130.53,1967.0,1.113,6.299,2108.2,0.716,Luvisols,Shale,Forest,532.19,1566.02,1281.93
1,32.87,356.59,1109.0,-2.328,7.771,2195.0,0.908,Cambisols,Sandstone,Forest,23.19,93.83,939.97
0,42.53,223.25,2800.0,-0.696,4.177,1235.5,-0.092,Regosols,Granite,Barren,7098.39,242.26,3349.09
1,32.18,156.48,1738.0,2.621,6.655,2279.6,0.464,Regosols,Phyllite,Agriculture,85.18,49.94,862.13
0,47.94,312.1,1344.0,-2.896,6.51,1763.3,-0.09,Regosols,Quartzite,Barren,154.69,9.46,962.31
1,30.48,12.69,1495.0,0.004,5.919,2429.7,0.446,Cambisols,Limestone,Agriculture,190.77,609.45,2917.73
1,40.48,30.23,1652.0,-2.517,6.079,2301.9,0.595,Cambisols,Quartzite,Agriculture,14.03,330.04,9433.52
0,4.66,50.34,312.0,1.381,5.59,1348.6,0.563,Fluvisols,Sandstone,Agriculture,37.8,258.45,5370.84
0,26.7,223.99,842.0,-2.288,4.903,2345.3,0.974,Cambisols,Sandstone,Agriculture,520.95,729.3,546.23
0,11.26,299.42,897.0,0.068,6.924,1809.4,1.0,Luvisols,Sandstone,Forest,1540.2,321.05,338.8
1,37.32,208.16,1147.0,-0.682,4.092,2108.2,0.781,Regosols,,Grassland,52.53,1245.85,1467.15
0,30.91,243.78,270.0,-2.409,6.209,2433.2,0.982,Regosols,Sandstone,Forest,1709.07,208.99,734.92
0,26.96,116.62,621.0,2.1,8.59,2238.0,0.891,Cambisols,Shale,Forest,2248.66,2.06,1436.03
1,35.82,87.92,2242.0,0.997,7.112,1763.3,0.127,Regosols,Granite,Builtup,485.66,0.58,669.93
0,24.41,0.01,813.0,0.316,7.041,2331.4,0.894,Regosols,Sandstone,Forest,520.75,143.52,4880.81
0,17.71,340.87,1824.0,-0.856,7.068,1921.7,-0.12,Cambisols,Quartzite,Barren,1921.81,392.49,1626.13
1,35.76,189.73,1966.0,-0.656,8.183,2301.9,0.871,Leptosols,Schist,Forest,262.13,154.48,4319.17
0,29.85,321.18,1923.0,-1.039,4.361,1477.7,-0.016,Regosols,Limestone,Barren,670.86,140.02,9740.02
1,40.45,356.56,1975.0,-1.258,4.347,1352.4,0.562,Regosols,Shale,Scrub,550.93,125.95,2401.23
0,19.29,10.14,2626.0,1.397,5.26,1680.2,0.577,Luvisols,Quartzite,Scrub,1895.71,778.69,724.73
0,10.08,102.78,383.0,2.198,3.897,1432.6,0.937,Fluvisols,Alluvium,Agriculture,43.54,722.42,983.03
1,35.82,171.37,2205.0,-2.121,4.82,1502.9,0.409,Cambisols,Limestone,Agriculture,310.02,66.7,1207.48
1,36.03,13.53,1605.0,1.317,3.642,1964.3,0.801,Cambisols,Shale,Forest,337.31,971.34,2339.92
0,27.35,197.86,1828.0,-1.489,6.242,1352.4,0.72,Leptosols,Schist,Scrub,307.34,247.23,5553.19
1,36.72,147.68,1535.0,2.097,4.225,2288.3,0.707,Regosols,Phyllite,Scrub,2012.44,312.32,3273.1
1,32.08,14.4,1250.0,-5.336,8.336,1812.7,0.376,Leptosols,Schist,Agriculture,241.57,44.71,1749.44
0,27.24,55.74,1506.0,-0.143,7.438,1777.2,0.878,Cambisols,Quartzite,Forest,191.11,62.45,216.03
1,34.05,312.0,1268.0,-1.237,6.127,2075.6,0.8,Cambisols,Schist,Scrub,1262.15,274.49,3704.53
0,29.05,173.51,517.0,0.957,4.625,2195.0,0.625,Cambisols,Sandstone,Forest,2243.89,774.87,4740.5
0,26.39,220.53,4387.0,3.501,4.863,1459.2,-0.147,Leptosols,Gneiss,Snow,7365.18,497.02,2433.78
0,46.35,14.92,1072.0,0.216,5.709,1954.2,0.734,Cambisols,Schist,Scrub,245.06,601.88,3064.14
0,5.1,143.04,402.0,0.686,6.781,1333.1,0.513,Cambisols,Alluvium,Agriculture,208.84,659.12,1768.76
0,25.72,323.75,2055.0,1.422,5.125,1455.6,0.77,Cambisols,Quartzite,Forest,524.47,791.25,4948.62
0,18.16,353.3,2042.0,-3.086,8.568,,0.125,Luvisols,Quartzite,Barren,96.99,35.5,8587.51
0,24.78,258.45,3725.0,-2.065,5.957,1102.0,0.431,Cambisols,Schist,Grassland,8829.0,27.65,1878.98
0,17.23,79.59,1594.0,1.015,6.214,1939.8,0.009,Regosols,Phyllite,Builtup,1138.22,110.05,2103.13
0,1.19,70.61,280.0,0.502,7.822,1299.0,0.374,Fluvisols,Alluvium,Agriculture,138.52,181.13,3380.9
0,23.01,157.87,1429.0,-0.398,4.818,1352.4,0.399,Luvisols,Quartzite,Scrub,699.46,877.32,1089.43
1,26.42,153.44,2735.0,-2.045,5.094,1680.2,0.507,Cambisols,Phyllite,Scrub,41.82,491.48,572.14
0,20.51,156.7,1915.0,1.681,4.467,2288.3,0.653,Cambisols,Granite,Forest,407.19,494.39,7012.84
0,16.91,140.94,2252.0,-0.993,6.872,1954.2,0.666,Leptosols,Quartzite,Forest,577.8,393.62,153.89
1,8.64,342.31,1293.0,-2.295,7.915,2331.4,0.676,Luvisols,Sandstone,Agriculture,1671.85,22.87,1508.61
0,18.7,192.26,1079.0,1.248,7.261,1763.3,0.419,Regosols,Quartzite,Agriculture,117.18,686.42,358.57
0,15.63,95.59,979.0,-1.615,5.778,1845.5,0.717,Luvisols,Conglomerate,Forest,943.14,563.34,1460.61
0,22.8,100.22,2270.0,-3.896,7.072,2279.6,0.631,Regosols,Phyllite,Forest,108.82,137.12,1862.94
0,13.48,104.33,1023.0,-0.229,6.42,2288.3,1.0,Cambisols,Phyllite,Forest,1555.13,1135.92,5122.91
0,14.64,126.12,1123.0,0.202,7.018,2108.3,0.899,Leptosols,Schist,Forest,840.6,48.65,3626.39
0,12.45,33.16,1058.0,-1.68,6.531,2000.6,0.973,Luvisols,Sandstone,Forest,4078.61,204.5,1365.69
0,15.07,157.37,6288.0,0.58,6.74,1270.7,0.398,Glacier,Schist,Forest,1860.98,299.8,5151.62
0,31.51,156.25,3418.0,1.762,3.804,1302.3,0.504,Leptosols,Schist,Grassland,8978.15,326.64,2730.9
0,13.82,165.54,3672.0,0.89,5.493,1302.3,-0.21,Leptosols,Gneiss,Barren,18616.85,1287.59,10358.82
0,15.31,163.1,1328.0,2.798,6.508,1804.3,0.878,Cambisols,Conglomerate,Forest,8.84,165.86,3863.9
0,21.73,334.95,1045.0,0.578,7.454,1804.3,0.718,Cambisols,,Forest,6006.79,279.95,1312.85
1,36.74,329.87,951.0,1.71,4.56,1845.5,0.268,Regosols,Sandstone,Builtup,496.78,320.59,2529.69
1,30.34,204.7,742.0,-5.245,8.836,1982.4,0.751,Cambisols,Sandstone,Forest,140.52,31.09,523.09
0,21.94,263.58,1609.0,-1.627,5.906,2200.5,0.564,Leptosols,Quartzite,Scrub,1876.54,494.13,257.63
1,37.7,271.42,2338.0,-4.688,8.298,2201.8,0.803,Regosols,Granite,Forest,3375.86,61.37,1628.46
0,27.08,3.76,4110.0,3.336,5.55,1141.7,0.358,Glacier,Granite,Grassland,772.39,147.83,5331.77
0,3.74,254.5,588.0,-0.971,8.501,1651.8,0.409,Fluvisols,Alluvium,Agriculture,42.83,192.18,6317.67
0,14.65,45.38,777.0,-1.459,8.296,2000.6,0.793,Cambisols,Shale,Scrub,6591.71,116.73,1416.43
1,6.79,281.68,1035.0,-0.252,8.72,2433.2,0.511,Regosols,Sandstone,Agriculture,633.16,689.82,1864.65
0,30.5,29.02,1803.0,-1.461,5.239,1214.1,0.434,Cambisols,Limestone,Forest,83.75,634.74,4491.34
0,16.86,215.44,1848.0,1.387,7.376,1964.3,0.881,Cambisols,Limestone,Forest,1226.4,28.26,3129.19
0,52.84,329.13,4602.0,-1.4,5.639,1459.2,-0.13,Leptosols,Schist,Barren,8061.57,617.32,5664.9
0,33.98,196.31,2427.0,1.169,4.75,1801.2,0.368,Cambisols,Phyllite,Agriculture,685.96,331.9,7019.9
0,14.86,289.33,1027.0,0.999,4.247,2000.6,0.595,Luvisols,Sandstone,Forest,558.19,640.09,482.5
0,19.97,63.08,2996.0,0.782,5.97,1245.1,0.262,Leptosols,Gneiss,Barren,505.31,979.17,9684.1
0,35.42,314.64,5398.0,-0.138,5.328,1782.4,-0.089,Regosols,Gneiss,Snow,15055.03,330.24,11487.28
0,44.09,13.15,2302.0,-0.623,6.1,1777.2,0.752,Cambisols,Quartzite,Agriculture,22.81,14.98,409.52
0,19.13,331.51,4915.0,-0.145,6.133,1141.7,-0.312,,Granite,Snow,2984.23,414.47,459.5
0,36.27,97.17,481.0,0.172,7.541,1809.4,0.861,Cambisols,Conglomerate,Forest,166.65,180.95,148.34
0,15.64,115.35,3537.0,0.445,6.373,988.1,0.162,Regosols,Gneiss,Barren,5914.7,33.05,2605.86
0,23.01,218.76,3779.0,-0.559,6.94,1270.7,-0.191,Leptosols,Schist,Barren,340.08,1173.03,10285.35
0,25.8,270.72,1137.0,0.422,6.968,1873.8,0.876,Regosols,Sandstone,Forest,414.85,131.32,532.38
1,33.46,122.64,2411.0,-1.117,5.555,2301.9,0.594,Regosols,Schist,Grassland,2751.41,605.77,2525.23
0,16.12,300.26,1020.0,1.004,6.375,2288.3,0.769,Cambisols,Limestone,Scrub,227.5,228.6,3638.87
0,46.11,90.73,1288.0,-1.193,3.633,1761.1,0.892,Cambisols,Phyllite,Forest,1325.11,631.49,116.39
0,29.86,275.63,1716.0,-1.07,5.973,1492.1,0.7,Cambisols,Schist,Scrub,829.25,224.91,1969.6
0,32.25,210.84,457.0,-0.222,7.142,1873.8,0.809,Regosols,Sandstone,Forest,290.18,185.72,900.47
0,13.98,111.84,3391.0,1.277,5.15,1514.4,0.5,Leptosols,Granite,Grassland,5051.46,978.2,5154.07
1,36.67,304.94,1501.0,0.072,4.836,1921.7,0.289,Cambisols,Schist,Barren,82.32,66.22,595.78
1,37.64,62.43,1359.0,-1.985,6.857,2108.2,0.505,Cambisols,Phyllite,Agriculture,699.07,95.86,3471.34
0,19.82,263.99,768.0,-1.462,6.109,2238.0,1.0,Regosols,Sandstone,Forest,3251.53,395.03,70.36
1,26.9,284.09,1836.0,-3.011,8.188,2279.6,0.75,Leptosols,Phyllite,Forest,1294.21,12.58,12114.93
0,63.42,93.68,1812.0,-1.418,2.534,1680.2,0.691,Leptosols,Limestone,Scrub,600.69,364.58,4496.74
1,14.45,242.38,1782.0,-1.307,7.657,2200.5,0.923,Cambisols,Shale,Forest,46.79,7.87,599.54
1,33.61,31.66,706.0,-0.457,5.17,2238.0,0.649,Cambisols,Sandstone,Scrub,1635.91,202.62,4079.14
1,38.37,293.99,1868.0,-0.511,6.709,2279.6,0.861,Leptosols,Limestone,Forest,2.19,58.87,1669.23
0,61.89,125.2,4421.0,-5.243,6.288,1782.4,-0.289,Leptosols,,Snow,2214.93,37.86,8130.59
0,48.3,6.83,3944.0,1.338,3.028,988.1,-0.03,Leptosols,Granite,Barren,3576.93,759.44,479.22
0,35.91,126.38,762.0,-1.189,7.102,1982.4,0.545,Regosols,Sandstone,Agriculture,335.85,783.3,4373.93
1,43.59,308.12,978.0,-3.783,6.784,1954.2,0.463,Cambisols,Quartzite,Grassland,121.47,539.75,651.08
0,29.69,80.83,1642.0,1.674,6.189,2429.7,0.108,Cambisols,Shale,Agriculture,400.89,239.76,2680.79
0,28.39,281.41,5551.0,-0.208,3.945,1310.2,0.519,Leptosols,Schist,Forest,13056.89,240.72,10612.23
1,35.46,252.65,1024.0,-0.257,5.612,2288.3,0.643,Cambisols,Limestone,Agriculture,308.32,440.4,454.36
0,19.51,198.82,2349.0,-2.881,8.538,1213.9,0.82,Leptosols,Gneiss,Forest,4878.24,94.42,2852.35
0,13.27,187.8,779.0,2.88,5.045,2345.3,0.865,Regosols,Sandstone,Forest,1234.29,2020.4,136.44
0,46.64,330.38,1436.0,1.176,3.031,1964.2,0.677,Cambisols,Phyllite,Agriculture,504.56,814.72,1381.48
0,23.78,351.6,1907.0,0.61,5.65,1763.3,0.885,Cambisols,Quartzite,Forest,304.99,149.99,4856.26
0,27.08,66.8,1716.0,0.804,5.724,2195.0,0.366,Cambisols,Conglomerate,Agriculture,660.58,50.27,1041.36
0,34.2,260.68,4117.0,-1.12,5.73,1782.4,0.982,Glacier,Granite,Forest,4857.01,120.49,1557.45
0,53.87,143.43,860.0,5.702,2.728,1706.0,0.617,,Schist,Agriculture,937.5,449.87,621.53
0,24.44,36.13,3048.0,-0.347,6.781,1455.6,0.763,Leptosols,Quartzite,Scrub,1445.64,469.73,3158.8
0,30.21,119.41,812.0,-3.39,8.096,2041.1,0.529,Cambisols,Shale,Scrub,263.02,234.52,1049.23
1,18.24,201.73,930.0,-0.703,6.808,2345.3,0.773,Regosols,Conglomerate,Agriculture,20.2,51.85,1361.08
0,48.35,223.57,955.0,-1.463,4.689,2288.3,1.0,Cambisols,Quartzite,Forest,1121.55,325.95,2978.26
1,41.59,151.49,1295.0,0.524,6.096,2301.9,0.726,Luvisols,Shale,Scrub,333.53,202.99,436.29
1,37.61,269.48,2285.0,-5.791,7.564,1964.2,0.51,Cambisols,Phyllite,Agriculture,451.63,23.97,3284.08
1,31.73,358.96,1409.0,-0.882,3.978,1812.7,0.443,Cambisols,Granite,Builtup,310.94,362.7,2131.67
1,26.14,338.28,2618.0,0.945,6.028,2429.7,0.779,Regosols,Phyllite,Scrub,1548.53,406.23,2098.38
1,32.86,302.22,2629.0,-1.386,5.704,2279.6,0.419,Regosols,Shale,Agriculture,748.28,2.41,989.66
0,26.32,316.73,1216.0,0.338,7.186,1680.2,0.577,Regosols,Phyllite,Agriculture,157.99,5.36,410.93
0,11.53,346.86,306.0,0.756,5.98,1618.8,0.721,Fluvisols,Alluvium,Agriculture,120.15,1272.15,6526.13
0,22.38,71.67,590.0,0.827,4.99,1845.5,1.0,Cambisols,Sandstone,Scrub,239.6,701.08,1191.91
0,11.63,30.38,1012.0,0.678,6.567,1982.4,0.804,Regosols,Shale,Scrub,770.41,128.68,411.0
1,24.15,321.16,693.0,0.582,5.902,1982.4,1.0,Regosols,Sandstone,Forest,427.0,333.74,349.97
0,52.64,176.2,2470.0,3.169,4.023,1455.6,0.407,Regosols,Phyllite,Agriculture,159.73,559.07,871.64
0,36.46,345.06,4945.0,-2.675,5.816,1031.6,0.241,Leptosols,Gneiss,Grassland,17587.44,194.56,2674.56
1,39.09,308.09,1601.0,-2.889,7.59,2288.3,0.647,Cambisols,Shale,Forest,121.1,405.3,1971.33
0,25.79,43.78,1192.0,-0.323,5.155,1743.9,0.683,Cambisols,Shale,Forest,513.84,310.61,2019.71
0,32.72,259.37,1437.0,1.868,4.33,2288.3,0.358,Regosols,Shale,Agriculture,784.34,582.36,1172.39
0,49.26,248.84,1456.0,-0.138,7.467,1979.2,0.873,Regosols,Limestone,Forest,1332.39,1.92,2095.88
1,41.63,62.82,1055.0,-6.317,7.817,2195.0,0.79,Luvisols,Sandstone,Forest,6.53,5.79,5200.14
0,33.8,69.04,1236.0,-1.47,6.617,1763.3,0.298,Regosols,Quartzite,Agriculture,578.29,222.4,2966.48
0,16.01,330.86,1529.0,-0.57,5.663,1477.7,0.444,Cambisols,Quartzite,Scrub,4781.2,92.12,3263.06
0,50.78,201.2,1822.0,-1.199,5.592,1763.3,0.638,Luvisols,Limestone,Forest,122.35,339.11,2797.48
0,33.25,177.13,4130.0,3.714,3.648,1031.6,0.511,Leptosols,Gneiss,Forest,853.7,1096.17,5950.95
0,27.97,213.12,2277.0,-0.039,6.922,1939.8,0.594,Cambisols,Shale,Forest,135.26,166.17,1473.15
0,0.99,-1.0,271.0,0.433,9.812,1348.6,0.766,Fluvisols,Alluvium,Forest,414.67,213.39,7343.78
1,38.22,236.36,679.0,-2.668,6.887,2108.2,0.971,Leptosols,Phyllite,Forest,221.44,65.08,399.02
0,32.09,105.61,1485.0,3.736,3.284,2288.3,1.0,Cambisols,Schist,Forest,627.52,1279.33,6831.87
1,43.13,5.1,2075.0,-2.38,6.996,1680.2,0.743,Cambisols,Phyllite,Forest,2.4,177.12,4244.65
0,45.87,29.34,1296.0,2.858,1.964,2279.6,0.079,Cambisols,Quartzite,Builtup,298.68,1311.97,1854.05
0,31.23,264.25,3043.0,2.603,3.792,1371.6,0.708,Leptosols,Schist,Grassland,4769.08,533.92,1828.72
0,50.2,144.01,1379.0,0.716,4.365,1352.4,0.597,Cambisols,Quartzite,Grassland,2676.05,1314.28,1384.74
1,26.7,339.85,1661.0,-0.872,4.348,2108.3,0.793,Cambisols,Phyllite,Forest,967.57,650.04,8611.01
0,2.72,103.93,321.0,0.721,6.819,1432.6,0.728,Fluvisols,Alluvium,Agriculture,53.75,632.7,2561.57
0,44.96,208.59,1602.0,0.791,6.467,1812.7,0.768,Leptosols,Quartzite,Forest,1018.25,242.31,237.61
0,22.13,262.48,802.0,-1.537,5.113,2195.0,0.931,Luvisols,Conglomerate,Forest,346.74,283.51,128.97
0,6.98,152.76,207.0,-0.528,6.652,1879.0,0.797,Fluvisols,Alluvium,Agriculture,125.06,304.4,936.86
0,44.47,12.37,824.0,-3.316,8.294,1954.2,1.0,Regosols,Quartzite,Forest,1912.39,24.74,1701.08
1,27.59,335.21,1274.0,1.593,3.999,2331.4,0.841,Luvisols,Sandstone,Scrub,741.23,71.33,2645.68
1,37.88,46.68,2353.0,-2.526,7.664,1921.7,0.844,Leptosols,Phyllite,Scrub,752.89,346.67,2687.83
0,34.1,333.17,1710.0,1.555,5.217,2201.8,0.79,Regosols,Quartzite,Forest,1415.04,254.54,48.17
1,35.64,34.22,938.0,2.378,3.773,2151.2,0.13,Luvisols,Phyllite,Builtup,292.31,57.27,51.51
1,31.36,265.18,1227.0,-2.091,7.091,2301.9,1.0,Cambisols,Phyllite,Forest,350.5,327.47,2871.09
1,59.88,308.45,2285.0,-3.896,5.539,2429.7,-0.029,Leptosols,,Barren,855.11,432.0,1754.32
0,16.41,316.5,1019.0,0.466,6.612,2238.0,0.584,Cambisols,Sandstone,Forest,487.97,277.45,1135.06
1,37.7,345.54,2503.0,-3.807,5.793,1031.6,0.085,Leptosols,Schist,Barren,8974.62,316.11,537.52
0,8.86,265.17,1111.0,-1.355,7.059,2345.3,0.708,Cambisols,Conglomerate,Forest,329.16,118.78,219.89
0,8.1,81.88,369.0,-0.754,5.616,1299.0,0.251,Fluvisols,Sandstone,Agriculture,478.96,437.13,801.54
1,28.13,240.81,1822.0,-0.36,5.468,2108.2,0.152,Regosols,Phyllite,Agriculture,361.04,289.4,2634.47
0,15.39,151.02,2046.0,1.689,6.761,1214.1,1.0,Regosols,Granite,Forest,935.98,858.68,1575.98
0,4.71,41.62,347.0,-0.184,6.09,1432.6,0.694,Fluvisols,Alluvium,Agriculture,172.64,306.51,2512.71
1,35.81,149.99,1824.0,-2.627,6.346,2151.2,0.865,Luvisols,Phyllite,Forest,19.63,183.18,53.04
0,25.66,202.64,897.0,-1.456,5.863,2238.0,0.776,Cambisols,Sandstone,Forest,2932.46,134.88,8940.5
1,37.5,249.17,1209.0,-0.146,7.595,2331.4,0.919,Regosols,Sandstone,Forest,1868.13,75.8,193.02
0,13.26,12.41,2088.0,-1.378,6.208,2108.2,0.596,Cambisols,Limestone,Forest,124.78,151.51,3692.33
0,19.83,116.36,4778.0,-0.915,8.07,1302.3,-0.363,Leptosols,Granite,Snow,8757.82,6.64,1744.38
1,22.44,290.2,1416.0,-1.135,5.034,2288.3,0.622,Leptosols,Shale,Forest,1988.62,711.4,4186.82
1,32.36,181.1,1968.0,1.534,4.585,1964.2,0.85,Luvisols,Phyllite,Forest,206.75,1441.72,82.93
0,39.1,29.49,3373.0,2.532,5.592,1459.2,0.322,Leptosols,Granite,Barren,17714.61,392.72,1419.95
1,40.48,190.81,2168.0,-1.727,6.121,2201.8,0.734,Regosols,Schist,Forest,4933.7,580.57,64.6
0,38.9,147.94,1592.0,2.049,3.025,1979.2,0.63,Cambisols,Limestone,Forest,231.55,804.06,3014.34
1,33.61,172.48,976.0,-0.589,6.694,2238.0,0.769,Regosols,Shale,Forest,4463.28,94.54,4610.88
0,6.63,48.11,2835.0,-0.001,8.089,2288.3,0.531,Regosols,Schist,Agriculture,208.71,171.15,1951.53
0,24.75,52.22,2245.0,3.321,2.518,1964.3,0.653,Cambisols,Quartzite,Forest,1690.29,712.68,6867.15
0,23.53,170.1,4213.0,1.913,5.796,1245.1,0.796,Leptosols,Gneiss,Forest,17024.93,704.72,5341.78
1,32.14,350.02,1652.0,0.813,5.645,2301.9,0.543,Regosols,Phyllite,Agriculture,1227.14,148.44,730.94
0,20.37,251.31,4141.0,1.188,4.176,988.1,0.053,Leptosols,Gneiss,Snow,135.59,2736.38,3630.11
0,50.75,95.52,3813.0,2.622,3.281,1514.4,-0.087,Leptosols,Gneiss,Barren,663.3,1096.24,9931.87
0,7.74,144.15,1663.0,-0.458,6.215,1763.3,0.774,Luvisols,Granite,Agriculture,631.09,585.48,771.77
0,15.24,349.25,3004.0,0.216,6.87,1235.5,0.856,Leptosols,Gneiss,Forest,2423.1,2308.6,13379.64
0,30.62,350.69,1467.0,-3.352,7.874,2108.2,0.906,Cambisols,Shale,Scrub,558.06,149.46,2666.15
1,24.44,184.66,1094.0,-0.041,7.964,2000.6,0.939,Cambisols,Sandstone,Forest,715.23,33.98,266.21
1,31.73,114.19,1026.0,-2.601,5.891,1706.0,0.725,Leptosols,Limestone,Scrub,3749.65,270.64,9376.38
1,30.9,186.9,748.0,0.036,4.808,2195.0,0.257,Luvisols,Conglomerate,Builtup,6.84,888.52,1492.6
1,36.93,263.23,1712.0,-3.403,6.944,2108.2,0.625,,Quartzite,Forest,635.52,16.99,896.68
1,28.69,27.99,2116.0,1.19,6.022,1502.9,0.411,Leptosols,Quartzite,Agriculture,98.99,348.76,284.77
0,31.04,7.52,2014.0,1.583,4.748,2201.8,0.56,Leptosols,Phyllite,Forest,1867.13,2216.56,848.5
0,26.17,148.16,1152.0,2.497,1.3,1982.4,0.722,Cambisols,Shale,Forest,46.89,1185.09,960.09
1,29.01,179.46,2061.0,-1.151,5.875,1921.7,0.715,Leptosols,Phyllite,Agriculture,290.5,152.23,7302.71
0,20.61,184.42,2291.0,-0.965,6.953,1812.7,0.765,Cambisols,Limestone,Forest,1910.25,854.82,475.12
0,23.86,124.27,1429.0,1.183,5.486,1706.0,0.474,Leptosols,Phyllite,Forest,411.55,1502.93,2459.38
0,6.4,130.13,209.0,0.402,7.34,1618.8,0.198,Fluvisols,Alluvium,Builtup,61.3,135.51,4933.35
1,30.92,96.13,1293.0,1.028,5.107,2429.7,0.857,Luvisols,Limestone,Scrub,4169.71,733.52,2878.18
1,26.75,155.48,1504.0,1.298,4.183,1964.2,0.619,Cambisols,Schist,Scrub,2004.63,3259.4,248.45
1,36.58,79.88,2787.0,-0.925,8.483,1801.2,0.592,Regosols,Limestone,Forest,2065.39,2.55,261.64
0,46.83,292.58,1247.0,-2.11,5.727,1455.6,0.767,Regosols,,Forest,501.66,409.05,159.77
1,41.58,254.18,2346.0,-1.237,5.023,1939.8,0.784,Luvisols,Shale,Scrub,2115.0,973.77,1518.23
1,38.06,269.94,2265.0,2.216,3.804,1801.2,0.611,Regosols,Granite,Agriculture,84.2,161.51,1517.74
0,30.72,94.4,1537.0,-3.948,7.844,1529.6,0.366,Cambisols,Quartzite,Agriculture,267.46,66.88,59.44
1,33.96,11.38,1402.0,-3.055,5.414,2108.2,0.927,Leptosols,Shale,Scrub,482.68,617.45,1660.23
0,32.89,49.31,1153.0,2.043,4.563,1214.1,0.516,Leptosols,Quartzite,Agriculture,1920.65,711.19,4358.15
1,38.46,151.2,1337.0,-0.313,5.509,1502.9,0.148,Leptosols,Phyllite,Barren,1622.19,341.63,3120.15
1,37.86,284.63,2231.0,-2.21,7.29,2108.3,0.894,Leptosols,Schist,Forest,221.8,280.3,6618.53
0,63.97,2.78,2013.0,0.802,5.343,1455.6,0.214,Cambisols,Phyllite,Builtup,1.91,367.7,2437.14
0,16.06,11.18,1172.0,3.549,4.183,2279.6,0.923,Leptosols,Phyllite,Agriculture,41.23,173.55,3532.85
1,22.68,68.27,2740.0,-0.816,7.609,1270.7,-0.251,Leptosols,Gneiss,Barren,7738.35,83.85,3694.17
1,32.38,91.93,1719.0,1.708,5.067,2201.8,0.616,Luvisols,Quartzite,Scrub,23.17,187.11,1407.79
0,21.74,357.24,2055.0,-2.474,6.544,1213.9,0.29,Leptosols,Quartzite,Barren,1896.89,224.5,13500.35
1,29.94,206.92,1830.0,-3.267,6.383,1743.9,0.677,Leptosols,Shale,Forest,1346.92,118.08,1232.76
1,32.14,292.89,1649.0,0.835,8.111,1680.2,0.184,Cambisols,Shale,Forest,562.56,45.0,253.35
1,30.57,120.82,1532.0,2.003,4.97,2151.2,0.475,Cambisols,Shale,Agriculture,69.24,233.31,1380.62
1,7.93,301.75,906.0,-1.996,8.723,2238.0,0.913,Regosols,Shale,Forest,17.79,531.72,7105.24
0,24.57,103.64,6909.0,-2.145,6.084,1782.4,-0.007,Regosols,Quartzite,Snow,15386.24,1130.0,6529.43
0,14.23,213.83,3647.0,2.613,4.66,1459.2,-0.236,Leptosols,Quartzite,Barren,2914.78,102.06,6263.23
0,23.44,13.35,2224.0,0.301,6.11,2108.2,0.683,Luvisols,Quartzite,Scrub,1663.31,869.69,2447.92
1,41.72,277.34,1884.0,0.615,6.054,2201.8,0.863,Cambisols,Quartzite,Forest,662.89,25.64,344.44
1,37.66,10.64,2177.0,-3.551,6.566,2301.9,0.478,Leptosols,Schist,Agriculture,20.27,173.32,13.85
0,34.69,346.98,2195.0,-0.398,5.091,2288.3,0.674,Regosols,Phyllite,Forest,29.33,184.25,118.22
0,13.58,349.74,966.0,-2.42,6.561,2331.4,0.87,Cambisols,Sandstone,Forest,4231.11,239.86,1428.94
0,44.86,61.52,4926.0,-0.369,6.016,1429.8,0.769,Leptosols,Schist,Forest,6525.93,389.45,3650.68
0,7.47,306.27,200.0,-0.786,6.736,1691.4,0.343,Fluvisols,Alluvium,Agriculture,106.03,586.1,728.98
0,38.49,20.01,1692.0,1.514,4.746,1477.7,0.986,Cambisols,Phyllite,Forest,1847.96,186.98,1280.56
1,30.72,4.93,1970.0,-2.031,7.657,1214.1,0.15,Luvisols,Shale,Agriculture,180.86,45.43,3176.12
0,40.63,348.22,1806.0,-0.588,5.67,2151.2,0.035,Cambisols,Granite,Barren,622.47,202.15,6734.02
0,18.53,14.61,5271.0,2.205,5.753,1782.4,0.418,Leptosols,Gneiss,Grassland,14303.65,35.17,9632.05
0,37.61,68.94,834.0,-2.016,6.725,1743.9,0.921,Luvisols,Schist,Scrub,479.45,489.53,5081.82
0,1.37,355.65,344.0,0.227,9.881,1691.4,0.578,Fluvisols,Sandstone,Agriculture,67.16,202.89,12827.27
0,6.86,270.05,423.0,-0.584,3.615,1691.4,0.467,Cambisols,Alluvium,Agriculture,43.74,441.47,3277.08
1,38.86,150.2,1040.0,-1.196,5.554,2108.2,0.79,Luvisols,Schist,Forest,127.91,404.85,936.06
1,30.75,276.05,920.0,-1.091,5.679,2195.0,0.618,Cambisols,Sandstone,Agriculture,255.75,356.09,2993.86
0,48.72,152.66,3561.0,0.1,5.24,1177.5,0.236,Leptosols,Quartzite,Barren,544.16,161.9,9993.89
0,37.86,242.73,2294.0,0.023,3.351,1706.0,0.366,Leptosols,Granite,Agriculture,895.88,3585.15,2783.02
0,18.14,188.61,1893.0,-0.261,8.568,1680.2,0.816,Leptosols,Shale,Scrub,688.14,140.93,5794.19
0,19.63,133.34,1083.0,0.453,6.081,,0.833,Regosols,Sandstone,Forest,2713.21,216.87,166.78
0,42.6,338.76,4515.0,0.399,4.751,1177.5,0.572,Glacier,Schist,Forest,4795.16,93.99,251.44
0,49.95,217.21,5142.0,-2.502,4.249,1141.7,-0.072,Glacier,Schist,Barren,9880.8,371.87,4755.7
1,28.99,196.72,1053.0,-1.444,5.601,2433.2,0.711,Luvisols,Sandstone,Agriculture,1196.65,112.06,687.78
0,22.36,153.93,1065.0,-2.751,7.137,1804.3,0.992,Luvisols,Sandstone,Forest,144.3,929.35,2067.6
1,23.06,197.89,856.0,0.399,3.981,2000.6,0.881,Cambisols,Sandstone,Forest,2921.77,170.44,48.35
1,31.82,240.86,1880.0,-0.366,5.999,1214.1,0.51,Leptosols,Shale,Agriculture,606.08,134.53,3971.01
0,65.1,77.39,2776.0,-0.858,4.958,1141.7,0.634,Regosols,Quartzite,Forest,6434.57,468.31,8192.65
0,23.49,117.52,679.0,0.037,6.649,1455.6,0.799,Luvisols,Phyllite,Scrub,213.86,587.11,4097.2
0,33.84,187.86,4539.0,1.381,4.063,1459.2,-0.085,Leptosols,Gneiss,Barren,21155.06,1652.34,14339.22
0,35.59,100.95,675.0,1.759,4.249,1979.2,0.025,Regosols,Limestone,Barren,477.22,1055.05,2231.34
0,5.81,257.89,390.0,1.623,7.752,1879.0,1.0,Fluvisols,Alluvium,Forest,467.57,194.33,3812.92
0,9.38,301.42,3951.0,-1.229,8.562,1177.5,-0.025,Leptosols,Gneiss,Barren,5349.95,54.78,190.86
0,5.13,102.22,441.0,1.503,6.619,1651.8,0.774,Cambisols,Alluvium,Forest,28.0,899.1,3541.92
0,22.06,222.86,1243.0,0.599,3.217,1502.9,0.278,Regosols,Quartzite,Agriculture,291.37,1156.41,459.99
0,34.2,139.49,927.0,-1.875,5.703,1966.5,0.657,Leptosols,Limestone,Agriculture,1091.06,27.82,2582.47
0,48.98,188.31,1616.0,-1.838,5.023,2108.2,0.373,,Schist,Agriculture,362.87,405.64,60.96
1,32.16,155.82,2976.0,1.265,5.633,1782.4,-0.119,Leptosols,Schist,Barren,20769.02,736.34,10354.26
0,14.21,323.06,1907.0,-0.635,6.794,1214.1,0.496,Cambisols,Phyllite,Forest,809.77,35.76,141.24
0,21.27,57.9,990.0,1.998,5.244,2433.2,0.897,Cambisols,Sandstone,Forest,343.57,235.71,4664.08
0,30.98,55.07,1821.0,-0.912,7.142,1502.9,0.823,Regosols,Phyllite,Forest,519.41,108.64,4381.5
1,28.94,339.13,1981.0,-5.972,7.558,2200.5,0.76,Regosols,Phyllite,Forest,1101.49,338.36,16769.74
0,16.91,153.26,2366.0,-2.502,6.231,2279.6,0.251,Regosols,Quartzite,Agriculture,865.2,169.72,616.93
0,19.44,0.91,2128.0,0.694,5.092,1964.3,1.0,Cambisols,Phyllite,Forest,4083.26,286.68,2157.74
0,51.27,175.59,2786.0,-2.418,7.83,1477.7,0.359,Cambisols,Schist,Agriculture,985.31,229.39,1913.25
0,23.0,257.23,3405.0,1.704,5.959,1270.7,-0.056,Leptosols,Gneiss,Barren,15746.19,883.86,3714.17
0,59.34,28.34,2298.0,2.876,4.215,1921.7,0.836,Cambisols,Phyllite,Forest,1435.17,168.9,6306.21
0,21.1,352.74,1835.0,0.977,6.607,2108.2,1.0,Regosols,Quartzite,Forest,536.87,970.2,4822.92
0,23.71,25.83,1497.0,1.821,5.556,1979.2,0.508,Leptosols,Schist,Agriculture,376.89,531.34,4923.61
1,35.87,172.49,1517.0,-0.61,4.736,1979.2,-0.125,Regosols,Phyllite,Barren,130.23,421.14,4045.13
1,38.32,59.23,1852.0,-1.343,7.521,2075.6,0.345,Luvisols,Schist,Builtup,487.95,1.64,1405.99
0,19.5,218.42,2095.0,1.58,5.766,1352.4,0.926,Leptosols,Phyllite,Forest,365.01,193.59,3949.16
1,32.92,276.52,1754.0,1.073,5.497,2429.7,0.343,Luvisols,Schist,Forest,169.96,175.3,5735.93
0,31.25,195.8,2146.0,1.575,4.634,1954.2,0.381,Cambisols,Limestone,Agriculture,215.0,1535.13,2797.29
0,35.68,254.12,3409.0,-1.055,5.368,1031.6,-0.146,Leptosols,Gneiss,Barren,4117.26,467.6,4879.47
0,27.91,250.09,853.0,0.896,3.057,1706.0,0.491,Regosols,Limestone,Grassland,27.85,746.24,541.58
0,59.64,221.6,5618.0,1.727,4.648,1177.5,-0.326,Regosols,Gneiss,Snow,12282.77,767.03,1219.31
0,14.66,2.81,1949.0,-1.112,6.822,1954.2,0.677,Cambisols,Schist,Forest,2042.85,74.53,5253.22
0,24.48,188.35,1791.0,0.379,4.364,1352.4,0.982,Cambisols,Phyllite,Forest,723.03,44.39,37.81
1,36.36,186.64,1702.0,-0.414,6.075,1921.7,0.18,Regosols,Limestone,Agriculture,341.93,434.35,1999.67
1,40.67,85.01,1450.0,-2.553,5.754,2279.6,0.699,Cambisols,Schist,Scrub,637.33,614.68,3672.3
0,17.75,172.46,2054.0,2.846,7.903,1964.3,0.521,Cambisols,Shale,Agriculture,266.63,55.6,4362.48
0,38.55,121.87,1860.0,-1.164,4.247,1921.7,-0.14,Cambisols,Schist,Barren,624.09,1020.79,5298.53
1,45.39,118.74,784.0,-3.834,7.323,2238.0,0.365,Cambisols,Sandstone,Agriculture,424.46,288.58,314.57
0,25.27,292.95,1140.0,2.001,5.274,2279.6,0.757,Luvisols,Quartzite,Forest,2311.53,144.43,2582.02
0,9.08,258.53,901.0,0.261,7.229,2000.6,0.555,Regosols,Conglomerate,Agriculture,598.05,237.73,2056.23
0,39.67,46.36,1453.0,-0.896,3.958,1477.7,0.379,Luvisols,Limestone,Builtup,1274.38,856.85,1561.65
0,19.84,326.67,520.0,1.461,5.725,1743.9,0.777,Leptosols,Schist,Scrub,1089.55,2181.68,3909.48
1,53.04,327.78,1217.0,-4.261,8.295,1966.5,0.58,Cambisols,Shale,Forest,10.5,5.26,787.59
0,11.29,272.35,407.0,-0.421,7.607,1651.8,0.651,Cambisols,Alluvium,Agriculture,118.71,100.62,7517.08
1,28.68,320.47,637.0,-2.226,9.327,2288.3,0.445,Luvisols,Schist,Agriculture,332.61,163.11,4352.04
0,16.46,351.11,1371.0,-0.736,7.432,1743.9,0.866,Regosols,Shale,Forest,246.86,49.65,1674.39
0,15.8,11.13,1788.0,0.408,5.028,1743.9,0.832,Cambisols,Quartzite,Forest,1823.76,1364.54,2427.21
1,36.12,70.52,2333.0,-3.968,5.676,2429.7,0.593,Leptosols,Shale,Agriculture,578.74,593.93,3185.62
1,28.1,140.16,1268.0,-2.242,8.018,1966.5,0.649,Regosols,Schist,Forest,5.58,70.29,331.35
1,34.08,65.6,1477.0,-1.012,3.673,2238.0,0.803,Regosols,Sandstone,Forest,294.52,170.59,1941.95
0,0.33,-1.0,494.0,-0.386,8.602,1879.0,0.965,Fluvisols,Alluvium,Forest,662.33,174.19,27291.71
0,34.3,299.89,712.0,3.819,4.42,2151.2,0.913,Leptosols,Schist,Forest,873.76,402.02,184.02
0,19.55,34.08,1183.0,-1.477,7.458,2238.0,0.283,Cambisols,Conglomerate,Builtup,869.19,199.32,333.79
0,29.78,289.73,751.0,1.783,4.874,1982.4,0.788,Cambisols,Shale,Forest,132.84,980.59,4443.91
1,37.33,298.27,1930.0,-1.404,6.397,1966.5,0.698,Cambisols,Shale,Forest,3520.93,771.03,1439.08
0,35.65,307.75,1916.0,0.69,6.466,2200.5,0.725,Regosols,Quartzite,Forest,1237.46,101.55,1105.79
0,24.62,253.71,1419.0,1.805,5.417,1845.5,0.72,Cambisols,Shale,Forest,224.26,103.06,1694.85
0,45.58,299.37,3897.0,0.441,6.881,1782.4,0.556,Leptosols,Schist,Forest,2683.67,133.18,2503.03
0,49.62,33.51,921.0,1.387,3.061,2301.9,0.937,Regosols,Schist,Forest,829.04,385.82,1016.52
0,68.67,191.49,3744.0,-0.144,3.783,1270.7,0.731,Leptosols,Schist,Forest,9774.31,507.45,949.59
0,11.73,262.01,1920.0,0.059,6.105,1763.3,-0.274,Cambisols,Phyllite,Builtup,1913.22,140.68,1963.16
0,20.87,161.91,2261.0,-0.395,7.398,1529.6,0.629,Cambisols,Phyllite,Forest,76.62,668.74,5383.91
0,19.03,105.67,1472.0,0.468,6.776,1809.4,0.632,Cambisols,Shale,Scrub,435.49,91.81,1812.93
0,24.21,349.94,1311.0,-2.995,5.296,1809.4,1.0,Regosols,Shale,Scrub,3308.92,284.85,956.69
0,17.77,41.67,3212.0,1.067,5.304,1312.7,0.378,Leptosols,Gneiss,Grassland,19353.64,371.51,4398.0
1,35.67,160.83,1260.0,-3.702,7.069,1964.2,0.75,Luvisols,Shale,Forest,26.15,105.73,1238.17
0,8.24,31.52,2166.0,-1.979,7.91,2279.6,1.0,Cambisols,Schist,Forest,174.1,24.97,3360.25
0,22.75,125.19,828.0,0.199,6.049,1809.4,1.0,Cambisols,Sandstone,Forest,858.08,12.23,2484.36
0,7.21,291.18,660.0,-0.571,6.762,1809.4,0.982,Luvisols,Sandstone,Forest,189.99,1008.37,1141.6
0,57.9,178.49,526.0,2.494,2.227,1801.2,0.783,Cambisols,Phyllite,Forest,953.47,1246.76,537.0
1,29.87,48.84,1789.0,-3.411,7.961,1763.3,0.006,Cambisols,Schist,Barren,190.99,59.64,201.64
1,42.1,190.95,1314.0,-2.667,4.574,1455.6,0.179,Leptosols,Phyllite,Agriculture,212.66,222.72,38.5
1,34.09,352.43,925.0,-2.289,5.996,2345.3,1.0,Cambisols,Sandstone,Forest,492.8,47.34,2329.33
0,4.78,19.21,379.0,0.784,5.311,1432.6,0.302,Cambisols,Alluvium,Agriculture,219.68,482.36,4373.99
0,2.39,72.1,327.0,-0.081,7.899,1691.4,0.87,Cambisols,Alluvium,Forest,315.15,614.71,2895.52
1,35.07,208.84,1445.0,-1.203,6.223,1804.3,0.927,Cambisols,Shale,Forest,99.35,180.9,820.69
0,27.08,186.64,2144.0,0.378,6.022,2200.5,0.984,Leptosols,Quartzite,Forest,561.28,786.77,12262.95
0,40.98,103.64,2397.0,-1.634,6.018,1777.2,0.825,Regosols,Quartzite,Forest,490.55,178.14,1332.1
0,42.56,211.06,2980.0,1.384,5.097,2429.7,0.564,Regosols,Limestone,Forest,672.81,235.94,865.78
0,18.78,42.57,1656.0,-3.865,6.396,1921.7,0.325,Luvisols,Phyllite,Agriculture,223.29,12.91,679.26
0,42.56,134.55,1768.0,2.303,7.136,1777.2,0.465,Cambisols,Phyllite,Agriculture,1420.34,23.08,1811.58
1,37.46,270.24,1811.0,-3.825,7.72,1964.2,1.0,Regosols,Quartzite,Forest,1982.35,74.71,605.13
0,13.62,306.1,1482.0,2.355,6.098,2345.3,0.796,Luvisols,Sandstone,Forest,2191.37,4.88,905.58
0,34.76,292.53,1386.0,2.709,3.265,1812.7,0.853,Luvisols,Phyllite,Scrub,409.19,452.66,375.21
0,18.15,304.15,2263.0,0.083,4.967,1812.7,0.67,Regosols,Limestone,Forest,118.34,364.56,621.87
0,1.96,206.97,425.0,0.749,8.39,1333.1,-0.032,Cambisols,Alluvium,Builtup,2.37,62.64,14770.45
0,0.84,-1.0,496.0,0.227,6.485,1299.0,0.381,Cambisols,Alluvium,Agriculture,12.23,326.89,624.5
0,12.52,159.23,2344.0,-0.736,5.04,1031.6,-0.237,,Gneiss,Barren,4626.13,260.65,2000.54
0,23.73,193.65,1377.0,-1.609,5.807,1845.5,0.616,Cambisols,Shale,Forest,3651.86,198.24,3233.51
0,43.8,99.27,3786.0,-0.931,5.189,1782.4,0.267,Leptosols,Schist,Grassland,7174.94,165.28,1797.74
1,38.85,244.51,1140.0,-1.764,7.587,1801.2,0.963,Cambisols,Shale,Forest,212.58,177.98,997.72
0,51.87,59.22,2299.0,1.794,5.472,1132.9,-0.255,Leptosols,Granite,Barren,12815.08,1447.78,23807.68
1,39.91,330.92,1087.0,-4.752,6.188,1954.2,-0.025,Regosols,Shale,Barren,585.54,577.26,1207.07
0,1.34,148.99,342.0,-0.635,9.279,1432.6,0.53,Fluvisols,Alluvium,Forest,604.19,441.22,152.09
0,34.54,10.51,2422.0,0.622,4.206,1235.5,0.414,Leptosols,Gneiss,Grassland,10218.36,544.84,2207.97
1,28.0,144.3,1703.0,-0.172,5.04,2429.7,0.666,Regosols,Shale,Builtup,780.3,100.47,7342.47
1,15.45,49.12,1271.0,-1.016,8.573,2331.4,0.688,Regosols,Conglomerate,Scrub,496.95,49.09,2691.54
0,38.21,268.75,2813.0,-3.569,7.075,1964.2,0.511,Cambisols,Shale,Agriculture,456.59,148.88,3062.66
0,30.37,83.8,1457.0,-1.492,5.911,1777.2,0.881,Luvisols,Shale,Scrub,1327.61,273.57,4134.22
1,15.16,92.1,1733.0,-2.038,3.864,1966.5,0.055,Leptosols,Phyllite,Barren,2172.57,466.36,4687.8
0,45.19,249.26,744.0,-1.006,2.736,1812.7,0.225,Luvisols,Phyllite,Agriculture,461.22,252.0,251.41
0,36.22,316.43,886.0,-2.661,4.773,1455.6,0.823,Regosols,Schist,Scrub,4251.62,568.76,4782.02
1,24.32,137.35,920.0,-3.814,7.922,1873.8,0.608,Cambisols,Sandstone,Scrub,259.64,158.43,2747.35
1,37.22,143.12,1651.0,0.507,6.02,,0.552,Regosols,Granite,Agriculture,28.29,319.18,698.72
0,28.31,45.26,4085.0,2.432,3.143,1270.7,-0.047,Leptosols,Gneiss,Barren,7917.57,2516.86,801.69
0,22.67,177.37,658.0,-1.33,5.863,2000.6,0.835,Luvisols,Sandstone,Forest,274.9,256.69,2707.99
1,36.23,306.63,2261.0,-0.383,4.88,2151.2,0.811,Regosols,Shale,Scrub,2515.03,1118.29,1633.48
1,36.37,167.72,819.0,-1.236,4.939,2345.3,0.633,Cambisols,Conglomerate,Agriculture,110.82,336.78,2133.18
1,27.35,67.7,1417.0,0.442,6.451,2331.4,0.94,Luvisols,Shale,Forest,667.22,17.72,475.28
1,33.43,220.7,1206.0,-1.166,6.574,1873.8,0.805,Regosols,Shale,Forest,632.09,394.39,1480.49
1,32.42,287.31,1548.0,2.786,5.982,1777.2,0.523,Regosols,Schist,Agriculture,855.85,9.3,4649.4
0,22.38,202.31,918.0,0.734,4.129,2087.3,0.823,Regosols,Conglomerate,Forest,1067.16,1233.23,4367.27
1,13.1,64.15,1471.0,-1.688,7.091,1763.3,0.61,Leptosols,Quartzite,Agriculture,421.74,68.81,4383.65
0,6.81,222.94,401.0,-0.204,7.779,1651.8,0.538,Fluvisols,Alluvium,Agriculture,39.48,133.06,4860.57
1,40.63,358.39,1835.0,-1.811,5.411,1761.1,0.314,Regosols,Schist,Agriculture,147.67,456.17,1078.03
0,33.44,331.18,1298.0,-0.153,4.509,2279.6,0.727,Leptosols,Quartzite,Forest,1435.07,1359.44,1315.46
0,51.2,296.32,3599.0,-3.244,3.203,1782.4,-0.117,Leptosols,Gneiss,Barren,7955.9,246.67,5241.32
1,31.29,193.96,1599.0,-1.208,5.229,1921.7,0.698,Cambisols,Limestone,Forest,628.59,54.83,188.47
0,6.07,288.02,232.0,1.973,4.666,1691.4,0.511,Cambisols,Alluvium,Agriculture,354.91,880.98,3398.41
0,51.96,262.81,4417.0,-2.123,5.349,1141.7,-0.005,Regosols,Gneiss,Barren,1128.77,6.89,5492.85
0,17.73,305.28,937.0,3.147,4.16,2195.0,0.569,Cambisols,Sandstone,Forest,499.51,729.62,2940.08
0,17.77,257.77,1976.0,0.772,5.785,1680.2,0.702,Regosols,Schist,Forest,768.2,751.46,8744.12
1,32.72,88.29,2075.0,-0.553,7.54,2108.3,0.615,Regosols,Phyllite,Forest,3958.52,119.81,298.91
1,46.76,84.31,2121.0,1.967,3.981,2429.7,0.107,Regosols,Phyllite,Barren,291.03,422.54,1743.49
0,45.65,281.77,3718.0,1.034,4.042,1312.7,0.686,Regosols,Quartzite,Forest,5853.37,420.34,3111.33
0,21.44,283.97,3275.0,-3.969,8.429,1429.8,-0.009,Leptosols,Granite,Barren,1607.02,99.76,551.33
0,24.17,104.42,793.0,-1.346,4.735,1964.2,0.614,Cambisols,Quartzite,Agriculture,212.46,275.83,6995.51
0,4.26,125.31,313.0,-0.287,7.007,1333.1,1.0,Cambisols,Alluvium,Forest,953.88,777.11,19128.72
0,21.44,265.86,756.0,-1.386,6.383,1680.2,0.899,Regosols,Granite,Forest,987.98,689.87,5216.31
0,61.07,145.51,1329.0,3.144,2.249,1502.9,0.608,Regosols,Phyllite,Forest,747.6,2006.38,3549.93
0,25.53,312.87,2288.0,-0.066,5.814,1477.7,0.947,,Limestone,Forest,1278.53,140.37,37.68
1,43.0,198.55,905.0,1.886,5.284,2238.0,0.646,Luvisols,Sandstone,Scrub,375.6,149.33,291.11
1,43.62,203.85,992.0,-2.252,5.624,1845.5,0.779,Luvisols,Conglomerate,Forest,19.93,898.63,281.85
1,38.51,142.16,1273.0,-4.708,9.291,2151.2,0.267,Leptosols,Limestone,Builtup,5.92,83.07,188.13
0,6.36,359.57,360.0,0.181,6.207,1299.0,0.567,Fluvisols,Alluvium,Agriculture,19.86,390.07,558.35
0,26.13,25.8,1077.0,1.903,3.997,2288.3,0.733,Regosols,Shale,Forest,817.8,617.72,993.79
0,9.56,93.07,537.0,-1.102,6.239,1333.1,0.792,Fluvisols,Alluvium,Forest,530.27,432.73,4818.14
0,0.21,-1.0,307.0,-0.186,8.315,1618.8,0.082,Cambisols,Alluvium,Builtup,87.34,713.09,26127.57
0,36.16,51.27,2806.0,-0.116,6.461,1177.5,0.571,Regosols,Gneiss,Grassland,155.5,451.4,1697.09
0,18.41,289.05,1044.0,-1.047,6.328,2195.0,0.873,Regosols,Shale,Forest,989.82,377.39,124.14
1,33.45,93.59,1409.0,-0.485,3.984,1763.3,0.859,Regosols,Schist,Forest,719.77,444.56,3855.63
0,29.89,104.63,757.0,-1.077,5.267,2345.3,1.0,Cambisols,Sandstone,Forest,816.36,408.79,2452.64
0,0.6,-1.0,263.0,-2.523,9.944,1299.0,0.23,Fluvisols,Sandstone,Builtup,52.07,94.08,7878.41
1,33.32,26.74,1596.0,-0.825,5.065,1845.5,0.674,,Sandstone,Forest,136.2,392.41,7.83
0,44.53,238.03,2164.0,5.497,1.589,1761.1,0.607,Regosols,Granite,Scrub,688.15,568.22,27.14
1,29.38,65.76,1067.0,4.909,3.713,2238.0,0.864,Luvisols,Sandstone,Scrub,45.28,624.48,315.79
0,22.65,313.16,790.0,-0.087,3.926,1761.1,0.226,Luvisols,Shale,Barren,395.44,277.65,9037.49
1,50.1,344.77,2213.0,-3.288,5.69,2288.3,0.67,Leptosols,Shale,Scrub,120.72,254.09,837.68
0,13.31,347.05,4058.0,0.848,6.735,1031.6,0.669,Regosols,Gneiss,Forest,1101.63,218.17,8960.63
0,25.3,134.38,896.0,0.077,5.307,2000.6,0.682,Cambisols,Sandstone,Forest,7.55,618.74,90.9
1,26.17,116.52,1477.0,-1.67,6.122,1964.3,0.098,Cambisols,Shale,Barren,176.85,119.64,4.49
1,33.83,242.67,2091.0,-3.448,7.734,1966.5,0.601,Leptosols,Phyllite,Scrub,1874.07,93.75,4541.34
0,9.44,11.01,409.0,-4.401,9.347,1333.1,0.378,Fluvisols,Sandstone,Agriculture,62.25,462.91,12552.05
1,31.67,127.59,1479.0,-3.602,4.961,2151.2,0.866,Cambisols,Phyllite,Scrub,218.84,90.21,1178.06
0,18.14,156.14,892.0,3.295,4.596,1954.2,0.68,Leptosols,Phyllite,Agriculture,64.36,2554.9,1647.08
0,34.24,186.05,1861.0,2.65,5.189,1964.3,0.805,Regosols,Quartzite,Forest,929.06,202.13,124.88
1,38.74,130.33,1828.0,-2.38,4.385,2201.8,0.71,Cambisols,Phyllite,Scrub,319.58,321.14,908.84
0,2.91,109.67,474.0,-0.826,8.358,1691.4,0.363,Fluvisols,Sandstone,Builtup,270.62,169.25,3553.36
0,46.82,323.36,1658.0,-3.48,5.257,1939.8,0.685,Cambisols,Shale,Forest,1886.52,446.26,254.9
1,31.16,121.32,1118.0,-2.425,6.559,2108.2,0.912,Regosols,Quartzite,Forest,3811.28,83.83,1898.44
1,41.21,295.24,1414.0,-0.814,6.439,2108.2,0.987,Cambisols,Schist,Forest,604.75,497.76,1441.02
1,9.62,55.28,1781.0,1.619,5.889,2201.8,0.809,Cambisols,Phyllite,Scrub,670.53,317.5,336.65
0,18.7,28.78,1090.0,-4.828,7.32,2238.0,0.883,Luvisols,Conglomerate,Forest,1062.12,100.68,1431.33
1,39.27,23.31,1107.0,-4.388,8.887,2429.7,0.637,Cambisols,Granite,Forest,1202.23,23.98,2789.41
1,31.41,339.39,1491.0,0.761,7.384,1706.0,0.417,Cambisols,Phyllite,Scrub,611.2,103.92,810.15
1,10.08,192.61,779.0,1.743,6.022,2075.6,0.615,Cambisols,Shale,Agriculture,76.85,552.42,1048.49
0,11.86,103.63,317.0,-1.016,6.123,1691.4,0.751,Cambisols,Sandstone,Agriculture,215.0,51.67,1449.7
0,24.51,348.39,379.0,3.178,4.739,1982.4,0.804,Regosols,Sandstone,Scrub,2343.51,150.61,1867.83
1,33.97,177.35,1931.0,0.982,6.17,2288.3,0.682,Regosols,Schist,Agriculture,207.66,43.59,256.29
1,24.16,266.42,1733.0,1.686,4.721,2301.9,0.412,,Phyllite,Agriculture,35.93,5000.0,3006.55
0,29.96,271.55,1537.0,0.479,5.127,1777.2,0.383,Cambisols,Phyllite,Agriculture,600.96,421.03,5550.06
0,2.88,118.04,293.0,0.631,7.722,1348.6,0.347,Cambisols,Alluvium,Agriculture,51.4,471.67,440.03
0,23.01,273.3,1542.0,-0.715,5.483,1939.8,0.184,Luvisols,Phyllite,Builtup,559.56,850.84,2458.52
0,24.95,119.94,2941.0,3.754,3.397,1801.2,0.757,Regosols,Granite,Forest,835.96,156.22,2292.26
0,1.22,215.7,341.0,2.445,6.47,1333.1,0.203,Fluvisols,Sandstone,Agriculture,333.73,260.68,15380.34
0,26.64,307.56,5251.0,3.368,3.534,1514.4,-0.13,Leptosols,Gneiss,Snow,2152.33,5.99,11337.94
0,23.55,322.66,2188.0,-2.397,6.241,1706.0,0.753,Leptosols,Schist,Forest,113.14,403.81,9220.77
0,10.75,251.79,1917.0,-1.398,7.308,2108.2,0.786,Luvisols,Limestone,Forest,1476.73,338.85,135.85
1,40.48,161.93,1717.0,-6.054,8.764,1966.5,0.702,Cambisols,Shale,Forest,4526.91,47.89,5788.39
0,22.34,297.22,1290.0,2.091,4.648,2087.3,0.801,Regosols,Sandstone,Forest,136.97,366.87,895.57
0,42.8,92.78,2582.0,-1.069,5.609,1502.9,0.507,Luvisols,Quartzite,Scrub,26.62,356.03,4186.1
0,72.95,12.38,1335.0,-7.486,6.055,1966.5,0.49,Cambisols,Phyllite,Scrub,3315.15,41.98,6541.93
0,62.66,192.17,4255.0,-7.742,9.263,1102.0,-0.346,Leptosols,Schist,Snow,1664.22,7.14,1175.0
1,45.01,69.48,1605.0,-2.824,7.642,2108.2,0.809,Regosols,Limestone,Forest,359.05,53.53,3106.74
0,20.95,259.14,1497.0,-1.272,6.66,1352.4,0.683,Regosols,Phyllite,Scrub,582.01,92.17,1209.08
1,26.16,80.66,1191.0,0.166,6.737,1214.1,0.506,Regosols,Phyllite,Agriculture,230.5,6.92,987.12
0,17.57,30.03,398.0,1.217,2.967,1804.3,0.693,Cambisols,Conglomerate,Forest,86.59,304.9,1088.86
0,24.8,145.65,292.0,1.934,3.64,1502.9,1.0,Cambisols,Phyllite,Forest,476.1,1599.38,1935.31
0,26.38,148.71,782.0,-0.07,3.629,2433.2,0.817,Luvisols,Sandstone,Forest,900.82,794.31,136.6
1,38.73,239.97,1811.0,2.086,3.838,1966.5,0.523,Cambisols,Shale,Agriculture,219.15,136.03,5134.14
0,37.68,228.66,592.0,-0.26,4.492,2195.0,0.762,Regosols,Shale,Forest,4873.12,604.41,2464.0
0,26.42,119.48,4117.0,-1.794,6.46,1177.5,0.001,Leptosols,Granite,Snow,3306.94,76.23,11061.41
0,35.35,268.28,4539.0,-4.25,5.353,1302.3,0.038,Cambisols,Gneiss,Snow,6618.05,208.43,6795.18
0,39.66,301.43,2530.0,1.889,2.778,1782.4,0.197,Regosols,Granite,Barren,196.74,2433.27,944.44
0,29.03,38.98,1864.0,0.151,5.474,2201.8,-0.165,Cambisols,Limestone,Barren,133.48,810.25,1354.02
1,32.3,27.86,2020.0,0.666,5.713,2301.9,0.587,Cambisols,Schist,Scrub,432.95,26.32,907.38
0,3.45,283.58,273.0,0.945,7.158,1348.6,0.72,Cambisols,Alluvium,Forest,844.38,438.62,4427.3
0,10.33,162.75,180.0,2.2,6.087,1432.6,0.578,Fluvisols,Alluvium,Agriculture,107.91,310.75,8188.95
0,4.72,181.46,384.0,-1.58,10.297,1299.0,0.806,Fluvisols,Alluvium,Forest,2.12,16.7,2866.63
0,42.56,58.76,3950.0,-3.349,6.785,1312.7,0.125,Regosols,Quartzite,Barren,556.0,207.88,2082.83
0,22.12,200.84,900.0,-2.286,6.563,2345.3,1.0,Regosols,Conglomerate,Forest,1785.46,237.94,6321.47
1,33.09,341.23,879.0,-2.686,6.936,2087.3,0.767,Cambisols,Conglomerate,Forest,1958.61,119.14,1953.13
0,27.23,126.29,2495.0,0.538,7.124,1743.9,0.595,Cambisols,Schist,Scrub,2408.76,162.49,5073.24
1,20.23,92.42,414.0,1.476,6.004,2238.0,0.75,Cambisols,Sandstone,Forest,1418.59,224.33,32.44
0,0.34,-1.0,180.0,1.924,9.286,1432.6,0.378,Cambisols,Alluvium,Agriculture,53.61,325.92,14834.14
0,32.24,180.7,1194.0,0.737,5.243,1455.6,0.153,Regosols,Quartzite,Agriculture,990.67,737.07,4104.68
0,31.23,306.83,1186.0,0.483,4.163,2087.3,0.76,Luvisols,Conglomerate,Forest,1227.06,721.86,5950.3
0,44.34,130.73,3354.0,-1.851,6.59,1310.2,0.457,Regosols,Gneiss,Grassland,10774.31,12.53,820.33
0,22.93,342.65,1752.0,2.182,6.622,1492.1,1.0,Leptosols,Phyllite,Forest,119.57,131.93,457.39
0,22.54,130.21,1736.0,1.47,3.956,1477.7,0.929,Cambisols,Phyllite,Forest,373.12,234.37,1048.9
0,33.36,155.94,4569.0,1.036,3.721,1371.6,-0.057,Regosols,Gneiss,Barren,10056.13,1487.72,13279.06
1,18.26,100.58,563.0,-0.218,6.838,2331.4,0.454,Cambisols,Shale,Agriculture,338.53,215.29,1174.04
0,25.18,66.02,254.0,-0.737,4.897,1618.8,0.866,Cambisols,Alluvium,Forest,198.72,127.52,10410.03
0,26.64,347.16,3632.0,0.971,6.656,1132.9,0.506,Leptosols,Schist,Grassland,849.2,57.72,744.93
1,26.3,238.36,3870.0,-2.199,8.131,1782.4,-0.035,Leptosols,Granite,Barren,725.33,39.58,9458.59
0,36.39,102.31,4242.0,2.953,4.909,1782.4,-0.125,Leptosols,Schist,Barren,7327.93,269.13,98.6
0,24.37,86.49,5229.0,-1.366,6.186,1245.1,-0.298,Cambisols,Schist,Barren,2089.78,1164.67,27.6
1,25.69,128.85,1698.0,0.017,5.387,2108.3,0.497,Regosols,Phyllite,Agriculture,21.05,297.23,616.64
1,32.28,76.94,1563.0,-2.848,6.6,2108.2,0.233,Regosols,Phyllite,Builtup,190.18,15.4,507.38
0,31.45,0.51,3618.0,0.228,5.765,1213.9,0.16,Regosols,Quartzite,Barren,1369.02,128.23,1821.97
1,34.0,342.37,1708.0,-2.057,6.447,2429.7,0.762,Cambisols,Granite,Forest,2531.18,334.18,712.29
0,15.89,343.89,1210.0,-1.771,5.589,1352.4,0.759,Cambisols,Schist,Forest,2640.84,110.55,6345.73
0,23.11,14.35,1269.0,-1.343,4.304,1964.2,0.791,Cambisols,Shale,Forest,96.78,251.62,459.73
0,5.29,347.82,490.0,-0.067,6.934,1333.1,0.546,Cambisols,Alluvium,Agriculture,11.02,758.34,4074.84
1,19.56,159.72,1879.0,-0.537,7.461,2151.2,0.741,,Schist,Scrub,1073.26,210.4,575.81
0,31.05,168.07,2367.0,-0.366,6.256,1102.0,0.008,Leptosols,Schist,Barren,10486.32,17.81,2442.21
1,12.41,161.11,2186.0,0.14,6.4,2151.2,0.451,Luvisols,Phyllite,Agriculture,384.19,1491.36,805.23
0,15.47,300.0,540.0,1.355,6.723,2195.0,0.826,Luvisols,Conglomerate,Forest,366.3,121.91,519.93
0,21.1,219.18,1719.0,-1.282,6.138,1954.2,0.609,Cambisols,Quartzite,Forest,643.04,211.84,351.61
1,33.56,196.56,2054.0,-1.637,6.955,1966.5,0.335,Regosols,Phyllite,Forest,108.94,173.48,5238.95
0,0.56,-1.0,187.0,-1.838,10.16,1299.0,0.469,Cambisols,Alluvium,Agriculture,806.52,542.0,1632.45
1,36.05,323.14,2285.0,-1.118,3.823,2201.8,0.708,Leptosols,Phyllite,Forest,1383.4,156.52,3225.87
0,5.71,28.28,279.0,1.067,7.879,1651.8,0.903,Cambisols,Sandstone,Forest,828.78,307.01,19609.22
0,27.69,301.72,4836.0,0.416,7.826,1429.8,0.116,Regosols,Gneiss,Barren,17647.08,47.67,6198.91
0,1.96,345.21,410.0,0.205,8.791,1299.0,0.489,Cambisols,Alluvium,Agriculture,26.81,286.01,13510.81
1,27.4,51.07,914.0,-1.786,5.396,2195.0,0.774,Cambisols,Shale,Forest,297.32,790.32,2942.47
0,20.63,353.67,1791.0,0.054,5.703,2429.7,0.696,Regosols,Phyllite,Forest,120.69,485.52,414.2
1,23.66,112.27,788.0,-3.005,8.313,2195.0,1.0,,Shale,Forest,499.2,17.49,1918.83
1,42.86,200.3,2017.0,-3.333,6.283,1429.8,0.061,Regosols,Gneiss,Barren,277.09,85.06,2053.01
0,2.72,349.92,238.0,0.373,6.28,1333.1,0.736,Cambisols,Alluvium,Forest,236.39,461.72,7672.46
0,1.21,318.78,235.0,-0.522,9.592,1432.6,0.684,Fluvisols,Alluvium,Agriculture,66.44,293.3,14017.47
0,42.91,190.82,1646.0,-1.959,6.566,1812.7,0.488,Regosols,Phyllite,Grassland,621.25,63.51,57.3
0,35.68,91.09,2271.0,-1.502,7.937,1302.3,0.196,Leptosols,Gneiss,Barren,2806.36,419.02,558.56
0,34.6,66.58,2472.0,-0.616,7.981,1761.1,0.894,Regosols,Shale,Forest,3837.18,62.54,2057.99
0,33.02,180.83,1643.0,-4.35,7.194,1777.2,0.665,Luvisols,Quartzite,Forest,1565.93,91.77,3057.84
0,49.63,303.33,2586.0,0.948,3.658,1245.1,-0.351,Leptosols,Gneiss,Barren,12048.59,617.72,7629.17
0,28.45,218.91,3218.0,-1.593,6.929,1312.7,0.303,Cambisols,Gneiss,Barren,4719.56,418.88,7292.7
0,37.91,105.26,1595.0,-2.949,7.639,1529.6,0.353,Luvisols,Quartzite,Agriculture,648.82,130.58,944.05
0,25.49,0.69,1957.0,2.172,6.42,2151.2,0.543,Cambisols,Phyllite,Agriculture,519.28,30.54,2793.7
0,21.0,131.24,553.0,0.033,6.064,1804.3,0.599,Regosols,Sandstone,Agriculture,673.8,434.56,143.1
1,32.31,341.47,1750.0,-0.814,7.083,1966.5,0.554,Cambisols,Schist,Agriculture,932.33,4.66,6151.34
0,28.53,87.99,944.0,3.384,5.284,2331.4,0.453,Cambisols,Shale,Forest,2396.24,511.96,366.44
0,43.26,231.54,2813.0,-0.9,5.001,1964.3,0.346,,Shale,Agriculture,1244.95,366.64,158.34
0,53.22,115.23,4844.0,-1.037,6.325,1213.9,-0.129,Glacier,Schist,Barren,4784.88,61.55,7930.39
0,25.93,264.29,915.0,0.737,4.944,1809.4,1.0,Cambisols,Sandstone,Forest,325.06,317.07,656.79
1,32.11,45.81,926.0,1.723,7.01,2151.2,-0.048,Luvisols,Limestone,Barren,2193.98,69.25,3075.13
1,39.8,86.01,1710.0,-0.186,5.745,1966.5,0.716,Cambisols,Quartzite,Forest,76.91,39.9,1736.34
0,38.78,246.04,1624.0,-0.973,5.529,2301.9,0.697,Cambisols,Limestone,Forest,1249.73,124.41,1121.51
1,32.41,67.37,1464.0,-1.097,5.75,1964.3,0.598,Cambisols,Shale,Forest,653.74,43.8,282.92
1,31.14,156.55,1775.0,-1.632,6.471,1921.7,0.486,,Phyllite,Agriculture,743.73,179.23,1504.76
0,7.63,161.48,362.0,0.851,6.723,1691.4,0.688,Cambisols,Alluvium,Agriculture,230.94,498.63,13553.81
1,29.19,146.58,2084.0,0.625,5.72,1761.1,0.222,Regosols,Shale,Barren,533.9,405.18,340.24
0,22.59,137.26,4247.0,1.604,2.637,1312.7,-0.174,Leptosols,Granite,Barren,2928.77,737.94,1296.78
0,13.58,125.44,359.0,1.555,5.11,1651.8,1.0,Fluvisols,Sandstone,Forest,172.72,40.91,3184.91
0,0.34,-1.0,295.0,0.856,7.166,1691.4,0.547,Cambisols,Sandstone,Agriculture,9.64,856.63,5636.39
0,0.51,-1.0,315.0,-0.614,10.358,1691.4,0.751,Fluvisols,Alluvium,Agriculture,219.34,111.89,4787.94
0,29.62,75.21,1067.0,-1.981,5.993,1873.8,0.447,Regosols,Sandstone,Agriculture,495.44,170.94,3111.58
0,10.28,62.68,291.0,0.014,6.864,,0.674,Fluvisols,Alluvium,Agriculture,438.64,18.43,6893.87
0,31.88,59.91,1884.0,-0.442,,1761.1,0.511,Leptosols,Granite,Agriculture,8.4,491.26,515.46
0,3.19,332.45,429.0,2.143,7.693,1651.8,0.137,Fluvisols,Sandstone,Agriculture,234.87,815.88,5574.71
0,16.53,296.63,871.0,-1.599,5.66,1809.4,0.939,Cambisols,Sandstone,Forest,38.79,44.73,2905.01
0,22.75,280.91,2128.0,-1.736,8.158,1706.0,0.688,Leptosols,Phyllite,Forest,137.9,140.36,918.53
0,72.01,161.74,2622.0,0.073,5.356,1429.8,0.579,Leptosols,Gneiss,Grassland,5241.11,11.21,4341.15
1,12.32,308.59,635.0,-1.182,6.673,1982.4,0.625,Cambisols,Shale,Agriculture,67.32,548.27,467.65
0,30.97,108.51,3980.0,1.265,6.165,1429.8,0.65,Regosols,Schist,Forest,2098.76,86.99,3073.98
0,17.03,162.92,458.0,1.523,5.066,1691.4,0.756,Fluvisols,Alluvium,Forest,78.59,113.74,9732.69
0,38.71,213.12,3736.0,-1.382,6.473,1782.4,0.111,Leptosols,Gneiss,Barren,1838.71,260.93,1697.83
0,29.5,189.25,1054.0,2.494,5.893,2201.8,0.798,Leptosols,Quartzite,Forest,1739.83,803.8,2511.46
0,56.86,280.6,3085.0,-4.314,4.661,1141.7,-0.004,Leptosols,Gneiss,Barren,4971.26,590.03,1027.72
0,16.28,137.11,1443.0,-2.274,7.151,1777.2,0.368,Cambisols,Phyllite,Agriculture,452.2,15.06,1889.86
0,11.86,222.28,2007.0,-0.667,7.081,1801.2,0.894,Leptosols,Phyllite,Forest,1322.39,397.8,1408.74
1,28.06,134.3,227.0,-2.161,5.319,2433.2,0.378,Cambisols,Sandstone,Agriculture,1203.04,360.05,18572.63
0,1.53,263.18,248.0,0.949,6.558,1333.1,0.683,Fluvisols,Alluvium,Agriculture,22.12,401.8,21983.36
0,31.77,187.82,3291.0,0.487,4.773,1312.7,0.754,Regosols,Gneiss,Forest,4771.27,313.21,3188.58
1,43.8,173.98,2247.0,0.792,3.709,2301.9,0.546,Cambisols,Phyllite,Agriculture,235.96,126.05,71.32
0,68.6,242.95,1582.0,1.915,3.477,2279.6,0.513,Cambisols,Shale,Agriculture,519.53,559.46,7806.38
0,46.34,108.74,5126.0,8.584,1.643,1371.6,0.002,Cambisols,Schist,Snow,7033.95,1410.2,86.86
0,31.61,277.8,2165.0,-1.99,5.637,1743.9,0.647,Cambisols,Shale,Forest,1593.65,37.73,4016.94
0,24.05,11.24,2263.0,2.924,4.304,1743.9,0.941,Leptosols,Granite,Forest,776.5,296.47,3900.56
0,31.19,85.13,988.0,-1.973,7.228,1529.6,0.763,Leptosols,Limestone,Scrub,942.62,218.56,939.1
0,13.18,270.45,366.0,-0.079,5.797,1299.0,0.799,Cambisols,Alluvium,Forest,5.37,485.23,4627.19
0,48.42,259.5,1165.0,4.444,3.052,1801.2,0.509,Cambisols,Quartzite,Scrub,442.68,1350.89,1972.9
0,53.62,286.22,2682.0,-1.379,7.423,2288.3,0.574,Cambisols,Shale,Forest,2259.0,34.7,2374.59
1,32.89,342.96,1835.0,-1.83,6.336,1502.9,0.573,Cambisols,Schist,Agriculture,2137.58,711.1,1936.45
1,39.04,351.98,2316.0,0.798,4.745,2108.3,-0.147,Leptosols,Shale,Barren,8.05,684.38,1125.55
0,50.43,101.18,771.0,-1.676,6.653,2041.1,0.889,,Conglomerate,Forest,852.79,115.92,2353.29
1,35.77,338.76,2247.0,-3.206,6.156,2429.7,0.699,Cambisols,Schist,Forest,1708.93,232.51,362.88
0,44.1,133.71,1489.0,-1.739,4.324,1809.4,0.63,Regosols,Shale,Agriculture,5.74,1130.81,87.99
0,11.49,70.67,1789.0,-2.079,6.941,1966.5,0.649,Regosols,Quartzite,Forest,3277.48,1183.94,64.77
0,24.51,129.56,2527.0,0.211,7.311,1964.3,0.775,Regosols,Schist,Forest,1221.92,208.29,1471.38
0,25.08,30.41,1776.0,-1.725,7.557,1529.6,0.658,Cambisols,Phyllite,Forest,176.04,164.39,5073.19
0,40.33,93.09,1188.0,1.557,4.702,1352.4,0.741,Cambisols,Schist,Forest,2243.96,1129.93,620.39
0,54.5,178.71,1156.0,-0.026,6.031,1845.5,0.854,Cambisols,Conglomerate,Forest,1206.51,317.95,625.45
0,41.25,335.3,5006.0,-4.948,6.284,1141.7,0.266,Cambisols,Gneiss,Snow,543.98,172.66,1916.93
0,34.46,359.18,1662.0,-0.115,3.818,1763.3,0.227,Cambisols,Schist,Builtup,459.37,1676.39,1941.21
0,23.54,242.55,1540.0,1.008,4.04,1352.4,0.667,Cambisols,Quartzite,Forest,3021.26,729.7,3965.18
0,8.9,36.37,2350.0,-1.529,6.7,1214.1,0.54,Luvisols,Phyllite,Forest,1174.23,244.94,280.34
1,33.95,183.25,1710.0,3.836,4.039,2279.6,0.652,Regosols,Shale,Forest,18.36,209.75,78.26
0,38.06,182.06,1177.0,-3.2,6.7,2151.2,0.72,Cambisols,Limestone,Agriculture,234.62,348.09,2547.68
1,27.89,330.43,1859.0,1.302,4.048,1939.8,0.154,Cambisols,Phyllite,Barren,236.66,851.65,20.5
0,29.44,34.57,2243.0,0.575,4.077,2301.9,0.089,Cambisols,Quartzite,Barren,118.22,1237.75,2005.36
0,16.41,259.94,1639.0,1.236,5.138,1979.2,0.771,Cambisols,Shale,Forest,522.13,255.15,2143.73
0,45.25,181.64,3269.0,0.662,4.435,1371.6,-0.08,Regosols,Schist,Barren,12789.73,565.54,9340.82
0,38.41,318.36,1454.0,0.429,5.758,1873.8,0.778,Luvisols,Conglomerate,Forest,1668.31,226.69,2060.38
1,37.21,68.1,1242.0,0.118,5.545,1979.2,1.0,Leptosols,Phyllite,Forest,68.7,146.19,277.44
0,12.51,199.46,893.0,-1.136,5.546,2000.6,0.781,Regosols,Conglomerate,Forest,836.93,576.62,8207.23
0,39.51,208.79,3471.0,-2.166,5.501,1429.8,-0.024,Leptosols,Schist,Barren,359.89,614.17,602.35
0,18.32,138.19,1637.0,1.377,5.678,1502.9,0.548,Cambisols,Quartzite,Agriculture,980.73,71.18,1497.48
0,32.64,83.07,6058.0,1.045,5.155,1141.7,0.213,Regosols,Gneiss,Grassland,909.07,1792.0,10791.84
0,22.11,68.91,1826.0,-2.858,5.806,2075.6,0.505,Regosols,Phyllite,Agriculture,330.57,950.82,1.29
0,16.2,64.89,1593.0,-0.062,7.39,1939.8,0.575,Luvisols,Granite,Forest,882.16,159.58,2245.21
1,30.89,276.11,1901.0,2.83,3.722,2301.9,-0.153,Cambisols,Quartzite,Water,171.43,897.92,45.52
0,6.18,160.74,248.0,0.886,5.576,1651.8,0.525,Cambisols,Alluvium,Agriculture,89.59,341.08,6253.93
0,20.15,25.97,3956.0,1.165,4.944,1102.0,-0.317,Leptosols,Schist,Barren,232.32,926.84,1556.04
0,52.4,340.13,3181.0,1.431,4.972,1177.5,-0.179,Cambisols,Gneiss,Barren,1259.36,55.16,2955.39
0,40.02,279.35,670.0,1.902,6.376,1761.1,0.216,Cambisols,Limestone,Builtup,245.34,417.09,2106.24
0,37.23,274.86,1355.0,3.465,2.92,1455.6,1.0,Cambisols,Phyllite,Forest,1205.03,145.57,3047.59
0,19.4,192.42,2582.0,0.177,4.676,1921.7,0.307,,Schist,Agriculture,909.53,313.62,3063.75
1,21.42,307.71,2202.0,-3.375,7.11,2279.6,0.822,Cambisols,Phyllite,Agriculture,36.64,185.77,1574.57
0,42.53,156.49,678.0,-1.903,3.382,2345.3,0.86,Cambisols,Shale,Forest,248.65,61.21,5813.15
0,44.52,303.46,4763.0,1.968,4.577,1031.6,-0.053,Leptosols,Granite,Snow,5078.43,89.12,3152.34
1,40.44,102.61,931.0,-2.007,5.712,2429.7,0.807,Cambisols,Phyllite,Scrub,1077.12,262.49,2627.97
1,26.87,260.35,3859.0,0.703,6.45,1310.2,0.314,Leptosols,Gneiss,Grassland,6415.82,36.18,2101.34
0,29.39,321.99,1738.0,1.544,5.553,1954.2,0.816,Leptosols,Shale,Forest,2649.16,781.75,549.57
0,8.76,105.5,1100.0,-1.436,6.951,1845.5,0.498,Cambisols,Shale,Agriculture,19.69,195.31,5863.41
1,26.37,133.46,2165.0,-1.715,6.964,1979.2,0.729,Regosols,Granite,Scrub,786.46,62.11,622.14
0,0.63,-1.0,283.0,-0.141,10.535,1333.1,0.401,Fluvisols,Alluvium,Agriculture,147.53,145.24,9599.77
0,24.39,47.25,4084.0,1.626,5.378,1302.3,0.768,Regosols,Schist,Forest,1982.41,1496.09,1697.46
0,13.69,245.86,1050.0,-1.423,8.623,1804.3,0.73,Luvisols,Sandstone,Forest,1241.93,507.93,137.72
1,38.54,212.38,1771.0,0.321,4.85,2288.3,0.301,Cambisols,Shale,Builtup,216.74,439.47,1457.57
1,28.49,289.44,2313.0,-2.056,5.409,2200.5,0.3,Regosols,Phyllite,Agriculture,290.67,146.56,658.09
0,21.63,130.37,1794.0,-2.182,8.271,1763.3,0.892,Luvisols,Quartzite,Forest,599.25,52.56,506.48
0,23.63,134.88,1084.0,4.02,4.167,2331.4,0.806,Regosols,Shale,Forest,328.57,1052.09,1770.17
1,32.05,97.64,1117.0,0.719,4.651,2345.3,0.894,Luvisols,Sandstone,Forest,757.48,1293.92,4769.67
0,19.24,280.58,1897.0,0.696,5.084,1812.7,0.065,Leptosols,Limestone,Barren,203.45,1649.73,1899.91
1,35.9,187.22,1209.0,-1.611,6.459,2288.3,0.658,Cambisols,Phyllite,Scrub,4193.73,376.71,1057.32
1,21.96,167.16,1905.0,-0.425,7.196,2288.3,0.623,Cambisols,Quartzite,Scrub,1502.2,182.4,4737.62
1,32.82,51.08,2548.0,2.733,4.61,2201.8,0.01,Regosols,Shale,Barren,24.08,69.77,777.36
1,26.13,179.04,2424.0,-0.569,6.888,2279.6,-0.166,Regosols,Phyllite,Barren,34.79,696.69,1946.98
0,4.8,94.38,349.0,1.375,4.684,1651.8,0.53,Cambisols,Alluvium,Agriculture,206.87,1686.64,19122.15
0,10.85,122.43,2143.0,1.976,6.431,2288.3,0.69,Cambisols,Phyllite,Agriculture,757.75,866.58,2421.45
0,22.81,273.7,3290.0,-1.608,5.731,1312.7,0.5,Leptosols,Gneiss,Grassland,3519.09,582.59,878.82
0,30.03,239.12,1500.0,1.434,5.03,2108.3,0.806,Cambisols,Schist,Forest,6603.32,371.23,5723.29
0,51.07,356.74,1593.0,0.653,3.546,1979.2,0.815,Regosols,Phyllite,Forest,1223.37,295.23,2201.8
0,20.23,343.74,4089.0,0.773,5.044,1270.7,-0.08,Cambisols,Gneiss,Barren,2859.17,510.24,3170.92
0,18.16,20.37,1479.0,0.072,5.687,1921.7,0.209,Cambisols,Shale,Scrub,3791.34,465.14,175.56
0,33.77,174.31,4022.0,0.506,7.55,1213.9,-0.086,Regosols,Gneiss,Barren,731.73,10.85,3496.97
1,49.93,296.46,1214.0,-5.76,5.941,1982.4,0.753,Regosols,Shale,Agriculture,1673.12,115.11,998.84
1,30.49,355.83,1093.0,0.182,4.842,2301.9,0.829,Cambisols,Shale,Scrub,342.55,348.82,1010.43
0,44.4,310.25,4911.0,-1.886,4.66,1132.9,-0.153,Leptosols,Schist,Snow,8592.78,975.91,5641.34
1,27.08,220.16,1549.0,-0.618,6.927,1706.0,0.78,Regosols,Limestone,Forest,167.22,1289.47,861.95
0,1.08,178.76,471.0,0.7,8.618,1618.8,0.445,Fluvisols,Alluvium,Agriculture,103.41,391.06,13355.03
0,11.74,151.17,686.0,-0.515,5.538,2087.3,0.341,Regosols,Shale,Builtup,860.84,301.17,5057.97
0,49.77,302.01,1703.0,-2.547,3.194,1954.2,0.837,Leptosols,Shale,Forest,124.74,152.58,2249.83
1,45.78,213.49,1992.0,-1.525,6.479,2201.8,0.607,Leptosols,Shale,Scrub,79.58,45.32,2108.25
1,33.93,44.61,1816.0,-1.115,6.185,1939.8,0.859,Regosols,Quartzite,Forest,862.26,109.31,11567.89
0,28.96,328.83,735.0,1.388,4.09,1845.5,0.665,Luvisols,Sandstone,Scrub,268.19,358.04,97.34
1,30.44,284.55,1099.0,-5.403,9.408,2433.2,0.425,Regosols,Shale,Agriculture,419.41,6.01,1238.84
1,37.7,292.46,2300.0,0.576,5.598,1801.2,0.735,Luvisols,Phyllite,Forest,1024.79,593.53,2036.74
0,65.27,337.21,1492.0,5.821,1.809,1812.7,0.731,,Phyllite,Agriculture,573.88,1678.33,6820.32
1,38.61,135.47,2146.0,-2.085,4.099,2201.8,0.353,Cambisols,Phyllite,Agriculture,132.67,608.11,905.79
1,35.89,260.96,1819.0,1.064,5.116,1706.0,0.582,Regosols,Phyllite,Agriculture,36.54,137.22,4148.96
0,48.51,231.48,3411.0,-1.388,8.48,1213.9,0.763,Leptosols,Gneiss,Grassland,17060.38,96.82,6651.88
1,31.0,175.12,828.0,0.577,5.019,2108.2,1.0,Luvisols,Schist,Forest,1267.71,96.53,270.66
0,39.37,17.72,1039.0,-2.764,7.533,2288.3,0.983,Cambisols,Quartzite,Scrub,1047.05,61.97,568.0
1,32.63,23.38,1327.0,-2.555,6.586,1492.1,0.628,Leptosols,Phyllite,Forest,1165.34,228.88,1657.01
1,32.12,264.98,1634.0,-0.425,6.568,2151.2,0.286,Cambisols,Phyllite,Builtup,2423.87,224.63,5627.53
0,19.16,87.27,2057.0,0.445,5.993,2151.2,0.627,Cambisols,Quartzite,Forest,1626.91,89.65,5767.75
1,34.05,274.83,933.0,-2.512,5.942,2331.4,0.919,Regosols,Sandstone,Forest,150.97,315.89,4221.47
0,11.84,57.95,707.0,0.296,5.79,2000.6,0.96,Cambisols,Shale,Forest,148.95,542.48,707.3
1,42.12,127.32,1405.0,-5.181,9.416,2238.0,0.879,Regosols,Sandstone,Forest,553.49,25.14,1322.21
0,16.6,240.76,3842.0,1.74,5.553,1459.2,-0.041,Regosols,Gneiss,Barren,3068.36,540.37,9758.22
0,4.27,51.32,308.0,-1.923,8.063,1691.4,0.419,Cambisols,Alluvium,Agriculture,330.6,456.13,1034.31
0,33.3,203.18,400.0,2.08,4.503,1680.2,0.154,Regosols,Quartzite,Builtup,889.71,1350.44,2080.02
0,35.52,20.63,1730.0,-0.849,4.953,2201.8,0.779,Leptosols,Granite,Forest,1527.62,1262.47,3872.87
0,46.84,126.23,4179.0,4.103,1.525,1312.7,-0.02,Leptosols,Schist,Snow,3066.23,994.72,11964.51
0,18.46,108.3,2513.0,-2.555,5.19,2108.3,0.67,Cambisols,Shale,Forest,67.91,308.14,4224.16
0,39.4,120.63,3782.0,1.941,4.021,1459.2,0.464,Leptosols,Schist,Grassland,18884.93,1441.1,3436.24
0,35.16,39.18,851.0,1.18,5.058,2238.0,0.989,Luvisols,Conglomerate,Forest,2186.74,286.56,2580.77
0,1.88,15.0,402.0,-0.27,8.931,1299.0,0.593,Cambisols,Sandstone,Agriculture,23.54,264.35,1317.98
0,31.25,150.9,2116.0,-0.054,5.731,1954.2,0.355,Cambisols,Shale,Forest,715.21,283.06,780.22
0,25.9,41.79,2605.0,0.438,5.854,2151.2,0.403,Cambisols,Schist,Agriculture,96.51,224.3,207.75
0,44.37,327.16,2623.0,-3.224,6.429,1939.8,0.491,Leptosols,Phyllite,Forest,31.92,57.05,3627.72
0,3.84,118.3,303.0,-1.013,9.188,1432.6,0.196,Fluvisols,Alluvium,Builtup,269.13,619.04,4032.13
0,13.62,193.06,1336.0,0.264,6.52,1982.4,1.0,Cambisols,Sandstone,Forest,524.3,539.51,774.0
0,21.16,40.62,765.0,-0.88,6.05,1964.2,0.647,Regosols,Granite,Agriculture,364.36,204.8,2543.31
0,31.55,331.89,727.0,-0.779,5.71,2041.1,0.887,Cambisols,Sandstone,Forest,133.55,23.91,36.76
0,21.42,99.64,4205.0,-2.129,8.211,1310.2,-0.403,Leptosols,Gneiss,Snow,2424.51,106.77,2507.45
1,27.5,180.91,958.0,-3.06,6.677,1804.3,0.427,Luvisols,Sandstone,Builtup,1140.44,106.23,464.5
0,28.23,305.85,1912.0,-0.517,8.249,2201.8,1.0,Cambisols,Granite,Scrub,50.66,85.88,1297.17
0,7.56,288.37,3350.0,-0.736,6.628,1939.8,0.596,Cambisols,Limestone,Forest,2893.83,617.54,1102.42
1,36.55,223.36,1504.0,0.849,4.38,1979.2,0.593,Cambisols,Granite,Scrub,1602.6,1387.9,642.77
0,4.59,56.92,634.0,0.31,6.607,1809.4,0.973,Cambisols,Sandstone,Forest,1131.9,498.51,4934.88
0,69.44,17.96,2637.0,3.319,1.3,1939.8,0.922,Regosols,Shale,Scrub,3569.77,2397.68,1462.58
1,29.84,339.26,871.0,1.034,7.543,2238.0,0.757,Cambisols,Shale,Scrub,592.73,36.72,1210.27
0,47.07,291.7,2249.0,1.792,3.977,1492.1,0.549,Regosols,Quartzite,Scrub,3507.91,67.17,2532.65
1,40.76,72.51,1883.0,-1.226,5.718,1801.2,-0.122,Cambisols,Schist,Barren,28.0,376.68,3416.87
1,39.41,67.47,1992.0,-1.933,7.727,2108.3,0.156,Regosols,Phyllite,Barren,391.52,192.65,1285.6
0,23.27,211.7,1787.0,-3.079,6.879,1964.2,0.525,Cambisols,Quartzite,Forest,179.9,238.74,7910.16
0,5.28,56.02,343.0,1.714,6.912,1333.1,0.306,Fluvisols,Sandstone,Builtup,79.34,980.09,345.63
0,11.33,100.16,561.0,-2.853,9.004,1432.6,0.641,Cambisols,Alluvium,Builtup,70.95,81.76,7471.26
1,25.17,175.71,1625.0,-0.947,4.465,2108.2,0.513,Cambisols,Quartzite,Agriculture,79.5,706.55,280.04
1,34.57,307.16,1527.0,5.674,3.913,1777.2,0.522,Cambisols,Phyllite,Scrub,156.99,2074.2,1493.19
0,2.91,218.72,184.0,-0.805,6.825,1299.0,0.584,Cambisols,Alluvium,Agriculture,38.17,283.76,11125.16
0,26.59,350.13,3669.0,2.864,5.862,1270.7,-0.094,Cambisols,Granite,Barren,2811.54,1498.28,5033.9
0,0.77,-1.0,374.0,0.11,10.017,1432.6,0.449,Cambisols,Sandstone,Agriculture,25.85,169.1,2915.48
0,32.67,186.28,5564.0,0.118,4.739,1312.7,-0.197,Leptosols,Quartzite,Snow,651.43,294.55,6638.28
0,40.5,342.52,3873.0,-2.704,4.901,1459.2,-0.254,Leptosols,Gneiss,Barren,1671.92,126.41,2932.03
0,25.07,178.5,1407.0,-0.8,7.024,1809.4,0.772,Luvisols,Sandstone,Forest,1158.93,30.24,1703.71
0,43.89,337.55,1942.0,2.321,5.819,1801.2,0.102,Leptosols,Schist,Barren,5585.75,1357.5,4719.62
1,33.2,279.69,1337.0,-3.69,7.007,1801.2,0.359,Cambisols,Schist,Agriculture,228.34,217.13,5941.37
0,21.28,18.25,569.0,0.912,6.742,2433.2,1.0,Cambisols,Sandstone,Forest,1019.37,191.69,690.99
0,31.79,257.61,2908.0,2.125,3.703,1312.7,0.377,Regosols,Granite,Grassland,13584.9,1368.08,309.04
0,17.38,301.8,1114.0,0.714,4.579,2433.2,1.0,Regosols,Shale,Forest,3222.52,656.67,2128.69
0,7.08,65.67,480.0,0.017,3.891,1618.8,0.566,Fluvisols,Sandstone,Agriculture,150.65,402.89,121.11
0,10.84,182.79,766.0,-0.978,9.147,1809.4,0.701,Cambisols,Sandstone,Forest,2003.37,140.13,3609.44
0,49.21,109.77,3151.0,-4.257,6.543,1245.1,0.447,Leptosols,Quartzite,Grassland,3943.83,539.57,17950.65
1,27.2,340.47,1572.0,-0.934,6.147,1680.2,0.511,Leptosols,Schist,Scrub,124.42,55.4,133.8
0,36.61,143.27,4462.0,1.221,3.674,1459.2,-0.049,Glacier,Schist,Snow,733.61,370.95,4890.61
1,25.15,84.72,1324.0,0.417,4.179,1502.9,0.641,Cambisols,Shale,Forest,1309.69,2372.72,4034.45
1,38.14,299.94,1212.0,-4.334,6.281,2200.5,0.421,Leptosols,Schist,Agriculture,56.46,209.15,5487.54
1,40.79,150.49,1507.0,-4.253,8.175,1801.2,0.647,Regosols,Schist,Agriculture,210.41,153.0,3753.28
0,28.24,86.91,2324.0,0.299,4.081,1966.5,0.715,Regosols,Quartzite,Agriculture,623.41,771.85,609.85
0,27.64,159.71,1579.0,-1.751,5.734,1680.2,0.987,Regosols,Phyllite,Forest,563.43,124.35,2930.75
1,27.72,358.46,1496.0,1.316,5.77,2301.9,0.275,Cambisols,Phyllite,Agriculture,1285.62,714.56,1790.82
0,24.8,247.61,2166.0,0.766,6.593,1939.8,0.455,Cambisols,Schist,Forest,1107.93,1175.24,6815.19
1,21.36,230.21,1413.0,-0.093,6.416,1979.2,0.612,Leptosols,Phyllite,Agriculture,220.05,361.31,1882.18
1,42.99,2.68,1519.0,2.672,2.828,2087.3,0.82,Cambisols,Conglomerate,Agriculture,29.28,674.53,4167.1
1,30.84,352.6,1990.0,-1.778,7.296,1743.9,0.899,Luvisols,Quartzite,Forest,811.07,38.22,3884.58
1,30.4,103.29,2115.0,1.313,4.188,2279.6,0.34,Luvisols,Quartzite,Agriculture,240.94,68.03,1762.14
1,27.5,315.35,952.0,5.645,1.658,2200.5,0.104,Cambisols,Shale,Barren,500.51,191.13,3487.77
1,33.58,195.1,832.0,-0.519,5.66,2345.3,0.907,Luvisols,Sandstone,Scrub,629.66,1170.99,3240.12
1,45.25,149.99,984.0,0.795,4.557,2238.0,0.792,Cambisols,Sandstone,Forest,707.95,652.07,1902.51
0,21.49,314.81,1932.0,-0.466,4.094,2288.3,0.457,Cambisols,Phyllite,Agriculture,707.45,765.38,3090.01
0,14.0,323.9,855.0,-2.869,5.992,2345.3,0.796,Regosols,Shale,Forest,779.94,399.37,1426.16
0,1.58,20.9,389.0,-0.81,8.832,1432.6,0.599,Cambisols,Alluvium,Forest,689.49,53.82,17480.63
1,29.67,59.97,1920.0,-0.49,6.182,1763.3,1.0,Luvisols,Phyllite,Forest,2226.47,329.63,6261.57
0,28.93,334.46,1493.0,2.677,3.498,1680.2,0.93,Cambisols,Shale,Forest,2147.17,1959.73,8359.36
0,25.24,81.95,1722.0,-0.537,4.536,2429.7,0.725,Cambisols,Shale,Forest,200.15,1100.16,1391.59
1,31.97,336.09,1405.0,-2.089,4.488,2279.6,0.538,Leptosols,Quartzite,Agriculture,1032.82,523.46,396.25
1,39.38,307.05,1345.0,0.378,6.166,1743.9,0.391,Regosols,Quartzite,Builtup,867.97,90.51,1013.8
1,8.81,323.34,1561.0,-1.137,7.389,1812.7,0.818,Regosols,Phyllite,Forest,169.84,41.06,1076.84
1,35.19,97.51,1782.0,-1.358,9.606,2201.8,0.853,Cambisols,Quartzite,Forest,259.51,1.61,853.44
0,32.24,212.65,1879.0,0.582,4.658,1777.2,0.637,Regosols,,Agriculture,663.52,84.54,473.53
1,26.19,74.08,1767.0,2.261,5.572,1964.3,0.455,Cambisols,Phyllite,Scrub,779.46,10.5,921.0
0,46.66,193.34,1840.0,-0.024,7.252,1979.2,-0.032,Regosols,Granite,Barren,711.9,125.02,2460.36
0,25.06,212.57,779.0,-0.507,6.501,1804.3,0.98,Cambisols,Sandstone,Forest,7.51,7.36,874.56
1,37.2,125.5,1656.0,0.24,5.494,1761.1,0.227,Cambisols,Phyllite,Barren,15.88,1249.97,216.56
0,10.51,195.44,438.0,-0.018,8.76,2195.0,0.88,Cambisols,Shale,Forest,148.79,20.41,1186.41
0,25.06,114.76,1062.0,0.362,6.857,2288.3,0.891,Cambisols,Phyllite,Forest,1255.81,15.11,5560.27
0,46.61,223.82,1439.0,-2.136,5.894,2288.3,0.833,Cambisols,Phyllite,Forest,243.56,303.38,1980.34
0,7.49,134.33,1216.0,0.775,7.918,1982.4,0.838,Regosols,Shale,Forest,718.82,1.86,5942.79
1,37.27,97.69,1419.0,0.892,4.634,1979.2,0.565,Cambisols,Phyllite,Builtup,1.96,187.52,2070.71
0,18.27,46.91,2298.0,0.083,7.412,2279.6,0.406,Regosols,Schist,Agriculture,188.3,147.9,4230.21
0,0.48,-1.0,190.0,0.056,10.353,1432.6,0.56,Fluvisols,Sandstone,Agriculture,707.23,306.42,1250.95
0,14.44,319.1,1955.0,1.225,7.521,1763.3,-0.029,Luvisols,Limestone,Barren,578.63,65.4,1134.94
1,39.68,175.75,1359.0,1.06,6.928,2200.5,0.597,Cambisols,Phyllite,Scrub,1526.99,39.52,3280.24
0,2.23,220.52,416.0,0.47,7.656,1618.8,0.869,Cambisols,Alluvium,Forest,242.58,1276.26,5698.74
0,18.58,68.73,1913.0,0.981,5.481,2075.6,0.781,Cambisols,Phyllite,Scrub,1759.13,2291.29,2173.31
0,22.2,32.98,3700.0,1.772,7.375,1302.3,-0.113,Cambisols,Quartzite,Barren,1657.59,0.48,6294.8
0,43.76,97.63,775.0,-0.608,5.457,2087.3,0.748,Cambisols,Sandstone,Forest,2112.06,464.65,1549.78
0,18.0,183.14,884.0,0.303,5.304,2238.0,0.515,Cambisols,Sandstone,Forest,58.13,355.45,4958.28
1,36.01,162.63,1698.0,-1.828,4.974,2108.3,0.117,Regosols,Limestone,Agriculture,532.67,609.01,568.48
0,26.61,265.04,292.0,-0.072,3.73,2345.3,0.239,Regosols,Conglomerate,Agriculture,12.55,1426.94,1184.02
0,40.69,278.33,2859.0,-0.474,5.233,1141.7,0.281,Regosols,Gneiss,Grassland,3164.02,287.82,5937.64
0,17.0,145.11,863.0,-2.187,6.416,2195.0,0.898,Cambisols,Shale,Forest,445.79,41.78,423.93
1,35.39,295.36,2493.0,-5.734,7.854,1964.3,1.0,Regosols,Phyllite,Forest,528.72,411.49,2249.1
0,23.07,228.22,2619.0,-1.357,6.689,1921.7,0.523,Cambisols,Granite,Agriculture,368.93,499.61,489.24
1,43.63,312.32,2043.0,-0.754,6.494,1966.5,0.481,Leptosols,Quartzite,Agriculture,391.82,90.17,9733.17
1,29.43,184.84,2784.0,2.495,3.997,2075.6,0.625,Regosols,Phyllite,Scrub,885.48,2282.06,5248.01
1,28.56,67.94,1537.0,-2.87,9.916,2301.9,0.756,Leptosols,Phyllite,Forest,257.98,12.78,1291.85
0,15.76,102.08,1861.0,-1.001,6.389,1966.5,0.834,Luvisols,Granite,Forest,3152.03,200.84,526.59
1,32.28,133.77,1640.0,1.735,2.834,2108.2,0.722,Regosols,Limestone,Forest,583.79,1038.25,1313.95
0,33.38,183.63,1336.0,1.378,3.48,1921.7,0.701,Cambisols,Shale,Scrub,1891.51,1434.76,1046.62
1,38.52,42.54,3186.0,1.287,3.735,1371.6,0.03,Cambisols,Schist,Barren,2863.0,472.55,720.74
1,36.89,301.03,311.0,-0.152,7.265,2429.7,1.0,Cambisols,Schist,Forest,775.41,124.37,2086.79
0,17.76,51.54,861.0,-2.838,7.127,2433.2,0.026,Regosols,Sandstone,Builtup,222.66,58.71,343.97
0,27.1,82.25,1958.0,-1.86,8.215,1455.6,0.617,Leptosols,Quartzite,Forest,1460.06,177.73,627.67
0,39.04,31.73,4046.0,0.716,3.92,1177.5,0.567,Cambisols,Gneiss,Forest,17758.11,262.02,1041.86
1,33.59,314.87,518.0,-0.407,4.489,2429.7,0.147,Cambisols,Limestone,Barren,226.57,165.9,1609.04
0,23.67,162.85,2008.0,0.889,7.595,2201.8,0.745,Cambisols,Schist,Scrub,747.14,142.24,989.89
0,7.85,97.51,774.0,-0.259,6.62,1804.3,0.871,Cambisols,Conglomerate,Scrub,108.41,2902.43,634.32
1,32.4,69.39,1206.0,-2.325,6.09,1529.6,0.678,Regosols,Shale,Scrub,27.76,146.11,532.96
0,21.92,174.49,1024.0,0.225,7.232,1982.4,0.893,Cambisols,Conglomerate,Forest,145.05,267.66,3849.43
1,25.27,173.04,1551.0,0.716,6.292,1979.2,0.885,Luvisols,Phyllite,Forest,1305.1,261.47,343.6
0,52.87,172.19,2577.0,4.82,1.588,1455.6,0.476,Cambisols,Phyllite,Scrub,442.37,354.59,3883.56
0,65.88,93.92,3315.0,-1.399,4.583,1459.2,-0.069,Leptosols,Gneiss,Barren,25000.0,542.92,5170.38
0,20.46,162.51,1309.0,0.104,4.19,1680.2,0.693,Leptosols,Limestone,Forest,642.93,878.78,8392.31
1,42.73,73.39,980.0,-2.212,5.68,1706.0,1.0,Leptosols,Shale,Forest,62.35,329.96,247.44
0,25.79,277.72,1956.0,0.067,3.99,1352.4,0.215,Cambisols,Schist,Agriculture,318.24,602.84,681.31
0,49.72,224.93,3951.0,3.392,3.914,1132.9,-0.116,Leptosols,Quartzite,Barren,6053.14,432.0,8884.5
0,62.98,39.94,2030.0,1.922,4.699,1921.7,1.0,Cambisols,,Forest,471.64,603.78,833.76
1,33.76,108.82,816.0,-3.148,7.664,1804.3,0.756,Cambisols,Sandstone,Forest,146.06,203.62,1542.4
1,33.52,51.51,1510.0,-1.649,6.405,2200.5,0.731,Luvisols,Granite,Forest,884.66,81.43,2549.39
0,21.41,184.94,3589.0,0.43,8.021,1245.1,0.78,Leptosols,Schist,Forest,1502.07,66.47,4590.09
0,2.33,252.09,318.0,1.361,8.644,1691.4,0.664,Fluvisols,Alluvium,Agriculture,162.28,306.8,2591.36
1,15.1,213.68,1435.0,-1.358,5.505,1777.2,0.286,Regosols,Quartzite,Agriculture,143.08,23.83,382.31
1,21.75,168.32,1573.0,1.867,5.381,1777.2,0.926,Cambisols,Shale,Forest,1174.99,7.48,939.81
1,37.73,201.2,1713.0,0.579,5.241,2201.8,0.276,Cambisols,Shale,Agriculture,37.5,551.38,3142.28
0,19.94,64.37,4185.0,-0.161,5.24,988.1,0.819,Glacier,Gneiss,Forest,493.79,239.83,1342.28
1,39.6,102.95,1949.0,-3.16,5.436,1763.3,0.405,Regosols,Quartzite,Agriculture,344.5,38.65,2251.39
1,29.23,148.52,2008.0,2.137,3.917,2429.7,0.681,Cambisols,Phyllite,Scrub,900.51,88.31,2731.25
0,27.39,325.47,2978.0,1.416,4.606,1245.1,0.253,Leptosols,,Grassland,8541.49,462.84,320.71
0,28.96,26.96,5085.0,-0.194,5.308,1459.2,-0.174,Glacier,Schist,Barren,2728.15,286.16,573.53
1,20.05,161.43,1503.0,-0.754,8.461,1966.5,0.701,Luvisols,Phyllite,Scrub,1595.76,329.7,637.74
0,1.49,275.72,331.0,0.282,8.31,1333.1,0.76,Fluvisols,Alluvium,Agriculture,128.86,451.13,3193.66
0,27.87,140.76,1355.0,-0.195,7.531,1964.3,0.477,Leptosols,Schist,Scrub,640.42,138.05,1544.36
0,25.3,207.82,1917.0,2.045,4.701,1812.7,0.725,Luvisols,Phyllite,Scrub,90.49,671.3,5567.15
0,15.79,200.41,4372.0,3.181,4.443,1270.7,0.391,Leptosols,Schist,Forest,12865.15,230.72,7016.87
0,31.88,33.79,1758.0,-1.531,6.629,1455.6,1.0,Leptosols,Shale,Forest,801.16,118.65,131.17
0,61.27,335.81,1879.0,1.797,5.36,1964.2,0.879,Cambisols,Limestone,Forest,727.72,380.91,313.36
1,29.82,358.39,1431.0,0.795,4.191,1964.2,0.885,Cambisols,Granite,Scrub,253.51,733.66,708.76
0,2.01,105.28,378.0,-1.141,7.454,1299.0,0.528,Fluvisols,Sandstone,Agriculture,286.15,776.79,2762.54
1,22.12,162.52,2369.0,1.566,5.111,2075.6,0.528,Cambisols,Schist,Agriculture,1022.08,126.08,1351.05
0,51.72,43.6,3272.0,-4.027,5.716,1312.7,0.454,Leptosols,Gneiss,Grassland,5213.84,17.98,5289.38
0,33.21,242.95,3500.0,0.727,4.925,1177.5,0.553,Leptosols,Gneiss,Forest,3322.47,533.96,1058.57
0,25.37,293.27,1615.0,2.414,4.55,1954.2,1.0,Luvisols,Quartzite,Forest,65.37,413.2,7211.25
0,21.41,199.15,783.0,0.163,5.543,1982.4,0.878,Cambisols,Sandstone,Forest,46.09,341.77,496.93
1,23.33,146.66,1325.0,-2.184,8.15,2108.2,0.503,Regosols,Quartzite,Agriculture,7.24,79.06,7178.53
1,36.06,135.88,1755.0,-4.408,5.206,1492.1,0.374,,Phyllite,Builtup,268.88,217.73,3163.86
1,40.18,114.35,915.0,-1.733,5.649,2087.3,0.26,Cambisols,Conglomerate,Agriculture,50.91,49.61,516.22
0,35.42,141.18,1777.0,-0.209,4.423,2108.2,0.432,Regosols,Schist,Scrub,1055.25,324.43,2530.91
0,13.8,38.54,1307.0,0.866,6.352,2075.6,0.676,Cambisols,Quartzite,Forest,1016.32,490.4,1266.94
1,36.27,289.11,3348.0,1.47,5.022,1213.9,-0.044,Leptosols,Gneiss,Barren,1881.18,1669.48,1308.42
1,18.86,25.52,1103.0,-1.468,7.005,1804.3,0.932,Luvisols,Shale,Forest,419.02,317.44,83.8
0,28.53,5.03,1319.0,0.889,6.052,1680.2,0.936,Cambisols,Granite,Forest,6493.28,12.38,716.78
1,34.47,23.12,1931.0,-0.246,5.443,2200.5,0.55,Regosols,Quartzite,Agriculture,10.25,932.89,50.32
1,32.63,298.64,2606.0,1.669,4.979,2301.9,0.589,Cambisols,Phyllite,Forest,2897.92,93.73,487.87
1,34.34,12.21,1431.0,-0.798,5.603,1706.0,0.87,Regosols,Phyllite,Forest,78.24,189.28,144.92
0,26.08,353.1,1327.0,-0.556,6.971,1502.9,0.597,Regosols,Limestone,Agriculture,35.16,190.99,4864.33
0,10.1,70.55,1424.0,-2.48,10.065,1804.3,0.397,Regosols,Sandstone,Forest,560.91,2.8,851.37
0,49.03,1.09,4137.0,1.096,5.125,1213.9,0.327,Leptosols,Gneiss,Grassland,1899.17,1047.21,805.98
0,29.57,273.66,3399.0,-1.909,7.315,1371.6,0.703,Leptosols,Gneiss,Forest,5875.3,42.59,4226.79
0,29.37,103.9,1234.0,-0.248,4.825,1845.5,0.722,Luvisols,Conglomerate,Forest,6382.11,813.56,2758.7
0,6.23,235.81,346.0,0.463,8.275,1651.8,0.727,Fluvisols,Alluvium,Forest,205.75,18.0,12818.91
0,23.16,39.83,294.0,-1.64,6.838,2195.0,1.0,Cambisols,Conglomerate,Forest,1367.17,1178.55,968.2
1,38.43,250.36,1761.0,-1.928,5.357,1964.3,0.345,Leptosols,Phyllite,Builtup,295.29,324.73,65.84
0,13.68,160.09,1286.0,0.66,6.441,2000.6,0.769,Luvisols,Sandstone,Forest,5670.61,58.12,97.51
1,19.34,16.51,1043.0,-3.023,5.658,1809.4,0.571,Cambisols,Shale,Scrub,202.51,108.16,633.75
0,14.9,129.74,1316.0,1.345,4.988,1845.5,0.81,Cambisols,Sandstone,Forest,2276.48,439.56,10506.69
0,16.11,200.19,2372.0,-1.041,6.666,1777.2,0.415,Luvisols,Phyllite,Agriculture,399.49,273.82,7833.29
0,17.78,338.96,2410.0,0.745,6.688,1964.2,0.673,Cambisols,,Forest,673.08,1315.19,7648.95
0,19.07,113.03,1747.0,-0.469,5.715,1477.7,0.95,Regosols,Granite,Forest,706.97,151.15,1754.16
0,40.21,43.13,3076.0,-2.268,7.281,1371.6,-0.069,Leptosols,Gneiss,Barren,8677.45,62.22,271.45
1,33.3,189.08,1660.0,-2.781,7.531,2108.2,0.393,Cambisols,Shale,Builtup,100.92,68.66,2895.63
1,31.36,114.06,1290.0,0.743,3.173,2288.3,0.235,Cambisols,Shale,Agriculture,1621.44,494.76,6961.13
0,10.19,353.01,580.0,-1.687,8.219,1982.4,0.532,Regosols,Sandstone,Agriculture,1371.6,245.44,4530.28
0,30.71,251.06,3758.0,1.229,4.483,1514.4,0.733,Leptosols,Gneiss,Forest,6292.76,242.55,2816.68
0,39.09,3.2,3803.0,-1.512,5.416,1270.7,-0.109,Regosols,,Barren,5865.59,155.57,4565.91
0,27.5,107.89,2243.0,0.821,3.402,1177.5,0.196,Leptosols,Granite,Barren,6621.61,519.48,3822.84
0,38.07,187.1,2398.0,-1.005,5.377,1979.2,0.782,Leptosols,Schist,Forest,2433.52,276.01,1950.3
0,26.99,337.73,6305.0,-1.132,5.044,1312.7,-0.072,Regosols,Gneiss,Snow,7293.1,337.26,5491.27
0,16.32,81.39,724.0,0.967,5.167,1873.8,0.624,Cambisols,Sandstone,Forest,727.49,107.53,715.06
1,31.18,97.16,2111.0,-2.053,4.654,1763.3,0.767,Regosols,Phyllite,Scrub,3123.92,988.82,713.63
1,18.3,69.55,1422.0,-1.483,5.652,1743.9,0.515,Leptosols,Phyllite,Grassland,106.04,761.15,379.88
1,29.53,199.99,1578.0,3.946,4.782,2288.3,0.533,Cambisols,Quartzite,Scrub,814.6,588.07,263.42
1,43.76,319.02,2852.0,-4.025,6.475,1514.4,0.586,Leptosols,Gneiss,Forest,4568.94,76.4,2314.67
0,6.06,91.98,237.0,1.336,7.469,1691.4,0.725,Fluvisols,Alluvium,Forest,683.2,123.07,5953.94
0,12.93,324.45,704.0,-1.224,7.579,2331.4,0.394,Luvisols,Sandstone,Agriculture,1149.85,626.82,4766.95
0,12.56,94.31,848.0,-1.007,8.019,1845.5,0.878,Regosols,Shale,Forest,10448.17,664.94,460.47
0,52.4,46.23,3213.0,-0.401,5.748,1102.0,0.136,Leptosols,Gneiss,Barren,1270.2,234.12,12209.57
1,35.57,314.18,1432.0,-0.27,5.445,1352.4,1.0,Leptosols,Limestone,Forest,102.16,4.43,384.0
0,13.18,298.99,1539.0,0.748,8.458,2331.4,0.922,Luvisols,Sandstone,Scrub,15.74,108.78,1831.16
1,30.8,53.92,567.0,-0.864,5.476,2238.0,0.666,Luvisols,,Agriculture,27.39,153.12,598.55
1,31.26,230.63,2000.0,2.042,5.361,2429.7,0.504,Cambisols,Phyllite,Agriculture,102.0,145.41,4763.54
0,12.5,197.98,454.0,-0.464,5.927,1333.1,0.64,Fluvisols,Alluvium,Forest,200.82,1253.68,5347.25
0,31.49,346.99,735.0,-1.356,6.268,2331.4,0.832,Cambisols,Sandstone,Forest,1879.34,431.83,564.51
0,24.68,297.53,1604.0,-0.426,5.47,1102.0,0.427,Regosols,Gneiss,Grassland,3785.72,97.54,5302.59
1,29.12,86.01,1966.0,2.255,3.691,1743.9,-0.155,Cambisols,Shale,Barren,217.1,68.32,95.3
0,12.78,315.16,2496.0,-0.394,4.98,2429.7,0.84,Cambisols,Shale,Forest,406.52,1098.9,16385.16
1,29.82,138.7,1410.0,-2.363,8.816,1873.8,0.972,Regosols,Conglomerate,Forest,993.58,33.4,1694.4
0,31.57,248.69,1347.0,-3.192,6.774,1529.6,0.796,Cambisols,Granite,Scrub,2440.12,4.93,196.3
0,19.55,350.9,1233.0,0.051,4.852,2108.2,0.871,Leptosols,Quartzite,Forest,2348.58,51.05,175.02
0,32.24,174.53,3757.0,-0.167,4.709,1459.2,-0.156,,Gneiss,Barren,5083.45,813.59,1611.16
0,19.56,252.18,2018.0,0.298,5.111,1954.2,0.642,Leptosols,Quartzite,Grassland,5473.53,667.03,1657.26
0,11.17,17.66,898.0,-1.379,7.207,2238.0,0.789,Regosols,Sandstone,Forest,758.79,301.89,3228.53
1,45.32,53.15,1565.0,-2.334,5.496,2201.8,0.925,Regosols,Limestone,Forest,1444.38,4.02,300.37
0,32.54,129.11,2365.0,0.851,3.829,1979.2,0.525,Regosols,Limestone,Forest,1579.68,1550.69,4361.41
0,21.84,32.33,1380.0,-0.825,5.657,1845.5,0.97,Luvisols,Conglomerate,Forest,715.37,495.56,1510.54
0,28.46,329.44,507.0,-1.5,4.501,1845.5,1.0,Cambisols,Shale,Forest,501.62,483.15,1687.3
1,29.47,322.41,1738.0,0.556,4.69,1954.2,0.686,Cambisols,Shale,Scrub,187.74,69.85,161.23
1,26.09,265.63,1492.0,-0.327,6.633,2151.2,0.809,Cambisols,Shale,Scrub,2806.41,173.9,5953.24
0,19.0,223.99,1836.0,-0.318,5.479,1680.2,0.711,Leptosols,Schist,Scrub,2798.35,364.43,1395.36
1,37.35,6.13,1407.0,-1.899,4.993,2201.8,0.325,Luvisols,Limestone,Agriculture,153.61,229.61,4169.63
0,26.24,322.4,2795.0,-0.504,5.389,1245.1,0.068,Leptosols,Quartzite,Barren,5687.75,212.74,14729.5
1,21.51,79.68,1171.0,-1.37,6.678,1761.1,0.742,Cambisols,Phyllite,Agriculture,24.87,923.69,274.73
0,5.82,208.31,603.0,0.641,8.143,1845.5,0.743,Luvisols,Sandstone,Forest,1622.23,81.58,2701.53
0,21.0,15.13,2103.0,-1.77,4.379,1214.1,0.61,Regosols,Schist,Scrub,478.19,530.31,5376.8
0,40.84,132.37,1030.0,0.031,4.308,2301.9,0.734,Leptosols,Limestone,Forest,1533.28,274.75,5587.62
0,18.88,45.72,3790.0,0.171,4.912,1102.0,0.494,Regosols,Gneiss,Grassland,5852.42,1548.4,432.33
0,4.16,74.67,430.0,-3.136,9.575,1618.8,0.906,Fluvisols,Alluvium,Forest,70.03,0.64,23662.12
0,24.55,186.52,1355.0,2.313,3.214,1477.7,0.86,Luvisols,Limestone,Forest,283.26,932.94,555.76
0,36.74,157.01,1095.0,1.064,5.55,2433.2,0.699,Luvisols,Shale,Forest,4297.65,338.63,1387.11
0,9.54,157.4,375.0,0.086,6.967,1348.6,1.0,Fluvisols,Sandstone,Forest,640.77,299.69,7240.42
1,37.48,184.02,979.0,-1.347,4.518,2238.0,1.0,Luvisols,Sandstone,Forest,332.11,411.21,2451.2
1,38.89,38.02,1106.0,-3.582,6.493,1680.2,0.121,Cambisols,Shale,Builtup,15.19,36.96,32.58
1,33.38,82.6,1603.0,-3.072,5.409,1763.3,0.859,Leptosols,Schist,Scrub,114.5,241.13,52.87
0,34.4,295.54,1568.0,-0.196,5.226,1455.6,-0.095,Regosols,Shale,Barren,102.32,172.41,1184.44
1,35.3,76.87,1180.0,-0.497,5.933,1939.8,0.79,Regosols,Phyllite,Forest,3374.52,195.38,88.62
0,53.71,137.79,3944.0,-1.326,7.676,1213.9,0.763,Leptosols,Granite,Forest,15579.46,90.78,3921.51
0,45.6,61.01,894.0,1.09,5.61,1921.7,0.748,Leptosols,Quartzite,Agriculture,1251.43,167.05,2055.41
0,13.2,31.07,655.0,0.882,8.411,2195.0,0.442,Cambisols,Sandstone,Agriculture,52.61,60.0,3669.74
0,29.95,224.74,1264.0,1.932,5.393,1801.2,0.41,Cambisols,Limestone,Barren,435.26,131.65,721.09
1,38.52,133.23,1751.0,0.658,4.248,2201.8,0.071,Leptosols,Schist,Barren,2051.44,119.02,1685.62
1,37.77,307.86,1173.0,1.603,4.608,2279.6,1.0,Leptosols,Schist,Forest,351.87,166.42,551.43
1,27.32,309.44,1778.0,-1.535,5.142,1502.9,0.418,Leptosols,Limestone,Agriculture,134.69,373.64,505.58
1,27.38,228.64,2354.0,1.193,2.729,1966.5,0.714,Cambisols,Schist,Agriculture,400.72,750.42,2559.05
1,33.38,5.42,180.0,1.22,5.053,2200.5,0.643,Cambisols,Phyllite,Scrub,459.92,409.1,71.64
1,39.26,11.5,1476.0,0.095,5.225,2075.6,0.501,Regosols,Schist,Agriculture,123.72,104.49,2444.42
0,23.68,229.68,4965.0,2.403,6.368,1213.9,-0.264,Regosols,Granite,Snow,15738.28,297.93,6838.84
0,43.28,169.85,3362.0,0.208,5.148,1235.5,-0.008,Leptosols,Quartzite,Barren,25000.0,368.95,994.03
0,27.29,36.4,1380.0,-2.403,7.604,1845.5,0.878,Cambisols,Conglomerate,Forest,2098.16,162.59,4609.59
1,20.15,70.99,1305.0,-2.084,7.018,1845.5,0.545,Cambisols,Conglomerate,Forest,1086.43,26.49,1619.1
1,37.31,21.92,999.0,-0.33,5.492,2087.3,0.586,Cambisols,Shale,Agriculture,626.71,684.57,4177.29
0,21.7,212.91,1457.0,-0.446,6.873,1954.2,0.57,,Phyllite,Forest,2630.56,65.8,7440.49
0,30.29,336.25,5267.0,-1.136,4.636,1302.3,0.886,Leptosols,Quartzite,Forest,3154.76,818.43,5039.32
0,41.52,175.72,4197.0,0.706,7.8,1102.0,-0.027,Leptosols,Gneiss,Barren,6942.58,114.62,213.11
0,2.2,231.47,435.0,-0.074,7.519,1879.0,0.491,Cambisols,Sandstone,Agriculture,62.39,595.1,1769.23
0,12.54,192.86,1450.0,-0.04,7.891,2238.0,0.663,Cambisols,Shale,Agriculture,928.34,19.24,9507.53
0,24.9,298.93,1424.0,1.281,4.588,1477.7,0.507,Cambisols,Quartzite,Agriculture,242.38,277.18,12969.95
0,0.13,-1.0,180.0,-0.31,10.878,1333.1,0.743,Cambisols,Alluvium,Forest,1192.11,10.52,1229.13
0,17.74,275.64,2250.0,-0.385,6.167,1777.2,0.555,Cambisols,Schist,Scrub,1036.69,292.29,168.44
0,15.94,310.86,872.0,-1.008,6.506,2433.2,0.701,Regosols,Sandstone,Forest,1398.01,55.88,2165.74
0,1.43,217.72,180.0,-0.261,7.214,1333.1,0.681,Fluvisols,Sandstone,Forest,367.05,173.75,14009.22
0,15.43,135.98,615.0,-0.824,6.31,1873.8,0.55,Regosols,Sandstone,Agriculture,7.96,56.9,753.93
0,46.15,65.67,3784.0,-0.818,5.432,1270.7,0.707,Regosols,Schist,Forest,2073.45,478.39,11275.39
0,3.83,70.93,318.0,0.444,6.959,1618.8,0.811,Fluvisols,Alluvium,Forest,12.67,889.25,15351.69
1,35.82,150.83,1809.0,-4.414,8.32,1966.5,0.982,Cambisols,Phyllite,Forest,62.03,15.33,2505.84
1,36.36,169.05,1521.0,0.749,5.295,1964.2,0.955,Cambisols,Schist,Forest,389.37,853.57,1577.54
1,43.4,211.05,1114.0,0.965,5.78,1492.1,0.945,Regosols,Phyllite,Scrub,32.36,94.06,3665.21
0,48.34,148.06,4295.0,1.649,3.164,1102.0,-0.367,Cambisols,Gneiss,Snow,9376.2,2282.6,6906.9
0,12.93,186.32,4384.0,1.126,4.072,988.1,-0.019,Leptosols,Granite,Barren,8788.03,1731.53,13270.28
0,12.62,251.79,788.0,-0.69,7.457,1982.4,0.199,Cambisols,Sandstone,Builtup,1103.36,36.34,931.88
0,25.5,335.66,2067.0,-0.451,5.313,1939.8,0.472,Luvisols,Phyllite,Forest,1372.02,263.39,4528.66
0,11.24,272.83,1629.0,0.011,6.332,1964.2,0.174,Cambisols,Schist,Agriculture,262.19,2268.23,3318.54
1,30.61,195.8,1638.0,-2.982,6.04,2345.3,0.661,Cambisols,Sandstone,Agriculture,65.49,68.95,186.09
1,39.16,259.22,1318.0,-1.316,6.535,1763.3,0.567,Luvisols,Limestone,Scrub,2702.43,156.03,2728.92
1,39.1,211.88,1686.0,-1.824,5.57,1761.1,0.735,Leptosols,Shale,Forest,95.27,148.57,5048.49
1,32.8,101.97,2108.0,-5.887,9.863,1743.9,0.838,Cambisols,Limestone,Forest,2373.8,2.13,5044.83
1,20.76,263.3,1118.0,1.319,5.205,2433.2,0.744,Luvisols,Sandstone,Agriculture,243.94,69.48,3429.54
0,16.18,115.6,3353.0,-1.599,8.078,1031.6,-0.067,Leptosols,Gneiss,Barren,22524.06,94.43,16930.27
0,3.64,189.61,352.0,0.736,8.972,1432.6,0.269,Fluvisols,Alluvium,Agriculture,165.87,80.22,18292.02
1,33.26,133.77,1299.0,0.007,3.831,1939.8,0.23,Cambisols,Granite,Agriculture,450.36,1591.84,1259.62
0,19.47,212.95,1315.0,-1.673,8.373,1979.2,0.412,Leptosols,Limestone,Barren,116.02,39.21,5275.78
0,29.15,166.1,923.0,-0.566,5.519,1982.4,0.931,Luvisols,Sandstone,Scrub,726.17,94.41,1552.66
0,0.49,-1.0,303.0,-0.451,8.5,1299.0,0.639,Fluvisols,Alluvium,Agriculture,238.09,730.63,4321.05
0,46.42,263.87,2665.0,2.906,4.385,1477.7,0.792,Cambisols,Phyllite,Forest,3277.65,195.1,587.17
0,20.63,68.1,2589.0,-0.54,6.016,1954.2,0.887,Regosols,Quartzite,Forest,965.98,547.47,2028.93
0,27.31,199.05,1051.0,-2.506,6.525,1812.7,1.0,Luvisols,Phyllite,Forest,2188.63,303.84,951.61
1,30.44,357.29,1520.0,-1.971,6.72,2075.6,0.068,Regosols,Shale,Barren,671.24,164.87,256.36
1,32.41,194.03,1635.0,-3.2,7.33,1964.2,0.753,Cambisols,Shale,Agriculture,319.51,37.84,260.27
0,33.12,92.73,1167.0,-1.603,6.768,1680.2,0.871,Luvisols,Shale,Forest,143.92,891.39,307.09
0,13.74,61.6,263.0,-1.542,5.795,1879.0,0.332,Fluvisols,Alluvium,Agriculture,114.54,90.11,9143.83
0,57.35,284.74,1400.0,-1.055,5.239,2279.6,0.889,Cambisols,Granite,Forest,662.94,557.4,1805.2
0,27.56,68.75,2581.0,0.473,5.414,2288.3,0.609,Cambisols,Granite,Forest,567.95,191.12,211.85
0,39.13,36.25,2166.0,1.568,5.262,1514.4,0.19,Leptosols,Schist,Barren,4629.25,832.09,3710.42
0,3.17,190.7,490.0,0.407,8.74,1618.8,0.597,Fluvisols,Sandstone,Agriculture,140.48,476.79,4745.37
1,31.66,154.75,1709.0,-0.221,4.853,2201.8,0.42,Leptosols,Granite,Agriculture,76.91,604.76,3336.32
1,20.72,110.97,722.0,-1.586,5.085,2201.8,0.698,Cambisols,Phyllite,Forest,139.68,1263.37,4298.38
1,36.26,73.49,1370.0,-0.807,5.64,2108.2,0.791,Regosols,Limestone,Grassland,510.16,353.45,1682.97
0,17.96,252.87,1030.0,0.46,5.662,1845.5,0.741,Cambisols,Sandstone,Forest,2056.88,366.48,266.21
1,32.58,71.1,2231.0,2.225,1.842,1801.2,0.662,Leptosols,Phyllite,Forest,37.15,1396.12,4907.74
1,33.13,123.21,1962.0,0.383,5.944,2200.5,0.305,Cambisols,Limestone,Agriculture,519.34,427.22,1478.23
0,19.72,102.87,3790.0,3.972,4.794,1177.5,-0.369,Leptosols,Gneiss,Barren,590.81,2286.62,1103.89
0,35.4,42.41,4798.0,-1.688,4.849,1031.6,-0.269,Regosols,Granite,Barren,2528.16,325.18,1034.71
0,26.22,217.04,1472.0,1.187,5.761,1777.2,0.63,Cambisols,Shale,Forest,2928.06,613.62,1822.09
0,38.13,168.96,3564.0,3.03,3.344,1782.4,0.452,Leptosols,Gneiss,Grassland,3652.62,481.95,7052.62
0,45.69,335.29,1543.0,2.478,5.023,1492.1,0.394,Leptosols,Shale,Builtup,80.19,719.4,707.42
1,23.27,179.5,413.0,-1.622,6.408,2331.4,0.712,Luvisols,Sandstone,Scrub,5838.5,267.95,924.08
0,12.39,205.4,1890.0,0.526,5.838,1763.3,0.761,Regosols,Quartzite,Forest,465.69,282.64,1897.55
1,32.37,7.33,1519.0,-3.825,7.985,2200.5,0.545,Regosols,Granite,Agriculture,624.97,73.53,4333.83
1,31.41,182.72,2603.0,-0.555,5.652,1761.1,0.37,Regosols,Quartzite,Agriculture,159.21,168.82,975.99
0,7.02,36.14,328.0,-1.54,7.797,1651.8,0.539,Fluvisols,Alluvium,Agriculture,263.47,332.55,14512.85
1,28.5,246.71,1361.0,0.188,6.007,2201.8,0.684,Cambisols,Quartzite,Forest,4199.48,52.56,4517.33
0,19.19,348.6,3433.0,1.656,5.959,1270.7,-0.045,Regosols,Schist,Barren,231.31,260.84,1188.41
0,39.83,142.73,1985.0,2.829,3.686,1743.9,0.535,Leptosols,Schist,Agriculture,208.47,584.85,230.08
0,1.39,326.53,180.0,-0.061,9.717,1618.8,0.61,Fluvisols,Alluvium,Agriculture,261.48,500.43,22307.38
0,11.3,315.09,905.0,0.508,6.857,1845.5,0.457,Regosols,Shale,Agriculture,1474.29,351.48,4819.32
0,37.91,132.23,1601.0,3.089,2.511,1761.1,0.671,Regosols,Shale,Scrub,1842.6,1300.48,5556.9
0,21.53,300.3,1406.0,0.639,5.639,1455.6,0.862,Luvisols,Limestone,Forest,291.23,1690.57,19.62
0,24.53,114.91,991.0,-0.963,4.37,2331.4,0.36,Regosols,Shale,Agriculture,728.32,808.02,190.23
0,19.04,215.8,3425.0,-1.334,5.643,1102.0,0.045,Leptosols,Granite,Barren,8277.35,87.26,763.37
0,34.72,236.1,851.0,-1.832,6.793,1873.8,0.718,Cambisols,Shale,Forest,478.41,165.36,1419.08
0,1.15,50.69,339.0,1.023,8.605,1879.0,0.482,Fluvisols,Alluvium,Agriculture,40.2,188.81,22420.03
0,30.25,17.05,1430.0,-0.111,4.11,1921.7,0.346,Luvisols,Phyllite,Scrub,705.43,52.01,1645.91
0,28.73,207.84,5661.0,-0.316,6.992,1312.7,-0.53,Leptosols,Gneiss,Snow,3318.05,35.38,2333.32
0,39.76,111.61,676.0,1.341,4.243,1982.4,0.829,Luvisols,Sandstone,Forest,197.91,121.31,801.62
0,17.02,350.74,1614.0,1.187,6.533,1777.2,0.643,Cambisols,Limestone,Scrub,3784.21,129.13,5285.74
0,15.45,0.97,5932.0,2.819,5.709,1312.7,0.92,,Gneiss,Forest,17000.06,9.01,243.06
1,28.49,139.19,1056.0,-1.321,4.399,1939.8,0.494,Regosols,Phyllite,Agriculture,181.05,885.61,6960.89
0,42.33,210.95,1159.0,-0.081,5.154,1214.1,0.614,Cambisols,Shale,Forest,911.12,1136.41,633.13
0,37.28,300.97,445.0,-1.038,3.419,1845.5,0.588,Regosols,Sandstone,Forest,355.07,727.67,6445.16
1,33.41,13.04,913.0,-1.238,6.902,2087.3,0.548,Regosols,Sandstone,Agriculture,94.74,81.95,1234.82
0,2.01,296.44,305.0,-0.505,8.575,1879.0,0.921,Fluvisols,Alluvium,Forest,1264.57,131.09,532.19
1,34.27,157.28,2074.0,2.393,4.337,2201.8,0.633,Regosols,Limestone,Forest,205.2,148.8,926.08
0,42.13,138.9,2572.0,-5.995,7.833,1966.5,0.664,,Limestone,Grassland,3048.45,151.8,260.84
1,33.36,333.28,2729.0,-0.306,6.006,1763.3,0.561,Cambisols,Granite,Agriculture,1036.85,146.59,4267.81
1,36.5,252.65,706.0,-1.507,4.067,2301.9,0.838,Cambisols,Limestone,Forest,1345.2,257.46,2685.39
0,16.57,183.38,1688.0,-1.986,6.147,1529.6,0.767,Cambisols,Schist,Forest,424.34,147.28,612.71
1,38.58,117.5,1421.0,0.015,4.241,2151.2,0.514,Cambisols,Quartzite,Agriculture,952.17,322.22,1534.05
0,18.77,301.74,950.0,1.418,4.373,1966.5,0.43,Cambisols,Granite,Agriculture,198.92,2210.43,2205.85
0,20.86,293.71,1700.0,-1.01,6.504,1964.2,0.729,Cambisols,Quartzite,Forest,63.37,316.28,5277.65
0,1.18,188.82,514.0,0.905,6.671,1299.0,0.599,Fluvisols,Alluvium,Forest,229.28,306.23,1303.5
1,29.36,328.93,2069.0,-2.611,7.457,2279.6,0.048,,Shale,Barren,126.05,61.29,2050.27
0,21.18,174.32,2118.0,1.152,7.471,1492.1,1.0,Leptosols,Limestone,Forest,2034.45,51.5,17593.2
1,41.86,185.41,1802.0,1.777,4.613,1964.3,0.429,Cambisols,Phyllite,Agriculture,22.8,612.0,4570.41
0,1.78,344.3,335.0,1.858,8.271,1348.6,0.523,Fluvisols,Alluvium,Agriculture,6.71,281.68,2141.48
1,31.94,213.79,1884.0,-6.232,7.798,1921.7,0.908,Leptosols,Schist,Scrub,559.65,365.31,5216.03
0,19.1,283.48,4651.0,2.565,4.712,1031.6,-0.16,Leptosols,Gneiss,Snow,3.69,10.66,653.74
0,27.07,18.33,1697.0,-0.479,6.58,1964.3,0.875,Cambisols,Quartzite,Forest,1237.74,741.48,200.05
0,1.03,226.84,321.0,0.328,8.194,1879.0,0.871,Fluvisols,Sandstone,Forest,16.39,245.44,21557.58
1,41.43,161.15,1918.0,-1.605,5.47,2151.2,0.708,Leptosols,Limestone,Scrub,2706.1,9.7,807.0
1,32.99,175.55,1608.0,-3.644,7.014,2429.7,0.854,Regosols,Phyllite,Forest,281.08,57.68,6138.12
0,70.06,297.8,2747.0,6.526,1.3,1312.7,-0.212,Leptosols,Quartzite,Barren,1757.22,442.87,1373.07
1,39.02,169.7,591.0,3.922,3.447,2238.0,0.871,Regosols,Shale,Forest,73.65,45.4,1339.36
0,28.45,8.98,3265.0,-6.047,8.303,1213.9,0.015,Leptosols,Schist,Barren,25000.0,156.32,1690.39
1,31.05,159.13,1542.0,0.144,4.597,2201.8,0.684,Cambisols,Phyllite,Forest,792.26,336.84,2829.73
0,30.05,7.97,1979.0,4.719,3.917,1680.2,0.79,Regosols,Schist,Forest,200.66,528.89,3904.45
0,42.14,174.29,1505.0,-4.152,7.737,1214.1,0.786,Luvisols,Schist,Forest,1642.19,44.0,3423.4
1,51.23,196.76,1652.0,-1.406,4.5,2200.5,0.531,Regosols,Quartzite,Scrub,104.15,572.88,350.27
1,27.08,307.34,1368.0,-0.138,7.503,1939.8,0.852,Regosols,Schist,Forest,1463.01,18.71,990.3
0,39.52,262.12,1955.0,1.226,5.996,1455.6,0.946,Cambisols,Shale,Forest,226.97,59.06,627.57
1,17.91,305.45,1591.0,0.583,5.949,1966.5,0.974,Regosols,Phyllite,Scrub,420.32,478.9,849.4
0,21.54,185.32,591.0,-2.533,7.182,2195.0,0.502,Regosols,Sandstone,Builtup,884.71,804.61,125.14
0,29.46,63.5,902.0,-3.471,7.091,2108.3,0.647,Leptosols,Phyllite,Forest,1828.81,376.33,4061.71
0,66.37,356.36,3999.0,4.659,1.3,1429.8,-0.087,Leptosols,Quartzite,Barren,14233.37,1772.68,344.44
1,33.39,88.01,1877.0,-0.069,5.313,2200.5,0.816,Leptosols,Schist,Forest,88.25,255.66,3241.78
0,26.62,73.6,3446.0,1.838,3.486,1177.5,0.212,Regosols,Schist,Grassland,6350.58,295.49,2257.13
0,38.21,183.42,1637.0,-1.353,5.613,1761.1,0.703,Luvisols,Granite,Forest,3215.24,497.18,121.48
0,38.11,331.62,1088.0,2.244,3.115,1763.3,0.902,Cambisols,Schist,Forest,139.17,215.16,1536.91
1,49.96,103.36,1199.0,1.477,4.471,1845.5,0.608,Luvisols,Sandstone,Agriculture,383.05,190.03,1639.16
0,0.62,-1.0,246.0,-0.98,11.035,1691.4,0.532,Fluvisols,Alluvium,Forest,549.67,78.96,2357.02
0,33.12,134.79,1197.0,2.428,3.538,2200.5,0.57,Regosols,Quartzite,Agriculture,68.8,200.16,3095.67
0,28.09,21.78,2194.0,0.09,6.087,1801.2,0.492,Cambisols,Limestone,Agriculture,756.35,243.2,3414.93
1,31.04,297.53,935.0,-2.846,8.462,2331.4,0.956,Cambisols,Conglomerate,Scrub,3136.95,10.46,2793.18
0,26.73,74.49,3674.0,2.03,4.173,1245.1,-0.307,Leptosols,Granite,Barren,414.68,592.09,1825.12
0,47.73,319.53,4470.0,-0.684,5.967,1235.5,-0.25,Glacier,Gneiss,Snow,592.06,75.2,6660.19
0,30.1,349.26,2761.0,0.363,6.328,2200.5,0.926,Cambisols,Phyllite,Forest,2545.55,66.2,1376.64
0,6.45,90.7,494.0,1.204,6.826,1691.4,0.695,Fluvisols,Alluvium,Agriculture,77.08,1670.13,2862.52
1,26.58,296.29,2642.0,-1.027,5.532,2279.6,0.564,Leptosols,Phyllite,Scrub,274.06,582.46,278.06
0,21.18,97.1,1146.0,0.99,4.753,2433.2,0.478,Luvisols,Sandstone,Agriculture,216.74,679.75,1550.6
0,10.38,108.52,730.0,-0.511,6.196,1845.5,1.0,Regosols,Shale,Forest,2814.46,1362.94,4763.3
0,27.74,209.94,3329.0,1.268,4.023,1270.7,0.547,Regosols,Schist,Grassland,934.4,553.18,4378.69
0,48.05,143.93,1914.0,-2.213,7.042,1706.0,0.753,Cambisols,Limestone,Forest,94.86,178.42,1557.67
1,32.51,166.8,1698.0,-2.171,6.685,2201.8,0.921,Regosols,Limestone,Forest,1485.2,519.44,1941.79
0,14.45,221.97,1393.0,-0.123,5.175,1529.6,0.595,Cambisols,Quartzite,Forest,2036.03,358.42,6088.8
1,27.46,313.11,1651.0,-1.023,5.987,2075.6,0.534,Cambisols,Shale,Agriculture,263.43,28.89,2287.61
0,56.16,97.73,1925.0,2.191,4.171,1492.1,0.094,Luvisols,Schist,Agriculture,225.69,1766.93,4658.4
0,17.21,259.31,924.0,2.378,5.812,2331.4,0.741,Cambisols,Conglomerate,Agriculture,1108.04,298.22,2353.68
0,16.79,148.44,3465.0,-1.849,7.557,988.1,0.788,Regosols,Gneiss,Forest,3571.45,240.21,7752.7
0,45.94,112.91,1851.0,4.298,3.451,2429.7,0.662,Cambisols,Phyllite,Forest,1629.0,357.97,6299.63
0,27.13,253.65,2865.0,0.739,5.795,1245.1,0.481,Regosols,Gneiss,Grassland,14996.63,599.67,1031.33
1,31.51,348.01,2063.0,2.267,6.146,1352.4,0.153,Cambisols,Schist,Agriculture,752.09,411.74,6711.13
0,62.59,207.01,681.0,3.006,2.513,1801.2,0.895,Cambisols,Quartzite,Forest,905.18,207.91,939.36
1,33.61,292.59,1300.0,-0.435,6.039,2429.7,0.951,Leptosols,Shale,Forest,91.72,27.88,8408.5
1,39.45,221.89,2718.0,-4.313,7.557,2075.6,0.383,Leptosols,Phyllite,Agriculture,131.11,66.21,2249.57
0,35.6,88.0,2483.0,3.03,3.557,1177.5,0.313,Leptosols,Schist,Barren,7255.64,4137.32,2774.42
0,7.35,54.0,350.0,-0.232,6.299,2000.6,0.525,Regosols,Sandstone,Forest,875.59,1833.53,1395.57
1,27.12,331.99,1585.0,-2.198,6.194,2108.3,0.35,Cambisols,Quartzite,Agriculture,614.33,199.64,965.87
1,27.58,320.14,1849.0,1.13,4.232,1812.7,0.569,Cambisols,Phyllite,Agriculture,249.07,82.42,1771.24
1,29.78,242.13,1384.0,3.587,3.353,1939.8,0.866,Cambisols,Phyllite,Forest,182.94,57.94,6425.45
1,26.51,59.28,1482.0,2.303,3.824,1939.8,0.61,Cambisols,Quartzite,Scrub,120.36,261.65,3058.22
0,29.31,308.5,4842.0,0.046,5.022,1514.4,-0.364,Leptosols,Gneiss,Barren,7499.07,1171.78,5579.96
0,22.33,142.35,1930.0,-1.977,6.809,1352.4,0.882,Cambisols,Schist,Forest,621.82,61.14,636.2
0,21.43,218.98,1692.0,-0.312,8.196,2151.2,0.899,Cambisols,Schist,Forest,510.01,105.11,741.03
1,24.32,159.41,1561.0,-0.19,6.229,2151.2,1.0,Cambisols,Limestone,Forest,875.4,473.54,11976.83
0,21.39,331.9,877.0,-0.216,5.125,1777.2,0.431,Cambisols,Shale,Agriculture,315.95,1238.85,1608.6
0,34.91,235.87,1890.0,-1.46,5.976,1455.6,0.529,Cambisols,Quartzite,Scrub,19.51,435.23,1240.54
0,25.02,65.64,819.0,0.805,7.847,1502.9,0.432,Luvisols,Phyllite,Agriculture,306.8,1608.92,2753.48
1,50.65,233.5,1393.0,-2.446,4.627,2288.3,0.431,Regosols,Limestone,Agriculture,60.43,602.0,1043.47
0,41.97,51.34,930.0,-0.132,6.512,1939.8,0.557,Leptosols,Schist,Agriculture,426.94,565.05,2482.4
0,21.12,347.11,2188.0,-3.555,7.983,2279.6,0.784,Cambisols,Shale,Forest,859.46,271.34,2204.53
1,38.33,310.83,1885.0,-1.673,8.469,2108.2,0.582,Luvisols,Shale,Forest,348.17,145.8,7964.52
0,19.05,55.54,2868.0,-1.187,5.356,1964.3,0.698,Leptosols,Limestone,Scrub,253.13,328.32,5135.81
1,32.98,208.97,1465.0,-2.667,6.278,1477.7,0.262,Regosols,Phyllite,Builtup,1913.87,278.62,252.44
1,40.71,158.49,1738.0,-2.789,4.722,1966.5,0.947,Leptosols,Limestone,Forest,324.45,1558.58,4792.48
1,42.67,190.26,2640.0,0.992,3.313,2288.3,0.63,Cambisols,Limestone,Forest,39.59,330.84,2474.22
0,20.57,150.18,1971.0,0.924,6.363,1502.9,0.444,,Phyllite,Agriculture,70.43,110.6,18.78
0,39.71,207.12,1872.0,2.39,3.691,1706.0,0.786,Cambisols,Quartzite,Forest,508.17,1742.15,823.68
0,21.61,214.47,2558.0,-0.664,6.225,2151.2,0.313,Regosols,Quartzite,Agriculture,218.61,92.82,108.51
0,5.76,1.41,433.0,-0.373,6.941,1348.6,0.78,Cambisols,Alluvium,Agriculture,36.43,1034.14,40000.0
0,20.1,175.02,1584.0,3.491,4.918,1812.7,0.533,Cambisols,Quartzite,Forest,582.03,94.04,5063.39
0,24.97,215.21,941.0,0.89,4.799,2433.2,0.887,Luvisols,Sandstone,Forest,873.62,943.58,4223.19
0,39.98,107.91,3622.0,2.794,3.017,1459.2,0.052,Leptosols,Gneiss,Barren,2005.48,2432.9,7159.78
0,2.79,298.68,333.0,-0.107,7.942,1879.0,0.487,Cambisols,Alluvium,Agriculture,317.6,72.51,3295.54
0,4.06,258.64,498.0,-0.673,7.647,1691.4,0.909,Cambisols,Alluvium,Forest,358.24,29.86,5761.69
0,28.22,198.93,1857.0,0.423,6.427,1979.2,0.83,Regosols,Granite,Forest,994.83,335.61,7585.64
1,35.92,245.87,1305.0,-4.605,7.4,1812.7,0.746,Cambisols,Shale,Agriculture,243.28,161.2,2232.38
0,22.5,243.09,2016.0,-0.743,7.437,2301.9,0.748,Cambisols,Shale,Forest,476.68,957.59,773.97
1,16.83,136.24,1530.0,1.451,5.406,1763.3,0.471,Regosols,Shale,Scrub,4964.27,1345.62,3696.9
1,24.36,286.84,873.0,-0.806,8.125,2087.3,0.903,,Shale,Forest,714.24,10.27,817.69
0,20.71,251.88,1349.0,3.01,3.602,1743.9,0.703,Leptosols,Limestone,Forest,541.23,410.36,139.34
0,29.35,95.52,1374.0,0.251,6.103,2301.9,0.741,Regosols,Phyllite,Forest,1664.64,122.01,20082.35
1,37.83,250.17,1650.0,-0.045,5.645,1801.2,0.841,Cambisols,Granite,Scrub,90.63,241.73,3936.28
0,39.81,76.62,1791.0,0.457,5.452,1743.9,0.122,Cambisols,Phyllite,Barren,6.04,97.06,17072.23
1,20.78,125.65,1235.0,0.621,4.335,1809.4,0.879,Regosols,Shale,Forest,438.13,483.47,7036.83
0,29.43,154.32,4966.0,0.994,5.053,1270.7,0.442,Glacier,Schist,Forest,2973.93,483.89,4245.8
1,42.35,91.3,1702.0,-2.493,7.299,2075.6,0.594,Cambisols,Phyllite,Agriculture,503.49,26.54,1914.37
0,41.79,164.69,2563.0,1.474,3.071,1529.6,0.664,Regosols,Quartzite,Forest,187.95,1251.61,13766.38
0,31.28,272.58,1797.0,1.334,2.905,1743.9,0.791,Regosols,Shale,Forest,1450.26,182.49,1884.52
0,50.12,197.55,1912.0,0.448,3.209,1502.9,0.557,,Granite,Agriculture,32.66,469.75,158.36
0,17.26,255.97,1685.0,-0.266,5.302,1492.1,0.778,Regosols,Granite,Forest,463.79,659.35,330.22
0,0.99,-1.0,514.0,0.223,8.166,1691.4,0.7,Fluvisols,Alluvium,Agriculture,128.08,1099.59,14763.84
0,11.43,182.77,1540.0,-0.368,6.698,1352.4,0.998,Cambisols,Granite,Forest,2601.81,251.87,109.8
0,67.24,300.58,1623.0,-0.864,4.453,1743.9,0.78,Cambisols,Schist,Forest,1597.68,27.26,6101.27
0,30.01,85.81,1368.0,0.717,3.08,2108.3,0.788,Cambisols,Shale,Forest,726.95,414.62,2573.68
0,34.62,175.25,3919.0,3.919,3.928,1102.0,-0.354,Regosols,Granite,Barren,3849.86,591.6,226.43
1,24.92,13.91,1732.0,-1.781,6.134,1979.2,0.757,Leptosols,Quartzite,Scrub,80.15,221.98,3006.86
0,34.8,10.43,1810.0,-1.441,6.042,1761.1,0.119,Regosols,Limestone,Builtup,97.47,949.05,4609.2
0,10.49,156.9,2070.0,-0.725,8.884,2288.3,0.905,Regosols,Limestone,Forest,1066.73,3.77,926.16
0,2.87,224.13,462.0,-1.14,9.729,1691.4,0.297,Fluvisols,Alluvium,Builtup,65.68,1719.89,469.72
1,31.36,152.81,2042.0,-5.839,6.572,2108.2,0.671,Cambisols,Schist,Forest,648.58,92.88,709.55
0,13.02,112.16,1250.0,-3.35,7.768,2108.2,0.614,Leptosols,Shale,Agriculture,29.07,351.85,1169.61
0,17.36,123.9,1698.0,-3.296,8.8,1706.0,0.343,Cambisols,Limestone,Agriculture,935.49,49.67,2905.3
0,46.11,9.43,1960.0,-2.0,5.759,1964.3,0.692,Leptosols,Phyllite,Forest,607.66,165.65,3139.09
0,22.88,266.8,1091.0,1.07,4.584,1982.4,0.798,Cambisols,Conglomerate,Forest,279.99,122.9,191.88
0,24.88,352.89,2295.0,0.246,8.409,1529.6,0.762,Leptosols,Shale,Scrub,823.72,7.46,1442.51
0,34.73,15.22,1941.0,-0.276,4.974,2429.7,0.901,Leptosols,Quartzite,Forest,493.9,557.16,4155.77
0,30.98,114.06,2043.0,1.058,4.519,2108.2,0.88,Regosols,Phyllite,Forest,784.1,1381.11,3733.74
1,29.02,69.77,2276.0,2.135,5.053,1964.2,0.589,Regosols,Phyllite,Agriculture,138.78,174.92,8642.26
0,28.01,77.37,1197.0,-1.527,5.038,1921.7,0.599,Cambisols,Phyllite,Builtup,484.02,779.34,1655.69
0,15.62,55.54,599.0,3.279,6.681,1982.4,0.87,Luvisols,Conglomerate,Forest,315.77,2.18,241.2
1,37.08,190.72,1068.0,1.818,2.015,1804.3,0.356,Regosols,Sandstone,Builtup,4.35,177.1,108.03
1,32.22,62.4,1969.0,2.26,3.994,2301.9,0.703,Cambisols,Quartzite,Forest,2205.61,1195.51,582.11
0,4.05,174.32,445.0,-0.401,8.697,1618.8,0.651,Cambisols,Alluvium,Agriculture,35.69,331.43,6306.3
0,17.02,43.26,2944.0,0.148,7.208,1235.5,0.332,Leptosols,Granite,Grassland,20673.14,530.43,5413.86
1,19.93,41.68,1293.0,-0.849,8.106,2200.5,0.798,Luvisols,Phyllite,Forest,839.79,141.0,13125.41
0,51.33,184.8,1708.0,-2.478,8.617,1964.2,0.865,Regosols,Schist,Scrub,153.1,1.07,2120.08
1,36.25,280.27,317.0,-3.14,6.993,2429.7,0.987,Cambisols,Shale,Scrub,239.18,256.76,467.01
0,4.29,270.13,277.0,-0.319,5.375,1299.0,0.326,Fluvisols,Sandstone,Agriculture,161.59,1580.93,533.96
0,60.44,181.69,1892.0,-1.034,4.772,1492.1,0.435,Leptosols,Limestone,Grassland,311.47,32.2,2342.48
0,43.56,95.72,4100.0,-1.701,4.266,1514.4,0.314,Glacier,Gneiss,Grassland,12358.68,161.47,334.43
1,27.4,257.42,1454.0,0.184,5.245,1352.4,0.33,Luvisols,Phyllite,Scrub,208.2,182.79,295.83
0,42.5,331.14,1991.0,0.334,5.701,1706.0,0.445,Leptosols,Limestone,Builtup,201.57,56.22,3494.55
1,39.72,157.7,1425.0,3.276,3.252,1966.5,0.121,Regosols,Phyllite,Builtup,1636.55,865.9,1433.72
0,44.37,42.95,2133.0,-0.789,4.813,1680.2,0.808,Regosols,Quartzite,Forest,3230.87,20.16,31.42
1,31.73,25.25,1730.0,-0.075,3.323,1964.2,0.637,Cambisols,Quartzite,Forest,1518.89,448.2,379.12
1,36.29,86.32,1566.0,0.823,4.371,1921.7,0.531,Regosols,Phyllite,Agriculture,31.33,170.39,4629.35
1,26.82,221.17,1057.0,-0.755,4.517,1845.5,0.86,Regosols,Sandstone,Forest,177.95,401.74,2896.36
1,34.78,257.8,1989.0,-0.726,5.431,1680.2,0.473,Cambisols,Limestone,Agriculture,524.19,125.85,4531.23
1,39.91,196.7,1931.0,3.858,1.3,1801.2,0.743,Regosols,Phyllite,Forest,215.17,1455.79,1785.21
0,26.42,347.61,2064.0,-0.697,4.689,1235.5,0.461,Leptosols,Gneiss,Grassland,5080.66,1178.96,681.29
1,30.44,76.89,4328.0,-1.172,5.954,1514.4,0.018,Leptosols,Schist,Barren,7281.81,403.65,1279.03
1,26.49,91.42,1221.0,-2.398,7.737,2433.2,0.771,Cambisols,Sandstone,Scrub,491.32,87.22,3148.32
0,28.71,343.39,2452.0,-3.375,7.877,1743.9,0.641,Cambisols,Schist,Forest,318.42,10.31,167.49
0,2.98,346.36,401.0,0.551,7.352,1333.1,0.298,Fluvisols,Alluvium,Agriculture,97.23,211.82,3832.86
1,38.65,318.23,1537.0,2.324,3.599,1964.3,-0.209,Cambisols,Shale,Barren,49.51,572.59,256.96
0,20.86,54.28,1476.0,0.075,6.77,1801.2,0.735,Luvisols,Quartzite,Scrub,2718.84,474.0,1559.89
1,40.33,281.7,1926.0,-2.271,6.512,1979.2,0.796,Cambisols,Schist,Scrub,1502.41,19.8,4491.08
0,33.2,359.26,2335.0,2.508,5.701,1763.3,0.611,Cambisols,Quartzite,Forest,2239.92,500.35,7125.97
0,33.61,240.83,2050.0,3.669,2.059,1706.0,0.625,Cambisols,Schist,Forest,201.2,393.23,1877.42
1,35.09,10.11,1278.0,-1.371,7.607,2279.6,0.826,Leptosols,Schist,Forest,2050.92,15.99,446.34
1,28.61,26.78,2643.0,-0.251,4.954,2108.2,0.571,Leptosols,Phyllite,Scrub,926.07,169.37,422.73
0,22.72,325.37,1723.0,-1.076,5.393,1964.2,0.64,Luvisols,Schist,Agriculture,400.28,470.8,1110.32
0,20.22,335.05,1306.0,-1.504,6.777,1706.0,0.899,Cambisols,Phyllite,Forest,1887.47,1265.85,4091.32
1,39.78,5.53,2098.0,0.18,6.111,2151.2,0.402,Luvisols,Phyllite,Agriculture,2140.4,463.07,3732.95
0,32.0,337.11,4187.0,-3.996,6.344,1245.1,0.07,Leptosols,Schist,Barren,1719.74,352.0,11940.24
1,31.29,72.13,1897.0,0.761,5.407,2288.3,0.731,Leptosols,Quartzite,Forest,317.12,133.55,2090.3
1,33.76,323.4,1877.0,-0.156,6.818,1706.0,0.489,Leptosols,Shale,Agriculture,67.53,30.95,3781.33
1,31.36,191.09,1929.0,1.04,5.093,2108.2,0.215,Cambisols,Schist,Agriculture,53.84,1005.31,11.83
0,27.84,158.91,4183.0,1.852,5.302,1102.0,-0.289,Cambisols,Granite,Snow,18422.98,42.28,5316.53
0,24.65,13.54,1837.0,-1.803,6.397,2301.9,0.769,Cambisols,Phyllite,Forest,2483.34,354.58,1108.67
0,32.01,212.76,3783.0,0.073,5.187,1429.8,0.441,Leptosols,Gneiss,Grassland,3981.27,1515.65,239.56
1,36.91,15.17,1698.0,-4.753,7.4,1812.7,0.244,Leptosols,Schist,Agriculture,298.12,397.43,172.24
1,33.94,146.78,2081.0,-3.662,5.015,1477.7,0.377,Leptosols,Limestone,Agriculture,874.02,64.78,4794.39
1,27.71,153.07,1213.0,-1.106,5.76,2345.3,0.736,Cambisols,Conglomerate,Forest,1564.2,69.11,15.87
0,45.11,132.47,3346.0,-1.563,5.505,1177.5,0.233,Leptosols,Gneiss,Grassland,769.36,246.83,2262.37
0,45.74,199.47,1678.0,-2.255,7.301,1921.7,0.058,Cambisols,Limestone,Barren,1281.04,157.04,4980.91
0,0.88,-1.0,480.0,-1.037,9.758,1432.6,0.681,Fluvisols,Sandstone,Forest,121.5,55.35,2916.25
0,24.6,53.7,1571.0,-0.41,6.296,1979.2,0.545,Cambisols,Quartzite,Scrub,285.73,45.97,3848.88
1,29.05,49.47,830.0,3.81,4.296,2331.4,0.981,Regosols,Sandstone,Forest,969.92,921.18,606.3
0,27.88,218.25,4315.0,-3.773,7.876,1514.4,-0.202,Regosols,Schist,Barren,14081.34,165.67,1177.67
1,35.73,14.97,2086.0,-2.547,7.404,2108.3,0.781,Leptosols,Quartzite,Forest,112.6,16.92,1104.65
1,30.64,161.59,757.0,-0.382,5.938,2195.0,0.827,Cambisols,Sandstone,Scrub,100.96,99.52,313.01
1,23.35,167.49,1181.0,-1.627,6.198,2345.3,0.957,Cambisols,Shale,Forest,55.68,209.89,2670.79
0,29.36,356.15,3362.0,2.207,4.537,1245.1,0.072,Leptosols,Granite,Barren,3195.86,931.13,2665.08
1,42.88,327.26,2366.0,-3.283,5.52,1812.7,1.0,Leptosols,Schist,Forest,165.44,133.45,770.37
1,24.01,156.45,1816.0,-3.298,7.008,1492.1,0.366,Regosols,Shale,Agriculture,667.14,657.95,105.18
0,23.98,108.96,593.0,2.202,2.233,2429.7,0.981,Cambisols,Shale,Forest,3120.8,206.92,473.75
0,24.77,123.71,652.0,-1.875,6.249,1982.4,0.566,Cambisols,Conglomerate,Agriculture,3224.56,232.25,6058.33
0,50.01,225.94,1177.0,2.106,4.044,2195.0,0.856,Cambisols,Shale,Forest,718.33,838.72,136.15
0,1.84,142.87,457.0,0.829,7.275,1348.6,0.481,Fluvisols,Sandstone,Agriculture,467.61,287.44,5280.98
0,17.78,263.39,1468.0,-0.389,6.502,2200.5,0.457,Leptosols,Quartzite,Agriculture,657.32,117.62,1345.72
0,43.85,178.5,1872.0,2.534,3.72,2288.3,0.538,Leptosols,Limestone,Forest,521.37,82.85,3388.67
0,38.02,353.93,4775.0,3.761,3.855,1132.9,0.429,Cambisols,Gneiss,Grassland,1111.26,231.04,8256.89
1,31.41,87.12,1635.0,-1.934,8.248,2200.5,0.468,Leptosols,Quartzite,Agriculture,362.17,468.39,2623.14
1,32.73,151.12,2210.0,-1.624,7.534,2108.2,0.542,Leptosols,Quartzite,Agriculture,296.2,57.31,1963.38
1,28.37,241.59,766.0,-4.008,8.696,2195.0,0.419,Regosols,Sandstone,Agriculture,429.61,53.79,2695.16
0,39.42,116.77,4058.0,-2.008,5.906,1245.1,-0.011,Glacier,Gneiss,Snow,4266.74,283.84,6509.13
0,43.26,261.84,4677.0,-0.955,6.47,1302.3,0.546,Glacier,Gneiss,Forest,863.32,201.3,537.2
0,31.38,244.01,3388.0,2.119,6.051,2108.2,0.175,Regosols,Quartzite,Agriculture,1061.06,285.5,355.75
0,30.94,323.45,3633.0,-2.541,5.047,988.1,-0.49,Regosols,Quartzite,Barren,6485.26,329.06,268.97
0,32.7,144.74,1902.0,0.963,4.917,1680.2,0.65,Cambisols,Limestone,Forest,397.44,82.21,939.15
1,36.54,36.59,1876.0,-0.534,5.836,1966.5,0.707,Regosols,Phyllite,Forest,232.12,63.71,590.12
1,23.67,205.06,1276.0,-0.583,7.25,1804.3,0.16,Regosols,Sandstone,Agriculture,462.56,881.64,2883.33
1,42.55,196.32,706.0,-3.573,8.283,2429.7,0.713,Regosols,Quartzite,Forest,378.89,1.56,135.88
1,32.15,311.62,1153.0,-2.03,6.133,2238.0,0.471,Cambisols,Sandstone,Builtup,78.49,190.33,3836.69
0,8.77,347.01,2473.0,-0.118,5.709,1492.1,0.59,Leptosols,Limestone,Forest,840.72,303.56,764.03
0,18.83,29.03,1187.0,1.362,5.671,2151.2,0.665,Luvisols,Quartzite,Forest,762.94,111.8,1202.29
0,1.99,36.03,247.0,0.183,6.496,1299.0,0.611,Cambisols,Alluvium,Forest,72.85,766.63,5844.9
1,21.08,75.2,1181.0,-3.631,4.045,2288.3,0.796,Regosols,Schist,Agriculture,521.56,171.03,574.7
1,36.85,345.62,1587.0,-3.011,9.372,1873.8,0.76,Regosols,Shale,Forest,1836.08,15.27,1667.34
1,25.74,14.74,1429.0,-2.197,5.657,2279.6,0.139,Leptosols,Limestone,Barren,967.93,281.0,1426.82
0,23.19,351.33,782.0,-2.475,5.8,1804.3,0.605,Luvisols,Shale,Forest,1660.26,194.31,279.32
0,23.05,287.96,814.0,-1.008,4.966,2075.6,0.875,Regosols,Phyllite,Forest,1764.26,186.63,1492.4
1,35.91,29.79,1279.0,2.503,5.015,2201.8,0.694,Cambisols,Quartzite,Scrub,1662.73,183.77,687.22
0,13.0,235.24,1133.0,0.492,5.659,1873.8,1.0,Regosols,Sandstone,Forest,213.07,822.79,878.26
1,33.01,6.86,1971.0,-3.934,7.028,1921.7,1.0,Leptosols,Phyllite,Forest,1452.98,237.84,4443.62
0,18.99,97.16,3272.0,1.672,5.673,1245.1,0.534,Regosols,Quartzite,Forest,8234.88,300.19,736.72
0,30.44,299.78,3532.0,1.984,5.549,1514.4,0.235,Leptosols,Quartzite,Grassland,12066.21,124.52,2051.22
1,27.23,194.25,1130.0,1.453,4.644,2151.2,0.873,Leptosols,Phyllite,Forest,1553.52,184.16,1739.98
1,34.12,164.3,998.0,-1.221,5.381,2429.7,0.428,Cambisols,Schist,Agriculture,693.3,66.72,3086.36
1,26.85,142.76,1683.0,-0.342,4.046,2201.8,0.516,Cambisols,Phyllite,Scrub,2173.16,709.36,23034.58
0,23.98,63.79,1766.0,-1.568,6.062,1214.1,0.828,Regosols,Phyllite,Agriculture,1216.3,542.97,56.49
0,41.78,188.13,2820.0,-3.061,8.144,988.1,-0.119,Leptosols,Schist,Barren,7258.71,375.93,2734.05
0,38.48,237.08,678.0,-0.568,4.529,1477.7,0.575,Cambisols,Shale,Forest,265.55,1712.65,699.17
1,27.85,155.99,2670.0,-4.31,8.092,1921.7,0.477,Regosols,Phyllite,Forest,1493.0,269.92,395.96
0,19.38,337.32,3850.0,0.955,6.207,1371.6,0.435,Regosols,Gneiss,Grassland,454.79,56.12,9646.61
1,30.92,2.4,1469.0,-0.746,4.327,2288.3,0.259,Leptosols,Quartzite,Barren,541.76,71.0,227.41
0,21.36,93.34,4789.0,-1.174,7.084,1302.3,0.426,Leptosols,Gneiss,Grassland,471.57,122.22,161.54
0,21.07,255.27,1554.0,-0.673,8.176,2201.8,0.782,Cambisols,Phyllite,Forest,2151.22,50.07,2525.45
1,33.11,42.58,2058.0,-2.509,7.646,2151.2,0.671,Cambisols,Quartzite,Agriculture,951.94,677.28,637.46
0,57.36,339.3,1561.0,-1.584,3.157,2075.6,0.625,Regosols,Phyllite,Scrub,624.64,625.76,4497.91
0,23.08,216.35,485.0,-0.289,4.986,2195.0,0.691,Cambisols,Conglomerate,Forest,2013.4,1399.93,7406.81
0,29.51,345.76,450.0,1.416,6.482,2429.7,0.937,Cambisols,Quartzite,Agriculture,436.8,4.03,10988.11
0,23.88,79.54,2550.0,1.118,6.801,2151.2,0.503,Cambisols,Limestone,Forest,3683.47,277.05,2828.49
1,31.45,15.0,1480.0,-2.609,6.838,2075.6,0.975,Cambisols,Quartzite,Forest,2778.48,50.89,995.96
1,36.76,341.32,948.0,3.258,3.327,2331.4,0.608,Regosols,Conglomerate,Builtup,248.23,1621.61,2442.24
0,0.99,-1.0,180.0,-1.782,8.119,1618.8,1.0,Fluvisols,Alluvium,Forest,111.82,534.74,12924.8
0,0.88,-1.0,180.0,-0.341,7.457,1879.0,0.524,Fluvisols,Sandstone,Agriculture,31.02,376.08,1917.59
1,27.5,102.39,1612.0,-2.331,7.828,2288.3,0.909,Regosols,Phyllite,Scrub,1099.51,0.04,1570.14
0,3.08,15.21,505.0,-0.571,8.41,1299.0,0.532,Fluvisols,Sandstone,Agriculture,10.27,209.78,4141.22
0,15.56,355.41,1548.0,0.818,5.848,1706.0,0.901,Leptosols,Quartzite,Forest,495.37,403.83,8539.53
0,19.01,111.66,2520.0,2.134,5.831,1954.2,0.509,Luvisols,Limestone,Agriculture,1371.15,337.96,1727.37
1,29.06,273.26,2275.0,-1.341,4.661,2288.3,0.246,Cambisols,Quartzite,Builtup,651.05,701.61,6534.72
0,12.56,134.43,2632.0,0.724,6.589,1177.5,0.667,Leptosols,Quartzite,Forest,9877.93,222.33,95.0
0,12.7,138.84,1804.0,0.955,7.745,2288.3,0.323,Regosols,Limestone,Grassland,353.05,19.52,750.62
0,0.72,-1.0,215.0,-0.885,9.031,1879.0,0.893,Fluvisols,Alluvium,Forest,2147.15,24.13,40000.0
1,34.71,337.68,954.0,4.171,4.267,1477.7,0.674,Regosols,Phyllite,Forest,278.13,681.67,636.65
0,16.76,340.2,1839.0,1.045,5.054,2200.5,0.637,Luvisols,Granite,Agriculture,102.58,191.36,1884.22
0,12.58,223.99,435.0,-0.492,7.078,2195.0,1.0,Cambisols,Shale,Forest,16.93,161.1,3166.01
0,42.89,100.49,2598.0,0.037,6.346,1102.0,0.923,Leptosols,Granite,Forest,9674.37,114.71,7532.07
0,30.78,196.16,2033.0,-0.988,5.335,1132.9,0.131,Leptosols,Schist,Barren,463.09,78.65,9214.94
1,31.76,294.43,1697.0,-4.403,6.213,1763.3,0.764,Cambisols,Limestone,Forest,130.06,28.74,2109.38
0,35.33,340.08,962.0,-0.33,5.504,1777.2,0.697,Regosols,Limestone,Forest,2306.42,413.47,5660.94
0,30.0,330.18,1935.0,1.21,5.436,1455.6,0.664,,Phyllite,Scrub,211.76,51.16,1294.39
0,15.92,98.89,2011.0,0.104,5.78,1964.2,0.641,Leptosols,Shale,Scrub,3068.77,24.16,7877.59
1,30.25,136.17,1539.0,-1.691,6.325,1964.2,0.539,Cambisols,Shale,Agriculture,544.56,253.24,2068.71
0,45.22,264.32,440.0,0.97,4.843,1809.4,0.497,Cambisols,Sandstone,Scrub,70.58,112.72,982.62
1,21.58,20.54,1641.0,-2.453,8.392,1477.7,0.238,Luvisols,Phyllite,Builtup,359.79,140.24,1689.56
1,26.1,149.01,1586.0,-0.114,5.051,2108.3,0.011,Regosols,Shale,Barren,1253.39,1951.17,3846.75
1,43.22,353.23,1491.0,-2.768,7.38,2151.2,0.875,Cambisols,Shale,Forest,1233.63,17.05,56.61
1,27.77,268.82,1366.0,-0.491,3.931,2301.9,0.824,Cambisols,Phyllite,Scrub,1402.49,176.47,1185.12
0,24.58,17.81,1858.0,-0.537,6.215,2075.6,0.661,Luvisols,Limestone,Forest,804.68,693.16,1547.85
1,27.78,56.58,1035.0,2.311,4.934,1845.5,0.906,Regosols,Conglomerate,Forest,349.08,154.04,8779.2
1,34.89,270.51,1695.0,1.211,,1966.5,0.292,Leptosols,Phyllite,Barren,1498.23,573.4,2099.29
1,37.44,102.03,1787.0,-0.659,5.553,2108.3,0.498,Cambisols,Shale,Agriculture,58.69,135.8,523.2
0,32.33,346.84,831.0,-0.54,5.946,2331.4,0.972,Regosols,Sandstone,Forest,319.54,1695.88,502.27
0,39.66,278.73,1047.0,0.058,5.48,2345.3,0.749,Cambisols,Sandstone,Scrub,21.36,2162.24,149.26
1,32.49,212.64,1643.0,1.841,2.485,2429.7,0.911,Leptosols,Quartzite,Forest,562.24,1549.94,523.34
0,39.76,224.52,2153.0,-0.374,6.892,1812.7,0.917,Leptosols,Shale,Forest,286.86,12.48,1579.62
0,11.51,231.81,4546.0,0.551,5.655,1177.5,0.427,Glacier,Gneiss,Grassland,1623.38,3339.1,4375.03
0,34.44,212.27,1954.0,-1.403,4.979,1214.1,0.619,Cambisols,Schist,Forest,118.6,598.75,2148.81
1,33.88,39.06,1174.0,0.783,4.697,1761.1,0.956,Leptosols,Phyllite,Forest,336.72,1591.32,478.62
0,19.66,121.23,1276.0,1.427,6.193,1873.8,1.0,Luvisols,Sandstone,Forest,69.65,300.77,564.4
0,9.14,267.2,474.0,0.875,3.915,1618.8,0.379,Cambisols,Sandstone,Agriculture,248.65,757.55,4293.73
0,43.29,23.25,4594.0,0.964,4.184,1141.7,-0.06,Leptosols,Quartzite,Barren,6864.03,419.55,2221.45
1,37.72,141.17,1400.0,-1.585,5.532,2301.9,0.988,Cambisols,Schist,Scrub,1444.78,348.43,2185.12
0,27.62,227.15,3928.0,4.26,4.307,1310.2,0.129,Regosols,Granite,Barren,1736.74,566.06,5889.47
0,38.76,89.44,2417.0,2.717,3.358,1954.2,0.69,Cambisols,Phyllite,Forest,1075.56,652.16,3067.92
1,27.48,332.24,1637.0,0.194,5.589,2279.6,0.802,Cambisols,Quartzite,Scrub,98.33,427.7,864.34
1,18.74,313.55,1773.0,0.228,5.117,2279.6,0.454,Cambisols,Quartzite,Agriculture,498.54,891.14,659.5
0,43.97,134.4,4153.0,-1.034,5.268,1235.5,0.047,Leptosols,Gneiss,Barren,1124.86,82.0,1461.82
0,17.4,15.92,338.0,3.367,3.035,2087.3,0.941,Cambisols,Shale,Forest,854.77,179.59,1223.7
0,43.06,116.85,1491.0,-1.366,4.889,1477.7,0.672,Leptosols,Phyllite,Forest,689.82,1036.6,6849.97
0,20.62,324.24,1227.0,0.014,5.379,2288.3,0.695,Leptosols,Schist,Forest,1382.87,137.33,3340.28
1,38.22,59.57,1850.0,-3.795,5.958,1979.2,0.708,Regosols,Shale,Agriculture,908.23,275.45,3776.58
0,29.63,257.05,3464.0,0.721,6.414,988.1,-0.06,Leptosols,Granite,Barren,4939.74,38.99,774.04
0,36.03,281.78,3594.0,3.015,3.979,1459.2,0.336,Regosols,Granite,Grassland,2486.09,706.33,3335.53
1,37.86,121.8,1075.0,-2.11,5.775,2200.5,0.634,Leptosols,Shale,Agriculture,230.62,170.84,336.22
1,51.05,211.19,2356.0,-1.543,7.403,2201.8,0.74,Regosols,Limestone,Agriculture,255.33,202.33,1362.12
0,47.32,106.62,4762.0,-5.247,8.019,1235.5,-0.185,Cambisols,Gneiss,Barren,14111.62,25.45,1691.69
0,47.99,85.67,2328.0,0.584,2.681,1921.7,0.905,Cambisols,Shale,Forest,1233.27,561.08,6065.95
0,27.94,352.62,5559.0,-0.38,4.81,1429.8,-0.145,Leptosols,,Barren,4681.81,340.33,3856.99
0,4.76,209.77,347.0,2.038,6.802,1618.8,0.585,Fluvisols,Alluvium,Agriculture,409.21,1711.41,1521.42
0,28.35,250.08,4535.0,2.865,3.821,1270.7,1.0,Glacier,Gneiss,Forest,14411.14,1824.19,833.38
0,25.54,36.92,1028.0,-0.238,5.592,1966.5,0.592,Leptosols,Limestone,Scrub,731.46,698.18,2620.53
0,17.43,329.95,1871.0,-0.734,6.577,1743.9,0.845,Regosols,Granite,Forest,604.25,418.44,2831.09
0,26.24,143.35,1553.0,-2.062,7.483,2200.5,0.847,Cambisols,Schist,Forest,1080.66,70.49,242.73
1,30.56,64.91,594.0,-4.494,9.422,2331.4,0.964,Cambisols,Sandstone,Forest,3315.34,109.95,722.65
1,44.63,227.32,1274.0,2.398,4.898,2201.8,0.87,Leptosols,Shale,Forest,488.51,181.16,2465.87
1,46.47,172.41,1654.0,-3.743,5.857,1801.2,0.208,Leptosols,Shale,Agriculture,412.75,85.15,1299.54
0,11.93,122.38,1580.0,-0.105,5.122,2279.6,1.0,Regosols,Granite,Scrub,1855.14,16.48,1743.23
0,46.84,0.88,4207.0,3.447,3.292,1213.9,0.515,Leptosols,Schist,Forest,4356.62,585.29,5856.21
0,48.42,187.37,831.0,-2.371,6.302,1352.4,0.636,Leptosols,Limestone,Forest,285.68,371.37,5795.07
1,8.06,93.56,707.0,-1.617,8.151,2433.2,0.64,Cambisols,Shale,Forest,639.19,114.65,626.79
0,32.42,311.25,1536.0,0.62,5.544,1777.2,0.668,Leptosols,Schist,Forest,18.56,248.16,119.9
0,22.44,27.13,2809.0,2.983,5.741,1529.6,0.422,Luvisols,Phyllite,Builtup,430.45,2062.42,845.65
1,25.74,104.6,1507.0,-1.155,6.053,1954.2,0.826,Leptosols,Quartzite,Forest,123.26,628.73,98.41
0,68.97,287.93,3427.0,-6.503,5.965,1310.2,0.787,Leptosols,Schist,Forest,11723.15,64.73,2926.18
0,28.94,349.23,4456.0,0.493,6.902,1459.2,-0.229,Regosols,Gneiss,Snow,3033.04,541.83,10317.46
0,20.83,166.02,3585.0,0.177,4.967,1132.9,0.025,Regosols,Gneiss,Barren,15831.54,519.24,7121.33
0,13.19,103.36,882.0,0.39,8.37,2238.0,0.843,Cambisols,Sandstone,Forest,1329.64,6.82,3109.14
0,49.63,320.87,1998.0,-1.83,3.812,2108.3,0.77,Cambisols,Limestone,Scrub,5686.12,260.94,4299.24
0,0.87,-1.0,392.0,0.111,10.917,1651.8,1.0,Cambisols,Alluvium,Forest,2.45,10.78,17096.1
0,35.56,118.0,3682.0,-0.931,5.639,1132.9,-0.174,Leptosols,Schist,Barren,1291.08,57.02,24803.9
0,28.51,118.32,5066.0,-3.762,7.246,1782.4,0.819,Regosols,Schist,Forest,4190.14,14.52,708.5
1,32.26,135.31,1389.0,-1.043,6.666,2279.6,0.826,Cambisols,Quartzite,Scrub,727.98,100.39,1528.29
0,8.41,285.09,1128.0,0.846,7.736,2433.2,0.917,Regosols,Sandstone,Forest,3528.5,36.1,4548.65
1,47.52,127.26,1413.0,-2.051,6.2,2200.5,0.984,Leptosols,Quartzite,Forest,1669.17,187.17,3576.02
0,2.38,116.69,415.0,0.374,6.464,1651.8,1.0,Fluvisols,Alluvium,Forest,292.61,616.47,171.86
0,40.51,217.4,1738.0,-2.91,6.407,2200.5,0.238,Cambisols,Phyllite,Agriculture,538.36,30.24,815.81
0,14.89,86.42,760.0,0.174,6.785,2000.6,0.91,Luvisols,Sandstone,Forest,2656.79,51.43,3298.9
1,50.85,15.77,1339.0,4.717,4.635,2075.6,0.737,Leptosols,Quartzite,Scrub,3118.52,48.7,692.2
0,75.0,347.09,3964.0,2.035,2.284,1459.2,-0.119,Leptosols,,Barren,1243.84,1682.77,21762.38
0,24.2,295.92,582.0,2.204,3.819,2000.6,0.348,Regosols,Shale,Agriculture,338.41,752.79,372.64
0,47.88,228.33,2193.0,-4.837,7.441,1743.9,0.483,Cambisols,Schist,Grassland,286.44,219.04,4865.27
0,23.18,140.73,1907.0,1.107,6.54,2288.3,0.713,Regosols,Phyllite,Forest,1528.47,15.25,743.17
1,17.75,158.88,1238.0,-0.868,8.523,1939.8,0.415,Regosols,Quartzite,Agriculture,600.42,10.17,274.09
0,14.73,322.95,1838.0,-0.397,7.916,1777.2,0.926,Leptosols,Limestone,Forest,3037.35,274.19,2106.02
0,26.36,79.56,2358.0,-2.01,7.644,1763.3,0.955,Cambisols,Quartzite,Forest,954.98,64.68,271.95
0,19.03,197.08,794.0,3.207,3.616,2433.2,0.272,Cambisols,Sandstone,Agriculture,80.02,1087.37,376.24
1,30.01,345.57,1259.0,-1.429,5.148,2301.9,0.435,Regosols,Schist,Agriculture,37.93,93.16,2948.36
1,39.27,288.22,710.0,3.534,4.987,2087.3,0.727,,Shale,Forest,3.88,296.62,371.88
0,10.32,7.82,3197.0,-0.113,7.618,2200.5,1.0,Cambisols,Limestone,Forest,757.88,102.8,3539.8
0,14.12,154.28,811.0,-2.0,5.311,1982.4,1.0,Regosols,Conglomerate,Forest,602.2,517.62,1452.7
0,40.48,268.21,4429.0,-0.563,7.766,1310.2,-0.142,Leptosols,Quartzite,Barren,4272.24,24.73,561.84
1,38.85,226.24,1409.0,-2.708,6.573,2301.9,1.0,Cambisols,Granite,Forest,2951.64,236.96,869.35
1,36.74,39.91,2153.0,-3.406,5.788,2288.3,0.757,Cambisols,Limestone,Forest,60.15,609.3,826.25
0,6.9,223.01,742.0,-1.416,6.534,1804.3,0.91,Regosols,Sandstone,Forest,495.32,339.37,180.3
0,43.6,67.24,2481.0,-1.755,5.882,2108.3,0.679,Leptosols,Phyllite,Forest,375.96,24.41,3785.63
0,33.02,134.59,1866.0,3.157,2.654,1812.7,0.522,Regosols,Quartzite,Scrub,35.11,362.09,2358.68
0,33.02,152.07,1846.0,1.466,5.776,1777.2,0.811,Cambisols,Shale,Scrub,3075.15,309.35,8650.53
1,26.14,64.34,1193.0,2.143,4.7,2288.3,0.182,Leptosols,Schist,Barren,135.4,318.13,4021.02
1,24.94,110.37,2111.0,-0.097,6.38,2075.6,0.481,Cambisols,Phyllite,Agriculture,46.15,108.9,626.29
0,19.38,245.43,1541.0,-2.363,5.756,1873.8,0.529,Regosols,Conglomerate,Agriculture,133.2,804.31,275.13
0,13.93,233.19,2243.0,2.945,5.93,1812.7,0.726,Cambisols,Shale,Scrub,559.29,176.98,660.53
0,17.23,36.52,296.0,1.559,3.646,1873.8,0.844,Luvisols,Sandstone,Forest,1564.52,149.94,1377.76
0,47.91,145.29,2539.0,1.337,2.159,1477.7,0.576,Cambisols,Quartzite,Forest,233.77,230.15,1646.05
0,22.36,134.83,1262.0,0.132,6.424,1743.9,0.865,Luvisols,Limestone,Forest,4949.73,223.93,4041.73
0,16.52,255.48,663.0,3.078,5.479,2238.0,0.757,Luvisols,Shale,Scrub,2508.76,3873.8,536.66
0,9.04,127.14,316.0,-1.279,7.401,1333.1,0.573,Fluvisols,Alluvium,Agriculture,105.45,24.78,996.37
0,2.72,122.37,533.0,-0.701,8.099,1618.8,0.393,Cambisols,Alluvium,Agriculture,7.71,71.88,22306.45
1,42.96,280.33,1830.0,-0.111,5.744,2200.5,0.593,Regosols,Limestone,Agriculture,28.03,5.64,1005.93
0,27.96,273.37,2540.0,0.905,5.36,1939.8,0.103,Cambisols,Granite,Builtup,333.58,204.61,377.45
0,29.35,331.91,2901.0,0.428,4.312,1782.4,-0.085,Leptosols,Gneiss,Barren,2617.54,478.26,4602.04
0,46.1,39.47,2354.0,-0.504,4.667,1964.3,0.741,Leptosols,Shale,Scrub,152.03,153.48,1186.48
0,20.81,182.65,2653.0,0.68,3.638,1132.9,-0.099,Regosols,Gneiss,Barren,2485.39,374.5,2949.62
1,37.65,57.23,2423.0,-1.09,5.983,1214.1,-0.117,Leptosols,Schist,Barren,3370.48,103.01,5003.62
0,31.56,8.04,5158.0,0.171,3.696,1310.2,-0.029,Cambisols,Gneiss,Barren,7206.89,922.38,1112.58
1,29.19,99.04,2413.0,3.862,5.054,1939.8,-0.072,Luvisols,Phyllite,Barren,501.05,112.44,2888.33
0,12.84,268.01,1630.0,1.081,5.984,2301.9,0.846,Cambisols,Shale,Forest,1407.65,3513.72,5840.7
0,14.88,183.82,774.0,-0.738,5.085,2279.6,0.976,Cambisols,Schist,Forest,206.29,1157.43,1811.46
0,21.21,283.16,1442.0,-1.62,6.923,1455.6,0.158,Leptosols,Quartzite,Agriculture,2059.99,341.8,6241.28
1,36.57,96.66,1981.0,1.146,5.004,2108.2,0.687,Cambisols,Phyllite,Scrub,3297.06,356.76,1933.85
0,36.58,238.21,2387.0,1.084,3.75,1213.9,0.0,Leptosols,Gneiss,Barren,2917.41,481.71,2222.75
0,51.9,353.36,4433.0,1.036,5.416,1132.9,0.41,Regosols,Quartzite,Grassland,10493.9,919.2,1189.56
0,38.1,36.81,2381.0,-3.496,5.06,2201.8,0.653,Cambisols,Limestone,Scrub,1685.98,451.21,6035.2
0,15.12,287.75,2442.0,-4.085,7.531,1964.3,0.217,Cambisols,Granite,Builtup,153.66,11.28,339.95
0,43.45,168.98,821.0,-5.549,7.022,1845.5,0.514,Regosols,Conglomerate,Forest,4927.1,67.04,343.98
0,53.28,59.74,1835.0,-1.139,4.727,2279.6,0.745,Cambisols,Quartzite,Forest,451.87,247.94,1539.27
1,35.6,120.94,1370.0,0.373,7.367,1939.8,0.869,Cambisols,Quartzite,Forest,1195.46,12.72,24.0
0,15.93,33.76,895.0,0.253,7.92,2238.0,0.73,Cambisols,Sandstone,Forest,1777.5,1286.27,164.1
0,28.75,167.79,4780.0,1.089,5.41,1302.3,0.52,Cambisols,Gneiss,Forest,819.72,1396.87,2182.48
0,6.32,167.52,329.0,1.012,7.661,1432.6,0.637,Fluvisols,Alluvium,Agriculture,333.32,71.37,3979.23
0,50.46,75.96,2482.0,2.459,4.729,1782.4,-0.089,Leptosols,Granite,Barren,25000.0,593.27,2989.3
0,15.18,4.91,790.0,-1.845,8.042,2195.0,0.923,Cambisols,Sandstone,Forest,1.51,83.3,6139.48
0,8.02,141.0,3959.0,0.879,7.42,1132.9,0.637,Leptosols,Gneiss,Forest,362.05,65.94,5727.61
1,31.55,28.26,1391.0,-1.771,6.723,2238.0,0.743,Cambisols,Shale,Forest,791.83,19.51,1087.32
0,2.66,21.08,257.0,0.437,5.663,1691.4,0.481,Fluvisols,Alluvium,Agriculture,126.65,438.07,8940.32
0,22.79,2.52,1335.0,0.312,7.022,1873.8,0.86,Cambisols,Shale,Forest,104.64,623.84,654.29
0,37.53,251.15,1900.0,-1.121,5.271,1964.3,0.435,Leptosols,Phyllite,Builtup,576.25,154.48,1424.81
0,38.71,192.19,959.0,-0.271,4.318,1804.3,0.592,Luvisols,Shale,Agriculture,420.34,1371.77,192.77
1,36.07,300.98,2594.0,-2.774,5.887,1459.2,0.069,Leptosols,Schist,Barren,13749.22,333.73,12726.85
0,42.2,340.69,2934.0,3.214,1.944,1429.8,0.451,Cambisols,Granite,Grassland,7646.38,273.68,3083.35
0,33.82,48.95,1117.0,3.763,3.608,2301.9,0.436,Regosols,Quartzite,Builtup,312.59,472.03,1411.33
0,33.28,338.48,3695.0,3.177,5.99,1459.2,-0.259,Regosols,Gneiss,Barren,21860.76,150.53,1696.41
0,24.75,33.8,2892.0,1.651,4.63,2279.6,0.862,Luvisols,Quartzite,Forest,3363.88,587.01,2451.45
0,49.5,291.91,1331.0,1.501,3.329,1477.7,0.342,Cambisols,Phyllite,Builtup,204.29,791.12,2066.54
0,2.19,232.65,326.0,-1.572,11.18,1651.8,0.681,Fluvisols,Alluvium,Agriculture,104.3,91.97,5956.75
0,35.82,351.47,1578.0,0.631,4.254,2151.2,0.807,Luvisols,Quartzite,Forest,92.77,696.49,826.65
1,30.6,331.05,710.0,-0.109,4.465,2000.6,0.714,Luvisols,Shale,Forest,184.04,1226.4,11401.25
0,17.76,159.0,1039.0,0.545,4.766,1680.2,0.856,Regosols,Schist,Forest,434.12,388.02,3994.95
0,31.18,47.68,1759.0,2.235,4.105,2301.9,0.801,Cambisols,Limestone,Forest,1286.51,332.38,3931.1
1,32.92,227.65,2049.0,-0.38,4.95,2429.7,-0.159,Leptosols,Quartzite,Barren,263.87,138.74,867.2
1,38.59,48.87,1711.0,-0.029,5.503,2301.9,0.772,Leptosols,Limestone,Forest,444.69,107.56,440.34
0,15.57,315.45,3064.0,0.621,7.688,1966.5,0.227,Luvisols,Quartzite,Builtup,1012.19,528.53,469.28
1,35.7,265.23,1980.0,1.076,4.408,1477.7,0.219,Regosols,Limestone,Agriculture,29.52,192.1,55.94
0,37.98,150.62,2013.0,2.357,2.224,1921.7,0.29,Regosols,Granite,Agriculture,20.83,2327.79,3007.84
0,12.38,88.69,707.0,-0.805,7.578,2041.1,0.577,Cambisols,Sandstone,Scrub,834.85,1049.92,274.78
0,34.58,158.67,973.0,-0.865,5.847,1982.4,0.442,Cambisols,Conglomerate,Agriculture,209.94,825.45,1363.83
0,36.75,343.99,5156.0,3.097,4.573,1371.6,0.404,Cambisols,Quartzite,Forest,8640.62,794.07,524.67
1,36.54,227.31,1105.0,-0.567,5.537,2429.7,1.0,Regosols,Phyllite,Forest,2755.5,165.08,4.13
0,27.85,260.73,468.0,0.277,3.829,2433.2,0.953,Cambisols,Sandstone,Forest,2792.93,1073.04,1816.52
0,7.97,109.78,953.0,-0.584,7.634,1804.3,0.802,Regosols,Sandstone,Forest,844.56,134.37,1619.76
1,38.23,241.58,1755.0,1.082,3.324,2279.6,0.867,Regosols,Quartzite,Forest,1036.46,821.63,3714.52
1,34.98,278.24,1109.0,0.618,4.383,2000.6,0.557,Cambisols,Sandstone,Agriculture,130.78,463.75,985.12
1,27.69,346.77,1014.0,-1.345,6.037,2041.1,0.872,Regosols,Sandstone,Agriculture,39.89,147.06,2185.98
1,32.02,320.59,766.0,-3.121,7.678,2195.0,0.822,Regosols,Shale,Forest,93.08,156.82,9415.61
0,39.91,34.4,1824.0,2.069,3.378,1492.1,0.608,Cambisols,Phyllite,Forest,724.46,457.4,8354.18
1,56.95,6.86,1930.0,-2.963,4.725,2108.2,0.837,Luvisols,Schist,Forest,621.2,739.09,5444.79
1,29.09,200.34,522.0,-1.247,6.739,2331.4,0.452,Cambisols,Sandstone,Agriculture,1071.66,585.65,322.43
0,24.71,145.39,1569.0,-3.6,7.561,1801.2,0.552,Cambisols,Limestone,Grassland,283.29,4.55,1671.07
0,75.0,308.57,3222.0,-2.873,7.484,1213.9,0.383,Leptosols,Schist,Grassland,7671.92,59.19,3430.11
0,40.17,263.08,2163.0,1.133,5.55,,1.0,Leptosols,Phyllite,Forest,1001.32,734.33,15.12
0,20.07,27.77,2523.0,1.257,4.936,1514.4,0.093,Regosols,,Barren,25000.0,46.72,3240.85
0,25.43,213.34,1196.0,1.005,8.189,1680.2,0.568,Cambisols,Shale,Forest,2179.79,113.54,872.72
0,23.89,129.72,1383.0,3.116,4.741,1979.2,0.884,Regosols,Quartzite,Forest,1232.19,778.03,5246.84
0,52.66,268.3,3397.0,1.694,5.443,1782.4,0.278,Cambisols,Schist,Barren,10433.2,1265.41,4482.38
1,23.04,238.84,1494.0,-2.881,7.017,1939.8,0.727,Luvisols,Quartzite,Forest,189.02,225.37,246.17
0,26.67,10.73,1340.0,-1.072,5.353,2041.1,0.767,Cambisols,Shale,Forest,2262.4,599.54,5348.06
0,38.62,281.99,3055.0,-2.345,7.853,1235.5,-0.139,Leptosols,Granite,Barren,10325.07,54.2,848.73
0,30.07,127.96,2881.0,-4.168,6.408,2201.8,0.594,Regosols,Limestone,Scrub,1.98,169.28,1800.35
0,39.89,215.25,1134.0,-0.088,6.16,1763.3,0.742,Cambisols,Schist,Grassland,122.65,62.26,145.41
1,22.16,183.42,1168.0,0.258,7.002,1777.2,0.841,Leptosols,Phyllite,Forest,48.19,151.01,3476.66
0,32.67,218.9,849.0,1.011,5.735,2195.0,0.691,Luvisols,Sandstone,Forest,4818.78,520.84,1457.13
0,15.58,149.22,3115.0,-1.386,7.012,1310.2,-0.167,Leptosols,Granite,Barren,5333.55,356.13,5690.09
1,34.03,148.99,2189.0,-1.196,5.97,2429.7,0.078,Cambisols,Phyllite,Barren,8.76,324.73,1130.28
1,29.49,156.71,1033.0,3.714,5.209,1214.1,0.724,Regosols,Limestone,Forest,31.42,290.58,102.07
0,33.53,17.31,1726.0,0.302,6.103,2200.5,1.0,Regosols,Granite,Forest,230.76,32.72,4346.12
1,47.65,227.46,2125.0,-8.069,10.257,1477.7,0.819,Leptosols,Phyllite,Scrub,807.7,61.25,6267.95
0,30.64,22.42,4256.0,1.753,3.763,1102.0,-0.083,Leptosols,Gneiss,Barren,206.85,524.65,334.15
0,47.97,315.45,2921.0,4.24,1.604,1245.1,0.281,Leptosols,Gneiss,Barren,5408.46,2163.97,8197.19
0,45.81,167.84,2247.0,1.136,3.476,1459.2,0.559,Cambisols,Granite,Forest,5391.41,501.28,2468.98
0,50.45,131.68,1841.0,-4.937,7.299,1706.0,0.724,Leptosols,Quartzite,Forest,1609.48,353.19,587.04
0,44.17,294.98,1943.0,1.662,3.523,1706.0,0.934,Luvisols,Granite,Forest,306.4,1208.43,3864.22
0,26.53,277.17,1462.0,0.479,8.002,1939.8,0.894,Cambisols,Schist,Scrub,6421.13,313.4,1226.29
0,20.54,119.51,5344.0,0.051,5.385,1235.5,-0.093,Cambisols,Schist,Barren,7848.28,1912.73,2185.06
0,23.5,17.88,2346.0,-3.216,7.027,1529.6,0.681,Cambisols,Shale,Forest,180.98,681.81,1352.24
0,29.21,217.51,1739.0,1.055,5.729,1529.6,0.038,Luvisols,Granite,Barren,589.13,154.47,493.17
1,32.21,175.2,1535.0,3.235,3.505,2288.3,0.43,Leptosols,Quartzite,Agriculture,652.03,3888.21,3890.99
0,51.34,120.28,4066.0,-2.484,3.733,1177.5,0.457,Leptosols,Schist,Grassland,1092.04,380.19,3939.92
0,29.31,201.0,607.0,2.132,5.723,2041.1,0.47,Cambisols,Shale,Agriculture,1873.93,32.18,3139.26
0,24.92,224.1,1457.0,-0.726,6.712,2433.2,0.471,Cambisols,Shale,Agriculture,231.96,125.99,180.03
0,5.39,235.97,427.0,-0.623,6.811,1651.8,0.561,Cambisols,Alluvium,Agriculture,171.19,478.74,17891.58
1,27.15,32.34,2888.0,0.079,6.465,2301.9,0.824,Luvisols,Schist,Forest,1605.38,1363.84,1137.72
1,32.83,84.94,1397.0,-0.813,6.834,1455.6,0.852,Regosols,Limestone,Agriculture,86.06,73.29,12567.63
0,51.03,61.35,2206.0,-5.714,7.945,1743.9,0.825,Cambisols,Shale,Scrub,632.26,817.67,150.82
0,11.81,344.16,3913.0,1.397,7.556,1312.7,-0.075,Cambisols,Gneiss,Barren,2871.11,196.87,5173.83
1,37.29,258.48,1665.0,5.436,3.583,2433.2,0.477,Luvisols,Sandstone,Scrub,215.4,2447.63,6966.87
1,41.42,192.33,2286.0,-0.093,6.413,2108.2,0.837,Cambisols,Phyllite,Forest,571.81,54.69,12264.7
0,15.09,290.5,2503.0,-1.473,5.339,1270.7,0.169,Leptosols,Quartzite,Grassland,2479.76,599.79,6711.8
0,30.99,55.92,3844.0,1.945,4.729,988.1,-0.018,Leptosols,Gneiss,Barren,306.49,2106.11,2426.2
1,27.56,23.21,1912.0,2.274,2.532,2201.8,0.599,Regosols,Shale,Agriculture,154.76,211.91,1200.93
0,15.99,134.42,1705.0,2.4,3.644,2201.8,0.619,Leptosols,,Forest,269.11,372.46,1706.18
0,27.36,196.39,2189.0,0.309,3.111,1502.9,0.678,Luvisols,Phyllite,Scrub,259.66,1325.69,1710.99
1,31.68,127.03,979.0,-5.087,8.51,2195.0,0.722,Luvisols,Conglomerate,Forest,82.63,68.42,998.16
0,4.72,165.08,371.0,-0.228,8.308,1618.8,0.737,Cambisols,Alluvium,Agriculture,229.08,172.36,25657.35
0,37.3,331.67,4139.0,2.19,3.083,1213.9,-0.374,Cambisols,Gneiss,Snow,10954.99,75.69,886.3
0,44.8,263.68,3425.0,-1.441,4.947,1514.4,0.535,Leptosols,Schist,Forest,11095.14,271.04,1292.42
0,33.23,79.71,1717.0,3.678,3.816,1706.0,0.791,Cambisols,Limestone,Forest,92.73,144.76,1292.46
0,3.99,306.04,188.0,-0.94,10.094,1879.0,0.586,Cambisols,Alluvium,Forest,304.22,43.81,9512.86
0,19.39,88.67,3156.0,0.977,6.304,1245.1,0.441,Leptosols,Gneiss,Grassland,12376.93,574.3,11045.69
0,36.12,81.69,4420.0,1.558,4.129,1302.3,0.737,Glacier,Gneiss,Forest,205.64,445.66,1858.09
0,15.24,359.36,2232.0,-1.709,6.099,1939.8,0.793,Luvisols,Phyllite,Forest,924.62,381.83,2971.99
0,52.72,317.93,2046.0,-0.773,5.961,2075.6,0.598,Regosols,Phyllite,Agriculture,757.88,752.85,1178.65
0,39.69,156.86,5438.0,3.769,2.391,1235.5,-0.106,Leptosols,Gneiss,Snow,3935.57,251.03,1196.1
0,18.86,221.6,459.0,0.031,8.66,2041.1,0.953,Luvisols,Shale,Forest,102.15,50.12,1976.17
0,7.17,246.4,196.0,0.927,5.745,1618.8,0.606,Fluvisols,Alluvium,Agriculture,10.16,50.37,8391.85
0,53.47,24.73,3566.0,2.371,4.229,1459.2,0.044,Leptosols,Gneiss,Barren,1485.8,294.08,284.26
0,17.88,296.18,1654.0,1.191,5.416,1477.7,-0.068,Regosols,Schist,Barren,207.04,468.76,2797.24
0,39.57,131.64,1841.0,-0.618,4.537,,0.771,Regosols,Quartzite,Forest,4070.17,237.77,705.47
0,26.65,171.13,1795.0,0.797,3.589,2151.2,0.534,Leptosols,Limestone,Builtup,357.02,444.34,1245.6
1,50.83,183.77,2013.0,-1.926,6.504,1964.3,0.619,Cambisols,Phyllite,Agriculture,677.02,84.85,729.17
1,28.79,201.21,2361.0,-1.359,4.573,2429.7,0.806,Cambisols,Schist,Scrub,375.84,222.83,4478.86
0,33.22,285.41,3727.0,3.578,4.823,1371.6,-0.037,Leptosols,Quartzite,Barren,1820.32,996.96,2331.79
0,26.87,22.81,3118.0,-0.687,5.417,1371.6,0.309,Cambisols,Granite,Grassland,11692.24,815.29,3998.34
0,17.53,38.5,4489.0,-0.538,7.956,1302.3,0.512,Leptosols,Granite,Forest,3722.06,235.88,2436.47
0,30.42,301.38,931.0,-0.274,6.02,1845.5,1.0,Regosols,Sandstone,Forest,1123.12,404.75,317.79
0,61.42,359.56,1957.0,-4.139,6.072,2108.2,0.576,Luvisols,Shale,Forest,904.92,16.05,5942.37
0,1.66,52.59,403.0,0.996,8.885,1618.8,0.667,Fluvisols,Alluvium,Agriculture,68.56,178.59,18825.35
0,33.0,171.56,5201.0,-0.161,7.483,1371.6,0.259,Cambisols,Schist,Grassland,32.12,15.18,1694.93
0,35.31,151.52,2703.0,2.252,4.65,1763.3,1.0,Luvisols,Granite,Forest,3927.74,343.49,1508.98
0,3.06,259.06,255.0,-0.899,7.82,1651.8,0.892,Cambisols,Alluvium,Forest,811.28,340.09,5253.72
0,39.72,150.82,3305.0,0.958,4.637,1141.7,0.357,Leptosols,Gneiss,Grassland,1557.57,56.75,6018.84
1,36.55,187.04,1474.0,2.009,3.974,2279.6,0.439,Regosols,Quartzite,Agriculture,723.92,259.3,2587.39
0,47.33,59.47,1958.0,-3.249,7.587,1777.2,0.333,Regosols,Schist,Builtup,224.05,30.06,3959.33
1,47.26,305.04,1218.0,-2.33,6.045,2075.6,0.661,Leptosols,Phyllite,Agriculture,218.93,33.99,3772.26
1,39.72,141.24,1666.0,1.847,4.197,2201.8,0.997,Regosols,Limestone,Forest,874.52,500.26,1992.97
0,57.17,44.3,3376.0,3.643,4.054,1312.7,0.074,Regosols,Schist,Barren,2817.88,16.38,253.43
0,3.64,275.89,353.0,1.398,6.844,1333.1,0.668,Fluvisols,Alluvium,Forest,309.52,18.68,5363.69
0,18.9,170.33,2600.0,3.8,5.388,1782.4,-0.025,Leptosols,Gneiss,Barren,2236.28,3955.0,5318.71
0,41.55,248.97,1969.0,-0.384,5.632,2429.7,0.938,Leptosols,Limestone,Forest,604.96,1218.53,3849.01
0,36.97,217.3,4583.0,-1.493,5.678,1312.7,0.18,Leptosols,Schist,Barren,15359.19,389.58,724.0
0,5.63,252.59,340.0,-0.851,7.711,1618.8,0.811,Cambisols,Alluvium,Agriculture,216.89,25.19,7260.83
0,38.4,219.23,1990.0,-3.078,7.452,1706.0,0.593,Leptosols,Shale,Agriculture,1372.98,132.5,9986.32
1,20.55,296.45,1284.0,-0.414,7.069,2108.3,0.224,Cambisols,Schist,Barren,592.2,620.65,11515.07
1,43.78,257.04,1098.0,1.392,3.572,2429.7,0.929,Luvisols,Limestone,Forest,758.2,700.53,8745.86
1,29.04,160.63,1395.0,0.717,5.724,1502.9,0.726,Regosols,Quartzite,Scrub,2060.27,2.16,5.24
0,19.02,63.2,2566.0,0.419,5.126,1966.5,0.795,Luvisols,Quartzite,Forest,631.09,434.87,2427.79
0,22.18,169.8,2856.0,1.873,6.189,1245.1,-0.011,Leptosols,Gneiss,Barren,3324.99,1572.99,3266.04
1,24.93,32.44,2302.0,-0.587,4.455,2279.6,0.549,Cambisols,Limestone,Grassland,387.08,1763.0,95.63
0,31.73,192.97,740.0,-0.849,6.247,2433.2,0.884,Cambisols,Sandstone,Forest,141.04,273.51,5320.3
0,37.07,294.71,1850.0,-0.998,5.01,1777.2,0.689,,Phyllite,Forest,334.43,324.0,219.86
0,15.69,275.29,660.0,2.454,5.647,2433.2,0.753,Cambisols,Shale,Forest,207.48,282.06,101.66
1,31.97,181.09,1048.0,-1.841,7.243,1492.1,0.379,Cambisols,Schist,Agriculture,48.91,518.65,335.67
1,26.79,203.24,2855.0,1.584,5.857,2279.6,0.511,Regosols,Shale,Scrub,553.25,456.05,696.75
1,30.02,351.66,1215.0,0.442,5.842,1804.3,-0.031,Luvisols,Sandstone,Builtup,121.11,563.31,68.29
0,47.25,25.81,1593.0,-4.811,7.216,1763.3,0.695,Regosols,Quartzite,Scrub,130.89,36.37,23.21
1,19.46,335.33,1170.0,0.799,5.441,2433.2,0.248,Cambisols,Sandstone,Builtup,47.6,99.96,126.8
1,34.63,355.87,1855.0,-6.056,8.351,1492.1,-0.244,Leptosols,Shale,Barren,661.08,16.09,1968.41
0,42.63,352.65,2021.0,-4.21,4.264,2151.2,1.0,Luvisols,Quartzite,Forest,1381.13,855.53,1024.86
0,19.86,248.0,2005.0,2.054,7.265,1214.1,0.86,Luvisols,Phyllite,Forest,179.6,127.95,7071.71
0,60.11,177.5,1371.0,-3.355,6.393,2201.8,0.503,Cambisols,Schist,Agriculture,515.36,73.84,1106.48
1,33.89,358.03,2020.0,1.194,6.501,1964.2,0.792,Cambisols,Shale,Scrub,416.38,39.85,194.95
0,9.92,95.83,926.0,-1.013,4.859,2331.4,1.0,Cambisols,Shale,Forest,1057.41,1465.37,2709.63
0,50.46,333.53,2451.0,4.112,3.238,1966.5,0.085,Cambisols,Quartzite,Builtup,108.03,166.14,86.44
0,44.35,330.41,4717.0,5.859,3.047,1514.4,0.09,Leptosols,Gneiss,Barren,6827.92,521.65,1666.08
1,32.7,214.16,2086.0,1.8,4.668,2151.2,0.622,Leptosols,Shale,Grassland,72.23,1038.38,4370.78
0,55.32,264.17,1578.0,-1.1,4.787,1761.1,0.593,Regosols,Phyllite,Agriculture,696.35,22.64,610.59
0,21.71,309.98,522.0,0.513,6.469,1804.3,0.649,Cambisols,Sandstone,Forest,252.72,243.12,5577.65
0,10.45,175.83,831.0,-0.543,7.923,2087.3,0.721,Cambisols,Conglomerate,Scrub,2615.19,93.21,6112.75
0,40.49,146.97,753.0,-0.029,5.992,1982.4,0.801,Cambisols,Shale,Forest,1395.34,12.43,2951.03
0,33.1,249.73,2525.0,1.147,4.279,1459.2,-0.097,Leptosols,Granite,Barren,1760.8,697.19,381.53
1,42.06,259.53,1507.0,-3.507,5.66,2200.5,0.13,Leptosols,Phyllite,Water,2752.21,1038.87,2162.72
0,28.15,264.67,1537.0,0.981,3.417,2151.2,0.646,Cambisols,Shale,Agriculture,283.3,360.88,2965.05
0,51.22,67.62,348.0,0.274,3.438,2279.6,0.808,Luvisols,Granite,Forest,1673.92,448.08,7116.13
1,25.07,79.12,1046.0,-1.154,4.898,2151.2,0.954,Cambisols,Shale,Forest,80.31,442.41,1669.01
0,32.64,102.44,2156.0,-1.022,5.537,1777.2,0.436,Regosols,Quartzite,Scrub,688.93,298.78,85.55
0,13.51,325.75,2263.0,1.215,6.374,1964.2,0.322,Cambisols,Shale,Agriculture,331.53,411.64,3105.99
0,10.5,240.72,180.0,0.213,4.972,1651.8,0.364,Cambisols,Alluvium,Agriculture,134.78,340.07,1321.36
1,30.81,193.01,1608.0,0.258,4.988,2301.9,0.819,Leptosols,Granite,Forest,134.0,1254.98,543.06
0,12.98,41.63,1044.0,-0.139,7.339,2087.3,0.948,Cambisols,Sandstone,Forest,174.44,514.25,9.72
1,29.55,31.19,1801.0,-0.067,5.377,2429.7,0.428,Regosols,Granite,Agriculture,195.68,1068.27,403.75
0,12.24,254.81,576.0,1.578,7.9,2087.3,1.0,Cambisols,Sandstone,Forest,4074.17,1123.99,446.83
0,47.1,116.15,4601.0,2.216,4.55,1177.5,0.619,Regosols,Gneiss,Forest,4448.22,351.76,9892.12
0,19.7,352.94,989.0,-2.322,5.75,1921.7,0.84,Leptosols,Quartzite,Forest,1105.95,260.25,1343.27
0,37.73,25.4,2059.0,-1.022,6.294,1706.0,0.622,Cambisols,Phyllite,Agriculture,196.45,1945.03,458.73
0,2.3,103.54,241.0,-1.444,7.754,1333.1,0.726,,,Agriculture,59.44,254.26,1963.01
0,0.66,-1.0,339.0,1.083,8.95,1618.8,0.831,Fluvisols,Sandstone,Forest,234.08,477.08,908.21
1,27.8,263.77,2113.0,-3.577,7.239,2429.7,0.837,Cambisols,Schist,Forest,32.18,31.93,925.45
0,22.57,203.77,3817.0,-3.198,6.898,1245.1,0.563,Leptosols,Gneiss,Grassland,3578.3,95.45,6889.64
1,36.32,138.71,1434.0,1.13,6.686,1954.2,0.885,Leptosols,Shale,Forest,391.72,22.45,62.95
0,19.79,18.7,1108.0,1.034,5.834,1214.1,0.752,Leptosols,Granite,Scrub,1045.26,661.49,3090.5
1,36.71,332.92,1416.0,-2.935,4.478,1939.8,0.663,Regosols,Phyllite,Scrub,629.03,435.66,5982.3
0,33.06,349.41,2977.0,-1.289,6.616,1214.1,0.632,Regosols,Schist,Forest,740.78,224.97,1247.19
0,12.88,77.17,2016.0,-2.522,6.931,1801.2,0.388,Cambisols,Shale,Agriculture,1205.41,177.68,667.08
1,28.63,91.33,1159.0,1.61,5.781,2200.5,0.712,Luvisols,Limestone,Scrub,286.38,853.67,4115.72
0,35.54,319.12,721.0,2.611,2.423,2087.3,0.979,Cambisols,Sandstone,Forest,3748.98,1017.7,1948.13
0,19.27,123.68,1744.0,-0.412,5.091,1979.2,0.634,Cambisols,Phyllite,Forest,1184.86,609.04,5402.71
0,15.78,59.41,1893.0,-0.844,5.903,1954.2,0.698,Leptosols,Limestone,Forest,1520.47,151.57,3375.64
0,62.44,152.03,1263.0,0.438,5.913,1921.7,0.474,Cambisols,Schist,Scrub,52.38,212.38,10719.5
1,19.16,210.58,2134.0,-5.013,8.299,1706.0,0.61,Cambisols,Phyllite,Agriculture,74.55,40.49,2251.35
0,16.58,151.57,1923.0,1.955,3.611,1979.2,0.768,Cambisols,Quartzite,Forest,784.84,3448.27,1038.08
0,35.88,23.14,1837.0,1.709,5.365,1777.2,1.0,Cambisols,Schist,Forest,231.93,714.64,3625.86
1,38.09,272.98,1290.0,0.574,6.987,2108.3,1.0,Cambisols,Phyllite,Forest,2278.18,41.91,805.71
0,25.61,246.15,1779.0,4.156,5.276,2288.3,0.765,Cambisols,Limestone,Forest,408.99,1339.88,2699.66
1,28.58,109.95,518.0,-5.15,6.657,1873.8,0.892,Cambisols,Sandstone,Forest,936.51,382.82,1821.72
0,16.72,87.5,471.0,-1.309,4.927,1879.0,0.669,Fluvisols,Alluvium,Agriculture,90.55,337.04,22134.03
1,31.7,332.8,1801.0,3.687,3.66,1964.3,0.294,Leptosols,Schist,Agriculture,101.83,388.47,5165.17
1,25.68,100.22,1541.0,0.255,4.155,2201.8,-0.044,Cambisols,Phyllite,Barren,3543.56,2206.16,1662.78
0,4.19,73.2,323.0,3.552,5.828,1651.8,0.281,Cambisols,Sandstone,Agriculture,175.79,794.71,7439.6
1,27.52,79.99,2343.0,0.362,6.551,1966.5,0.776,Cambisols,Phyllite,Forest,767.79,1031.35,1488.48
0,26.92,228.37,4721.0,0.723,5.158,1312.7,-0.011,Leptosols,Gneiss,Barren,2268.58,1440.37,3156.94
1,10.35,76.99,1983.0,-0.942,6.858,2075.6,0.471,Cambisols,Quartzite,Agriculture,44.51,952.8,912.49
1,26.26,323.13,1731.0,-1.421,8.398,1529.6,0.658,,Phyllite,Forest,3713.63,42.11,9323.6
1,28.71,194.35,1746.0,0.032,4.293,1812.7,0.402,Leptosols,Shale,Agriculture,214.37,1095.61,184.12
1,29.26,133.03,941.0,-1.991,8.21,2108.3,0.922,Leptosols,Quartzite,Forest,2077.6,490.17,1143.42
0,38.39,355.13,2331.0,0.21,4.739,1706.0,0.457,Cambisols,Quartzite,Agriculture,342.94,438.41,1190.27
0,7.78,21.28,2043.0,-0.201,9.014,1761.1,0.493,Leptosols,Quartzite,Agriculture,796.48,93.65,2660.74
1,34.99,164.67,2020.0,0.875,5.304,2108.3,0.481,Leptosols,Phyllite,Forest,4269.16,846.68,3022.0
0,28.94,78.0,1313.0,1.164,4.359,2238.0,0.758,Regosols,Sandstone,Forest,334.76,772.79,3144.67
1,31.94,191.5,2135.0,-2.065,7.001,2200.5,0.904,Leptosols,Limestone,Forest,1378.36,23.7,634.14
0,25.81,311.8,656.0,0.489,5.222,1873.8,0.813,Cambisols,Shale,Forest,488.1,90.25,239.39
1,29.0,196.25,1587.0,-1.513,5.27,2279.6,0.656,Luvisols,Schist,Agriculture,45.61,47.34,826.76
0,35.28,171.2,3641.0,-0.753,4.887,,-0.039,Cambisols,Gneiss,Barren,200.1,525.46,6580.63
1,39.23,179.07,1249.0,-0.828,5.204,2288.3,0.737,Cambisols,,Forest,110.24,201.21,8163.41
0,19.99,340.97,2083.0,0.056,6.443,2429.7,0.979,Regosols,Shale,Forest,111.69,377.43,4107.72
1,31.69,194.79,1315.0,-7.019,7.607,1979.2,0.796,Regosols,Limestone,Scrub,2252.1,230.58,695.99
1,9.08,194.55,1230.0,0.284,8.652,2433.2,1.0,Regosols,Conglomerate,Forest,176.03,77.27,286.27
0,37.39,354.44,2680.0,-0.104,5.884,1782.4,0.139,Cambisols,,Grassland,2071.1,160.12,516.11
0,15.92,251.91,1550.0,0.505,5.659,2279.6,0.646,Leptosols,Phyllite,Agriculture,81.28,178.86,3983.41
0,25.07,294.43,908.0,0.413,6.805,1982.4,0.825,,Shale,Forest,525.01,298.28,1316.76
1,9.57,36.14,570.0,-0.114,5.096,2345.3,0.764,Cambisols,Sandstone,Agriculture,1427.3,711.7,789.24
0,47.56,220.05,4028.0,0.84,4.832,1141.7,-0.327,Leptosols,Granite,Snow,8848.54,95.93,9204.82
1,34.19,223.65,1605.0,2.001,5.109,2288.3,0.746,Cambisols,Shale,Scrub,190.59,748.1,5153.7
0,24.76,16.59,2372.0,3.897,6.078,1939.8,0.567,Cambisols,Phyllite,Grassland,2037.89,304.51,5654.06
0,19.46,342.43,1456.0,-1.885,7.76,1964.2,0.781,Cambisols,Phyllite,Forest,676.96,311.34,1369.74
1,30.28,189.92,2125.0,-3.544,8.855,2288.3,0.878,Regosols,Phyllite,Forest,730.86,101.33,3120.92
0,14.49,99.22,4045.0,-1.958,5.41,988.1,-0.098,Leptosols,Schist,Barren,5651.12,97.66,2246.98
0,29.0,50.45,462.0,1.035,5.592,1801.2,0.572,Leptosols,Phyllite,Agriculture,1066.51,427.53,1477.26
0,62.75,39.88,1295.0,-1.156,2.719,1214.1,0.868,Regosols,Granite,Forest,1187.39,1097.1,1713.22
0,11.36,314.75,219.0,0.518,3.817,,0.645,Fluvisols,Alluvium,Forest,1206.27,1335.05,14056.35
0,46.14,178.84,1932.0,2.53,2.01,1214.1,0.719,Cambisols,Limestone,Forest,880.82,1570.68,6313.58
0,20.97,106.12,3554.0,-0.659,5.634,1245.1,-0.094,Leptosols,Gneiss,Barren,3112.3,363.98,1457.14
1,34.5,71.75,1387.0,2.778,5.573,1921.7,0.86,Regosols,Shale,Forest,781.34,41.91,3145.69
1,27.65,249.19,1440.0,-2.616,7.37,1966.5,0.802,Cambisols,Quartzite,Scrub,1039.96,44.18,123.47
0,27.31,52.06,4147.0,-4.417,8.498,1429.8,0.51,Leptosols,Schist,Grassland,11141.18,30.59,3510.48
0,5.71,314.9,1171.0,0.377,8.611,1809.4,0.893,Cambisols,Sandstone,Forest,73.79,1210.7,429.66
0,28.33,111.32,2228.0,-1.97,4.193,1492.1,0.397,Cambisols,Phyllite,Agriculture,510.22,415.59,6926.71
0,2.06,76.87,232.0,2.13,6.455,1348.6,0.227,Fluvisols,Alluvium,Builtup,152.76,749.72,6130.55
0,2.17,191.62,449.0,-0.811,9.426,1879.0,0.515,Fluvisols,Alluvium,Agriculture,220.84,134.14,7508.8
0,38.67,141.95,1786.0,-0.013,4.949,1502.9,0.791,Luvisols,Shale,Scrub,46.97,1788.99,4230.44
0,48.93,359.05,1604.0,1.323,3.083,1214.1,0.337,Leptosols,Schist,Builtup,880.9,434.56,353.85
0,10.6,283.13,3623.0,-0.586,4.531,1213.9,0.597,Leptosols,Gneiss,Forest,7352.54,479.36,1829.84
0,23.82,32.66,2519.0,0.148,6.476,1177.5,0.402,Leptosols,Gneiss,Grassland,11985.07,1149.54,94.52
0,20.03,175.51,5202.0,0.218,8.251,1031.6,-0.075,Glacier,Schist,Barren,379.65,129.21,120.04
0,9.39,226.29,180.0,-0.052,9.508,2345.3,0.724,Cambisols,Sandstone,Agriculture,857.36,44.16,524.85
0,29.12,290.47,948.0,2.882,4.377,2200.5,0.74,Leptosols,Schist,Forest,13.55,274.18,9272.22
1,48.63,206.06,1818.0,-2.94,6.306,1706.0,0.508,Cambisols,Phyllite,Agriculture,87.46,178.59,6083.47
0,30.82,284.5,1977.0,0.792,4.368,2279.6,0.86,Cambisols,Schist,Forest,632.42,270.02,1512.14
0,4.12,192.51,508.0,0.544,6.331,1333.1,0.496,Fluvisols,Alluvium,Agriculture,164.21,428.37,21758.97
1,34.5,102.69,2199.0,-1.845,7.364,2301.9,0.565,Regosols,Limestone,Grassland,1506.21,1.41,1006.89
0,43.9,104.46,2629.0,-2.3,6.342,2108.2,0.444,Cambisols,Phyllite,Builtup,46.58,209.84,485.81
0,30.51,263.15,964.0,0.37,2.765,2345.3,0.896,Cambisols,Conglomerate,Forest,41.2,356.68,2940.36
0,22.14,21.51,2589.0,-0.732,6.184,1141.7,0.545,Leptosols,Gneiss,Forest,61.06,703.39,396.94
0,11.95,201.22,3005.0,0.188,6.94,1964.3,0.762,Leptosols,Granite,Forest,378.29,175.85,167.45
0,43.83,63.87,3784.0,2.059,3.692,1141.7,0.081,Leptosols,Quartzite,Barren,18967.67,440.25,8344.46
1,28.98,9.2,958.0,0.414,3.783,2345.3,0.749,Regosols,Conglomerate,Forest,57.39,509.29,1418.26
0,58.23,153.84,2279.0,1.977,4.981,1132.9,0.238,Cambisols,Gneiss,Barren,9448.8,443.47,8980.48
0,21.59,131.05,2301.0,-0.65,5.399,1514.4,0.777,Regosols,Schist,Grassland,4735.02,242.04,3991.87
0,22.35,34.1,2392.0,-1.913,8.223,1213.9,-0.036,Leptosols,Gneiss,Barren,7094.98,181.26,7519.14
0,15.82,84.74,1705.0,-1.864,4.865,1964.3,0.441,Cambisols,Granite,Agriculture,380.75,386.62,6173.89
0,22.68,263.03,1512.0,-2.141,4.589,1966.5,0.802,Regosols,Quartzite,Forest,2572.28,655.35,7672.14
1,17.06,179.98,1706.0,-0.194,5.888,1964.2,0.577,Leptosols,Shale,Scrub,388.14,120.85,1132.57
0,33.17,24.55,2716.0,-0.98,4.64,1939.8,0.761,Leptosols,Quartzite,Forest,426.63,40.11,10840.66
0,38.66,108.26,2888.0,1.728,5.967,1939.8,0.768,Regosols,Quartzite,Forest,1133.53,244.92,653.66
0,11.4,281.78,4900.0,-3.018,7.492,1141.7,0.756,Leptosols,Schist,Forest,12995.97,14.83,8478.22
1,24.71,273.14,1790.0,-1.519,6.214,1761.1,0.571,,Limestone,Scrub,856.95,345.54,45.41
0,48.7,253.77,649.0,-2.454,7.265,1809.4,0.826,Cambisols,Sandstone,Forest,3338.22,316.23,1231.76
1,27.3,283.29,900.0,-1.695,6.521,2108.2,0.78,,Granite,Scrub,34.91,41.76,1172.46
0,1.62,289.81,220.0,1.341,7.336,1348.6,0.508,Fluvisols,Alluvium,Agriculture,410.05,755.63,19251.27
0,10.44,163.48,266.0,0.483,6.142,1432.6,0.863,Cambisols,Alluvium,Forest,83.47,952.88,1580.81
0,8.26,131.87,1167.0,-1.859,10.214,2331.4,0.836,Cambisols,Sandstone,Forest,1536.02,115.37,1246.1
0,8.88,231.13,298.0,0.597,5.88,1299.0,0.664,Cambisols,Alluvium,Forest,42.2,1325.47,3340.77
1,30.72,65.6,1749.0,0.154,7.297,2288.3,0.799,Leptosols,Quartzite,Scrub,326.81,594.55,1457.24
1,30.98,184.12,1718.0,-0.277,4.991,1954.2,0.653,Cambisols,Granite,Forest,2096.93,433.33,1448.45
0,27.81,264.35,756.0,0.168,4.857,1845.5,0.573,Regosols,Conglomerate,Scrub,1034.89,257.71,2567.64
1,16.78,31.08,656.0,1.069,6.556,2345.3,0.435,Cambisols,Sandstone,Agriculture,21.51,698.7,22.34
0,38.14,132.2,4363.0,-3.085,6.69,1371.6,-0.101,Leptosols,Schist,Barren,4904.52,64.12,5026.49
1,30.67,177.13,622.0,-1.567,6.655,2238.0,1.0,Luvisols,Shale,Forest,343.11,22.92,2740.71
0,17.37,251.18,2657.0,3.011,7.35,2108.2,0.768,Cambisols,Quartzite,Forest,369.28,310.17,2016.86
1,40.31,117.04,1504.0,-3.847,6.628,2288.3,0.514,Regosols,Schist,Agriculture,201.18,183.85,7233.13
1,27.16,56.86,1596.0,-1.117,6.747,2075.6,0.712,Regosols,Shale,Agriculture,145.26,83.0,3213.15
0,5.22,136.68,325.0,1.432,6.847,1432.6,0.42,Fluvisols,Alluvium,Agriculture,179.5,270.93,4761.69
1,35.42,342.87,1701.0,-0.796,4.208,1921.7,0.375,Regosols,Schist,Agriculture,189.1,512.19,5892.75
0,25.37,176.99,2208.0,1.068,4.782,1812.7,0.764,Cambisols,Schist,Forest,2358.92,196.63,745.55
0,33.2,292.95,4051.0,-1.354,6.191,1310.2,0.434,Glacier,Granite,Forest,2839.67,30.13,9173.38
0,13.57,108.3,875.0,-0.443,5.93,2345.3,0.981,Cambisols,Shale,Forest,759.51,278.58,3949.85
0,19.56,301.16,2625.0,-0.396,8.619,988.1,-0.039,Leptosols,Quartzite,Barren,806.65,15.36,17546.35
0,17.8,97.93,2034.0,2.947,5.1,1966.5,0.509,Cambisols,Quartzite,Grassland,589.94,493.6,2555.24
0,2.55,158.94,377.0,1.239,8.701,1299.0,0.801,Fluvisols,Alluvium,Forest,51.13,69.23,3625.49
1,34.3,328.98,1593.0,-2.161,6.737,1680.2,0.09,Cambisols,Quartzite,Barren,127.85,142.01,5400.93
0,13.47,87.65,762.0,2.966,3.606,2345.3,0.534,Cambisols,Sandstone,Agriculture,414.96,1327.93,583.27
0,0.33,-1.0,373.0,1.217,9.461,1333.1,0.781,Fluvisols,Alluvium,Forest,158.2,17.62,4700.98
1,27.69,111.29,1927.0,1.314,4.583,2279.6,0.802,Regosols,Phyllite,Scrub,91.95,234.14,1218.23
0,58.67,290.61,1121.0,1.335,7.005,2151.2,0.615,Cambisols,Quartzite,Forest,542.26,69.88,2814.33
0,20.82,315.55,2235.0,1.588,5.805,1966.5,0.915,Regosols,Granite,Forest,1546.01,110.14,197.71
0,25.1,346.44,861.0,-1.417,6.548,2041.1,0.657,Cambisols,Conglomerate,Agriculture,767.64,237.28,464.51
0,25.82,54.59,1897.0,0.142,5.889,1214.1,0.714,Leptosols,Limestone,Forest,462.84,1506.04,4705.84
0,22.85,212.26,1721.0,0.778,5.943,2108.2,0.658,Regosols,Schist,Forest,171.08,817.93,4442.31
1,35.43,232.52,1430.0,-1.935,5.435,1921.7,0.732,Regosols,Granite,Scrub,2321.55,30.86,1517.34
0,15.44,103.21,1427.0,-0.083,6.956,1939.8,0.69,Cambisols,Granite,Forest,3755.3,938.93,3860.44
1,31.13,204.83,1511.0,0.77,6.11,,0.668,Cambisols,Schist,Scrub,847.08,1170.8,3870.15
0,47.55,277.67,3389.0,-2.09,5.655,1102.0,-0.252,Cambisols,Gneiss,Barren,23.05,92.22,16519.03
0,6.52,197.46,319.0,0.377,8.058,1299.0,0.783,Cambisols,Alluvium,Forest,16.4,1181.91,11857.7
0,28.66,193.57,2387.0,-0.992,6.746,1312.7,0.2,Leptosols,Schist,Barren,8677.53,118.18,24016.59
1,29.75,350.73,1272.0,2.311,7.15,2429.7,0.958,Luvisols,Shale,Forest,211.65,72.13,2267.94
1,33.62,344.88,1458.0,-2.374,5.632,2429.7,0.546,Leptosols,Phyllite,Grassland,1680.56,383.97,7838.49
0,37.77,164.8,3694.0,1.164,4.711,1235.5,0.156,Cambisols,Schist,Barren,10913.32,150.72,22792.34
1,31.69,178.02,2050.0,-4.443,6.34,1680.2,0.867,Luvisols,Quartzite,Forest,21.2,55.95,4353.21
0,14.44,207.67,4672.0,0.066,5.368,1310.2,-0.075,Leptosols,Schist,Barren,24140.24,337.55,11482.99
0,15.59,46.34,1495.0,-1.482,7.469,1761.1,0.951,Luvisols,Shale,Forest,894.73,23.39,2214.68
